polygon_id,Class,centroid_x,centroid_y,area_m2
0,10,777107.5412020421,4544532.089859856,773.5986069246163
1,10,783925.0599632025,4559500.389507219,873.6567977502386
2,10,783643.5913496852,4559562.467904434,866.2616842220797
3,10,783491.6791755517,4559672.988743858,1434.6706530291788
4,10,782523.2518511642,4559338.296415543,3254.2492276707844
5,10,780639.9507568871,4555883.398308218,1620.9544755262616
6,10,780272.7749798376,4555791.268662851,768.7909897714709
7,10,778997.2364715539,4555651.445861912,1055.6310198003034
8,10,779506.7551008186,4555912.303775372,2172.0919606093075
9,10,779897.6285062669,4556271.917588107,1491.347139619307
10,10,780529.2077745118,4556452.890771767,1340.0840810144527
11,10,778006.399136181,4544417.49366971,282.56816280901455
12,10,777740.1910098875,4544450.849259212,497.53197832561204
13,10,783219.6809972406,4557363.875416192,512.5993834243163
14,10,780931.292647777,4557516.006458578,2478.730254336757
15,10,782486.0815460758,4556427.1849142285,2587.309120340045
16,10,784482.1700255002,4557017.252537539,2931.6916387542606
17,10,789180.8540501819,4557424.148089092,2037.9201345743782
18,10,789612.2373246382,4557426.635236059,828.1043333448958
19,10,790351.5015408582,4557552.9694023235,1312.3038571377456
20,10,790165.1169383947,4557315.033135806,2729.6475797578614
21,10,790184.4141043054,4556757.216464243,683.6903804925902
22,10,790504.0216771626,4556455.253518483,1996.2432223076041
23,10,792272.2748625485,4555874.5402509915,1329.9611738910748
24,10,793281.0128069894,4555240.959146435,802.1892935145443
25,10,794211.122942154,4553734.87834866,2698.8945210858174
26,10,778789.6569056797,4552502.735081949,251.05501146464894
27,10,782973.8571587215,4541828.8831934035,569.8086667026048
28,10,780627.8980833568,4542485.305123157,2121.5963532356386
29,10,778805.0127872269,4542726.90736403,1908.2854234403007
30,10,778771.3279193321,4543208.242915067,2099.6801701542736
31,10,822436.5514473234,4496380.220428362,381.5257512608245
32,10,823235.0174779494,4495998.44696571,2339.676628314204
33,10,825642.9592106353,4496168.2688403195,806.1607809494924
34,10,776283.7611451435,4544865.070676896,839.39133622467
35,10,775770.6571209199,4544887.616458244,1038.6996758469063
36,10,774644.84392504,4545718.846791559,1512.8539135103222
37,10,774520.5387532217,4546317.74897311,1401.5832400977092
38,10,775812.1265424057,4553128.73304287,4259.801366195273
39,10,795677.0632799492,4552397.292187926,1631.6991414984818
40,10,779830.5815520089,4552631.635241764,966.4742352838887
41,10,780591.1686689493,4552516.570913364,1367.2181833196032
42,10,781282.6322643538,4552801.308133701,1385.8328146127433
43,10,783684.0306595828,4554139.7845475525,1421.4780309755783
44,10,784399.5488197168,4554249.5540470425,1119.9799104167382
45,10,785889.7826361028,4554807.959087268,1277.5570634618841
46,10,785898.689210629,4555525.979657288,757.8234049521941
47,10,791227.7454360634,4538795.60372076,782.9775024585572
48,10,790767.8235864983,4539634.203375147,1356.8298614297764
49,10,789287.6229581209,4541192.558707448,980.4133376180073
50,10,784002.8894965263,4556322.250945815,453.50390815859896
51,10,783991.8023994158,4556455.792187244,767.3875212797509
52,10,777181.8707594145,4546347.026502688,454.5587891548892
53,10,781589.7232189025,4539674.980118127,810.2481905429113
54,10,781193.7276684396,4539717.566405614,810.0230427909845
55,10,780175.9604251891,4539602.248709774,1819.98411789405
56,10,779770.6573691115,4539192.857933521,1756.4778568364845
57,10,778388.8911316247,4538674.490089055,821.5680440302257
58,10,776891.3142118586,4539026.813038906,1018.5847802961001
59,10,796911.754356855,4552159.157436552,2286.9213034896475
60,10,797476.2264139816,4551993.1661269255,530.4336576623494
61,10,798384.5168650338,4550672.031954417,1880.1885192742059
62,10,775102.2168139585,4541151.937473995,818.5245686038052
63,10,775842.2594390217,4542613.932603631,1183.1937859133152
64,10,776771.4569726499,4543350.915454037,860.3927989673927
65,10,782439.2196610367,4540122.715465675,1343.639126047341
66,10,776116.4267699842,4546538.548014709,2463.391918859602
67,10,775886.98347513,4547795.023015113,1172.4928914783218
68,10,774857.4482536354,4549245.106245558,548.1581758070735
69,10,773961.9274851758,4550448.851932106,1792.4158200303214
70,10,773753.6541402657,4553380.614396348,1960.2043666464085
71,10,775258.002650555,4552149.87147883,1718.937482262856
72,10,775567.9055781993,4552056.3013505945,1807.9982245277104
73,10,778313.0952783653,4552479.676120343,1123.1143306683507
74,10,778705.8116629628,4552365.826178046,1208.9098608285678
75,10,789614.8083424091,4544508.667700578,1997.414715796711
76,10,789222.4325583602,4544583.991659037,1665.9248662164146
77,10,788360.0329103516,4544424.946493253,1712.2831612765283
78,10,791167.1668848384,4545921.153147169,763.3741724720669
79,10,786078.8565358155,4556403.92432018,620.0306623030845
80,10,785779.6816577661,4556657.489054918,776.2658507195326
81,10,784753.6681928855,4556488.700295051,642.010572527618
82,10,797969.5280225821,4550207.196212792,1889.7545007198773
83,10,797041.1675325083,4549755.440098113,2975.0732963503724
84,10,795810.9091250419,4548291.169411145,1552.6211914879182
85,10,795540.0134112003,4547445.008707336,2653.065408260903
86,10,794454.5241402786,4547020.669024555,1871.178669099909
87,10,794088.6342237964,4546640.537246148,1511.3158314231482
88,10,792601.0258938079,4546488.798724407,6069.038609951678
89,10,792412.635635598,4546181.73368743,1011.0838837041866
90,10,791937.622210316,4545916.736184137,1802.743538708827
91,10,782747.5943226557,4541609.510206257,762.5801678272287
92,10,790669.1948657228,4545591.768329685,1816.9268035191885
93,10,790493.6197479034,4544926.411133227,3447.647129619214
94,10,790121.782399425,4544733.889835507,1325.2242567487665
95,10,781193.2720680262,4557144.3494224595,965.2689845097611
96,10,781791.9931064261,4557376.682784755,1026.4381702951978
97,10,781583.4690511057,4557616.80960199,1407.0965521445492
98,10,787445.1938414683,4543865.24138368,2039.1196643745643
99,10,787095.1164784334,4544004.813251492,1710.7150558529204
100,10,785646.8691453902,4544043.486199305,807.973817975799
101,10,785252.0164286462,4544160.976966163,700.6380315974644
102,10,784818.9048663919,4543983.736425477,3128.768014296082
103,10,784532.5953486647,4543068.554488158,749.2956294777464
104,10,824200.256933812,4496137.449358803,1314.4113890089052
105,10,789120.6124113566,4506413.790881682,1340.9921021605414
106,10,789870.3009724761,4506647.823782698,2158.6562541372436
107,10,797051.8912859799,4511094.545434328,1115.3420933619004
108,10,796913.0299765337,4511920.957638785,805.873769956039
109,10,797301.2354596824,4512020.053189433,1275.5814296265605
110,10,827839.4894094729,4498866.053522535,556.6597911893335
111,10,827710.8616712666,4498664.809100758,598.6585462210527
112,10,827078.4888551178,4497214.057651276,1551.4626863618878
113,10,826682.5265989276,4497186.092788754,473.29277851065706
114,10,825278.675010522,4496566.038153472,1274.7839560621742
115,10,824753.058258414,4496340.720756173,794.7570432248962
116,10,825536.8716325462,4496399.615659351,1323.8347929337608
117,10,789379.1693508981,4506503.680151512,1341.8622552835739
118,10,824098.3894755278,4496872.708025493,5428.093320567486
119,10,821664.0396053275,4497459.6317126695,882.5641066680384
120,10,821400.1576758316,4497917.835366028,1829.9357313334806
121,10,820126.7419064973,4497681.50303147,2318.5649199737827
122,10,819129.9288495125,4497892.2232381655,1333.541182670111
123,10,788550.2035490216,4505992.437960637,1159.2385430421439
124,10,789343.655520654,4505553.252829815,557.1651925394185
125,10,789826.6645602715,4505432.625418364,1945.2963477184337
126,10,816265.406233071,4500003.339794303,636.9455734490265
127,10,815312.2957900134,4500157.240467141,1528.2862162682634
128,10,814087.4321276366,4499752.137154333,727.8997357896096
129,10,813793.3012020022,4499667.062124587,1203.3730521189618
130,10,792311.6643674783,4506177.724008525,2261.524066352645
131,10,800157.6013345629,4511301.1823599655,1876.6424596277684
132,10,799704.5438972051,4511418.823587517,1322.090239184991
133,10,799194.1263930833,4511232.00678876,1435.5874721956666
134,10,798942.0551718902,4512044.062606086,2042.6064697119098
135,10,788813.8438523662,4510523.166262804,909.1289826246473
136,10,788696.8959642182,4509680.631701859,1729.5305125709033
137,10,788560.557809239,4508911.6463030875,878.0961455292124
138,10,787961.8415708409,4508457.055191031,1473.1714088862973
139,10,788210.8159471174,4508221.898186848,1631.9607838813122
140,10,788653.1571388701,4508411.0537588345,603.1933350938075
141,10,790337.7613891421,4507503.85908107,390.7289505271204
142,10,789045.9498876951,4505687.380568785,1607.081132254054
143,10,813533.8477389616,4499739.335456778,560.025481749135
144,10,787935.9326614835,4511231.329144061,978.5733714805745
145,10,789930.6339641861,4511104.721944658,1865.9322574453154
146,10,790952.6218782103,4505759.49720038,3299.8636628410377
147,10,790911.0060041131,4504948.08417708,583.8265023254603
148,10,790742.7352902392,4504132.866371524,1312.853123519586
149,10,793869.0709431362,4503875.056431957,1752.5546140073761
150,10,795293.5112708226,4504916.33187295,757.0782801466652
151,10,792344.9234641857,4504652.318957602,1039.6689473396998
152,10,791386.6369584376,4505050.26374587,654.4354413341096
153,10,790930.3999234558,4505225.13348151,1985.420073564189
154,10,790517.1907846417,4505858.833795571,338.54261312604393
155,10,789943.8026430593,4506178.703017918,1863.1070645424422
156,10,813911.98156518,4500307.714035509,1334.1357476460644
157,10,816583.5769659396,4500266.8411062425,411.9882136251429
158,10,824705.2024789003,4496671.9248434855,2679.9869598398964
159,10,825217.261611635,4496999.856738699,2084.3626678797114
160,10,825339.0004399625,4497428.319901761,1482.6497745206188
161,10,824907.488156707,4497536.9978544945,1619.1477901660107
162,10,823837.7169561404,4498014.934809701,1796.5507388623314
163,10,823400.3229499273,4498678.735423768,261.03962325085615
164,10,823157.9726527396,4498935.590995886,1034.3334427467973
165,10,821538.4365302932,4500639.087635224,413.1830315053145
166,10,821056.6283630901,4500477.0713058915,905.5033771659794
167,10,818868.8715845203,4500619.796430907,586.6014528391001
168,10,816175.4389431416,4500829.389040235,2631.8562814649
169,10,818260.5301345788,4498836.169644137,1481.0894576283936
170,10,812169.5904742572,4498976.772814639,1269.7766258977783
171,10,822673.5916265396,4500463.631271273,925.0468595861608
172,10,822747.9905543673,4500631.854827384,1109.5353318076923
173,10,823108.6512604686,4500499.537095141,781.7070298783995
174,10,788644.5200962074,4542205.736672685,715.0173636144998
175,10,787551.5804866194,4542030.172752211,939.2745440543963
176,10,786469.6866439118,4542205.86210498,870.5730364902571
177,10,786241.7027565348,4542111.883678868,435.21711644405536
178,10,786159.6092175804,4541929.306700442,461.73571785588274
179,10,785635.2837271923,4541923.3641363075,457.38346736374365
180,10,784681.9708748695,4542121.84594469,1857.349464893287
181,10,783325.5623154518,4542038.757888587,1594.9437382074832
182,10,824330.0661668143,4498283.582122967,1499.363225603949
183,10,814250.2146145192,4499135.688551396,795.4495560953537
184,10,814930.474567715,4499360.110516133,1709.5286595928642
185,10,815443.4730275327,4499184.051109501,1545.850911720542
186,10,816644.9407185917,4498469.7212051805,1735.514659771115
187,10,817314.1507082382,4499276.049384096,950.7516422517896
188,10,817491.2806198904,4499607.476507902,1664.4215722316558
189,10,818643.1769580612,4499938.913548644,880.3698792475815
190,10,820957.6498857933,4499480.173575738,1246.819338613153
191,10,827339.6387861003,4499475.242807824,540.9413489006711
192,10,828432.5621382322,4499266.792698596,919.2567154168107
193,10,828188.3931749152,4498945.74325711,318.95082102950863
194,10,822783.9887864529,4500129.701781775,720.3402424171671
195,10,784942.1602420523,4551268.128068358,866.6732857598747
196,10,824829.3703370396,4498247.292633199,1173.4830496915636
197,10,824619.936968953,4497763.580547697,1420.9783496316952
198,10,824203.9304394474,4496998.376235867,1420.6943679542899
199,10,823780.1529024446,4496527.953774078,505.0237716174728
200,10,819053.933123481,4493352.491714374,1150.8342146992525
201,10,819497.9965543838,4494699.272198915,511.9853668753173
202,10,819094.4418877672,4494731.047698616,1950.3612949197852
203,10,820075.6560548188,4495542.302491278,1967.101284598
204,10,820809.644670518,4496411.252541407,1475.800362702858
205,10,821181.0101915813,4496669.06882123,904.944143295408
206,10,821432.0677484573,4496358.435165303,2105.872718207724
207,10,819224.1976631221,4498320.187475015,1199.4815451019717
208,10,808199.0741446445,4501854.205043213,3099.7963144482055
209,10,778258.89533457,4555341.993714138,1259.336900585954
210,10,777779.5981852559,4556073.167211865,976.7665253148775
211,10,778589.2512705546,4556557.68973599,1141.472853597478
212,10,779095.7574381036,4557238.619788724,1284.827842982323
213,10,780043.8939047076,4558982.661108213,1644.2079421929222
214,10,779396.7440870226,4559743.556319428,537.2837297473336
215,10,779595.9633825528,4559683.3077969495,648.4188885423249
216,10,779813.9089677011,4559609.541541948,601.7941606429563
217,10,779902.8729771707,4560123.137632341,901.6146233733893
218,10,779755.4567771425,4560516.866187376,3295.1219640341396
219,10,803155.2367276254,4505909.766341128,3937.878007967287
220,10,805509.4367170698,4502183.594236663,4623.357223425724
221,10,777157.9926595966,4554039.512325252,1453.381891363598
222,10,807275.5964048262,4496400.978817306,1027.5947496330996
223,10,809606.2340546373,4498471.763429024,884.5555076379479
224,10,810375.4242516832,4499333.703709674,436.17758894263125
225,10,810208.9137024936,4499810.8614598485,657.2408155052279
226,10,809582.190419515,4500655.158061543,200.14998829163773
227,10,824412.6598200001,4537484.667663694,3205.8686228129195
228,10,828032.6342228951,4512738.3258003,1795.9506039930761
229,10,825049.668238003,4515724.567844969,374.10871422906393
230,10,828949.183217887,4512887.2933929125,1202.768447735023
231,10,828667.0323444818,4512660.676265332,1083.2386664143148
232,10,826525.7125316702,4512688.15698486,910.0363063196714
233,10,824627.572779697,4512532.952941636,94.79207950252543
234,10,775584.189363095,4549341.945027959,1626.4746411067958
235,10,799205.2845826539,4506104.290857454,2299.1042160178795
236,10,800297.1203497672,4505613.317887396,847.7760406014812
237,10,801123.765682031,4505977.294107186,1522.130207476126
238,10,801822.1489961749,4505835.523288699,3665.507818318332
239,10,809317.1025499535,4494693.563851387,939.3559398374183
240,10,805523.5925121864,4493643.829043962,1508.2700591250123
241,10,806972.5680670212,4495185.445865498,5176.916706247354
242,10,809462.1628509297,4497157.382838577,1185.6010589648624
243,10,810496.7220238757,4497281.320425771,1097.9105900299037
244,10,811377.3435201566,4497615.792404902,1506.3098907492808
245,10,811999.7583005393,4498482.702369493,5597.248231220926
246,10,776470.3362829974,4547838.005501297,1537.568133038611
247,10,779873.7299835876,4560738.563894376,5868.81648204372
248,10,776298.2801622984,4549327.137358318,863.4930432559853
249,10,775029.1043196336,4550215.726192535,827.5096718262629
250,10,775300.5205822109,4550209.768697958,739.610278708572
251,10,774699.7685233332,4552151.773707529,393.7796168184884
252,10,774587.303036428,4552312.445459089,934.1675729535128
253,10,773277.0423994594,4552709.991166261,1364.936718290347
254,10,773030.1425103868,4552643.221119782,1494.532084858803
255,10,786060.5976443128,4505838.950276575,2970.8582057942867
256,10,788021.2631478906,4507617.04591329,900.5499969511807
257,10,789065.6198763376,4507626.418220644,3135.060759398806
258,10,776992.2115018853,4553147.277706239,1699.1056817837016
259,10,777330.7200107211,4553801.0574962795,1000.2985214265188
260,10,828773.4472243051,4512777.703218454,1598.5772767743026
261,10,804976.4436904362,4532629.2318382235,521.6329997416567
262,10,806046.5056090724,4531711.228921161,156.14000777222338
263,10,809130.1847663654,4524309.796423257,188.35152873809596
264,10,812990.6229336831,4523746.833053418,153.97150270343533
265,10,813308.2084737701,4523867.547565309,208.16805102466503
266,10,826432.1494377779,4516436.418173609,1168.0748658754908
267,10,811665.2987986709,4501601.718722514,1355.4607012090937
268,10,803338.8349804456,4502368.147744191,568.7824041406632
269,10,804990.5636752623,4501976.686491879,1634.754011612456
270,10,805849.4370472091,4501638.05613647,3377.6866426083147
271,10,808015.2579163257,4500755.05703023,2266.7179960093317
272,10,828988.6931659287,4511535.391926382,3137.654403189603
273,10,803660.5881871349,4536835.335419108,708.8284415349257
274,10,822804.5774277449,4508377.443934902,1736.795199395198
275,10,823324.3716101595,4508830.280952755,1537.8910310177487
276,10,823196.7422783325,4509344.903749654,1580.8955767713683
277,10,792773.2576686463,4556126.69478681,259.52352460844463
278,10,796768.3966960162,4556623.401177438,186.618198651365
279,10,796775.0982634315,4555643.370734107,229.16707408900376
280,10,812442.1487852827,4506922.8860496385,131.4425122578639
281,10,812273.7428863887,4505703.196586816,523.9413202429544
282,10,811872.0616808209,4505530.388726102,339.12479173394064
283,10,813600.019135162,4497383.133397537,775.2749445618233
284,10,823030.464027623,4515572.600582694,73.57101774610337
285,10,816571.4753759677,4517965.065366491,199.05542644384488
286,10,824906.7511238398,4538416.610692112,5561.425889720298
287,10,773086.382244725,4552354.499171022,1187.1620328450385
288,10,774038.8916080765,4551791.809753144,1750.4372484067703
289,10,776004.8876889901,4552818.133115498,2207.626989478693
290,10,822806.0568114513,4515980.320586232,530.2893336057219
291,10,822100.0890518555,4516893.641991348,1351.2366237860053
292,10,823968.954728186,4542063.413409699,1801.6635742231783
293,10,823737.5783955574,4542319.819283906,1611.2062059654868
294,10,819999.3031002686,4544304.674165528,201.31399855157477
295,10,820318.2462674722,4549186.322465989,10701.140357558348
296,10,819460.008610086,4551713.88647361,25675.06530550905
297,10,816851.8983201319,4525458.415746578,2258.825676427749
298,10,824701.070100563,4537228.022645437,8042.811519948373
299,10,799727.9757145238,4507238.620619841,3537.992718003299
300,10,824478.2860911938,4540763.150691642,732.9755120373176
301,10,824442.636567526,4540872.050099468,2043.2825994143338
302,10,823209.2421881699,4542487.451994931,592.4819638237055
303,10,819973.6451822517,4551012.296023427,15172.071459434283
304,10,804729.4741512205,4539304.144142972,505.41390128817324
305,10,804753.0769166901,4538068.343070143,965.9306971797273
306,10,808871.3388170819,4497638.272556902,42.14692924548807
307,10,802818.1175619408,4549661.905133794,9517.445339660286
308,10,804741.1652239737,4539400.073903629,628.0087399733305
309,10,810767.9227841578,4523606.87912386,736.6870758421483
310,10,802277.0981879144,4543104.32576335,116.40344676666884
311,10,802942.4604533334,4542616.2374202795,407.29596286944275
312,10,821942.8371519,4521728.172801757,2743.0056652051653
313,10,809219.5698890844,4524750.882722306,1782.6385259739461
314,10,810493.870984755,4524223.57914175,2605.8195572064446
315,10,780340.0150097642,4551442.439794918,4371.123877666741
316,10,781309.258487697,4550992.815172739,972.2714447863789
317,10,782574.5299358183,4550551.637279328,1808.7446923348414
318,10,813987.7298494801,4524823.373976351,1854.2803131105195
319,10,814390.2241806961,4524598.941075571,1895.5757345467828
320,10,816021.1414153929,4524969.018492688,1447.955187801961
321,10,820683.137410785,4527491.775580027,1316.6447886137234
322,10,823001.2131858121,4527803.51376775,1161.7176976668081
323,10,822588.9612272971,4527643.512154095,824.7040637526949
324,10,822618.2814431321,4523102.920631931,2487.7622632056655
325,10,808650.2847812999,4525016.57703293,2470.084777726212
326,10,822463.4884348913,4520224.666340305,1778.15925457569
327,10,822694.2739109102,4519221.3525013225,2099.8837540839645
328,10,821493.4311082152,4518233.60279474,1355.0203232714448
329,10,818023.1308058467,4518132.692038021,696.5930909094774
330,10,815831.0260357648,4518857.4888704615,1451.8116636257105
331,10,789840.8807462064,4546053.249558061,1969.9015315087875
332,10,790256.309539743,4545145.253347369,2043.5011321328006
333,10,791843.4182302492,4545155.326430658,3531.4359032243788
334,10,804817.3377863758,4521641.22717805,763.3409315390517
335,10,804810.3637056838,4521794.979455952,609.9888844012129
336,10,804997.9223182321,4521907.87973126,756.4186142546773
337,10,806696.7303442657,4523140.369404859,1930.0128509838974
338,10,777364.2262492108,4538998.207773851,864.0461419627445
339,10,784857.938496048,4550824.103053913,1582.226066345637
340,10,785648.751025837,4550354.869360002,1011.8893135768443
341,10,786367.2754225276,4550197.171626207,784.3218228933772
342,10,786532.9516884168,4550376.193072465,1475.4806249055907
343,10,786909.0019856977,4550141.690539413,1742.2752809443418
344,10,787080.0726560877,4549750.181113019,1707.369457064002
345,10,787334.7141035523,4549502.315457187,904.529852219452
346,10,787795.9015487208,4549569.919681273,2108.7722499509428
347,10,789284.2920951908,4548627.790436422,2621.509904172415
348,10,788975.8421414347,4547939.668439591,3216.343888243611
349,10,788709.9049113692,4547600.714659545,4261.5614329403115
350,10,789052.2395557527,4547517.711418385,1081.1981630522332
351,10,795129.6231827716,4503452.091413506,1653.0464912346588
352,10,776529.6477865326,4540197.135973382,1612.6323139275312
353,10,776280.2109496342,4540143.647312591,2099.2253352135117
354,10,792551.6294334586,4545576.694683879,3479.8894493662883
355,10,795844.7749395954,4542433.888206452,3257.692272220919
356,10,797613.3738760437,4541941.899661752,1130.215805191623
357,10,798353.6017359581,4542205.089750382,3368.6001510803544
358,10,797960.533740076,4503454.312762682,2226.568238302872
359,10,804938.489967052,4520839.191164306,8801.315617903248
360,10,805016.0858382364,4522247.032257456,2466.3672918467246
361,10,805803.3861113633,4523049.942905005,2436.429371286394
362,10,807774.230885756,4524473.532020698,3586.510760391746
363,10,808013.3482108626,4524693.572130504,900.3213490117839
364,10,784930.2605906088,4505175.281885865,848.844364763911
365,10,808330.7725685756,4520803.588153078,1116.2102759167988
366,10,811385.2484266761,4495337.755979502,927.6075174383245
367,10,812798.0582220829,4497321.653158374,3115.7614946623003
368,10,774681.2764172663,4496553.102489593,811.9019513222034
369,10,775830.6786230734,4496784.387796094,537.6986157403749
370,10,776619.6789952994,4496680.460322094,796.5787032028802
371,10,777364.2156302093,4497110.547126884,623.0652820204854
372,10,781019.1247628313,4504327.250576895,1261.2702543588719
373,10,781908.1572616744,4504977.156343157,920.8427541681478
374,10,782614.5540299686,4505296.782961584,349.4562160700423
375,10,782777.5694078078,4505450.206023622,379.8462990411668
376,10,783677.341523372,4504461.398014442,360.3347669898155
377,10,813004.7618551138,4520355.908759255,3473.24664338947
378,10,785543.338754129,4505291.805510129,295.4585918226066
379,10,827638.1058406581,4498189.4727252545,1255.4253074706705
380,10,828432.199861699,4498555.760978166,660.2890880694515
381,10,827658.6234753815,4501756.444038247,775.5904715601375
382,10,790182.4456537886,4508077.898060577,1708.9680423289049
383,10,790373.3305154421,4508520.540789052,1178.325348799988
384,10,791445.5233663293,4508529.045735139,6353.492247847207
385,10,795638.5779031541,4506254.793589378,1540.4718446238683
386,10,795815.7541329379,4506821.452591926,4529.482768780495
387,10,796313.1746498744,4507499.734713381,5064.511678767083
388,10,796873.550557109,4507971.773325651,1185.8818895337986
389,10,797240.6723250309,4508039.275394089,2905.265233093856
390,10,828418.5055067475,4498774.9926958075,1303.4429787277372
391,10,797581.4466503861,4503316.287506157,801.9906625541453
392,10,803743.4248325313,4502622.952654871,1077.9018827345733
393,10,812777.9307342119,4496558.900818037,3332.5149532014807
394,10,818678.2674064786,4493442.488387974,1270.0241463745817
395,10,819892.8464985173,4494133.2196069155,545.8270538197212
396,10,819089.8192103183,4494185.477785218,1356.9430870018998
397,10,818733.3673579755,4494627.9095255295,1133.8314835991234
398,10,826723.4597981174,4497856.160586614,2100.4104373220725
399,10,811136.8403046163,4524447.161433897,1285.8816616193021
400,10,812562.6049475702,4524966.224171928,2253.198552067969
401,10,812996.0282530312,4525097.42579475,1740.2800704818364
402,10,827432.8460220369,4501152.787170709,3452.8710125871576
403,10,828926.1421598687,4498479.529006693,1294.3124061062645
404,10,824606.1058045725,4538974.143016133,1428.0101132760572
405,10,828055.0151457514,4497982.369764993,419.98282076579545
406,10,826511.9966257402,4498213.170480503,546.8969409854215
407,10,825922.362092038,4497970.041023404,401.97206880684405
408,10,823300.6211399249,4497429.807671157,2079.5145500412273
409,10,821653.5184129043,4497842.2630719375,1050.1390380803246
410,10,820335.5690831442,4497606.584453805,2822.4897388978206
411,10,817700.7314391972,4497808.082593041,1140.8290028334627
412,10,815647.4401636354,4496223.143128501,975.1075444614029
413,10,812839.687788472,4495367.420081092,1320.4538508637766
414,10,810853.2025728243,4496508.887184977,1947.6834936970108
415,10,814334.9459233503,4519121.351181231,1168.918057294176
416,10,824971.0681217065,4513403.807630332,774.0470440349826
417,10,828345.8970720548,4544805.76095718,13097.86001666326
418,10,823980.1940012436,4542205.370214307,8072.285476108759
419,10,819361.7774508954,4543678.957911131,3624.2471017981093
420,10,820409.5678426344,4543665.802101786,4935.659942595778
421,10,821817.0507091332,4541615.512267666,5365.432466353687
422,10,819639.9230254403,4543170.8381031,4089.2238335083684
423,10,821444.784864607,4543558.100535014,15267.197485356786
424,10,820689.3607958648,4545587.640502605,11178.499870767766
425,10,821429.3502457928,4546802.460601338,6252.522786856084
426,10,820777.8053097749,4546821.571397612,7392.82517067185
427,10,826083.1316744189,4513100.708770352,4070.9112183425814
428,10,824923.856211788,4512717.312156351,4993.048813125164
429,10,830368.8963804304,4551131.414591231,8333.716308676083
430,10,819503.1408614327,4551056.737341657,5361.055115209269
431,10,819464.4379613099,4552257.370242836,872.4828627303586
432,10,805985.7966864608,4506577.253731503,2982.9824687639625
433,10,808162.72890835,4507137.087441053,488.66591070034696
434,10,806345.5124538372,4507416.205447137,8326.282076417056
435,10,806064.2819692771,4506855.787193032,508.9516308928029
436,10,806099.100225303,4506282.012691543,2014.554534324712
437,10,804451.7857572646,4506953.446156053,4432.661083257988
438,10,814084.2501454985,4499156.02904336,3508.254697495577
439,10,807334.6923454978,4496383.169739177,4171.636506144349
440,10,808810.1799662462,4497453.626578945,2206.165359903557
441,10,807517.995062519,4501270.277005187,924.0354398890507
442,10,809291.8171008494,4542482.855229852,4573.989940667367
443,10,812899.2659164177,4516421.18188969,1839.3937583402283
444,10,831459.6818600864,4512877.749812674,2412.6672368878662
445,10,830415.7310794059,4513047.130411162,722.5718302818292
446,10,827246.8934400236,4512216.184962889,3494.117223265924
447,10,810104.4174744353,4506813.75587831,2078.3006100710136
448,10,810321.5983305747,4506731.774838352,7414.051611873037
449,10,811215.3878675259,4504958.191103745,4017.6449662890077
450,10,821596.5614882504,4516985.2545513855,980.0125143157147
451,10,820631.9141578174,4516757.872489367,4181.085440859281
452,10,825591.0606226422,4539798.190044565,54913.675884000506
453,10,826851.5283795325,4543628.622352384,28963.89637126571
454,10,825979.6623716622,4544024.790210339,14964.793316500572
455,10,802851.8747071427,4534461.21854179,1284.4685082160072
456,10,814106.2045066039,4544341.816057912,30320.99877089617
457,10,825518.6067830283,4539353.127675903,10073.64134319365
458,10,824872.5028310881,4537047.448914381,5812.975122714055
459,10,825482.5363591892,4539292.96767413,709.4611134315213
460,10,825373.0118971547,4539785.785325338,21136.151056438284
461,10,826307.0952425906,4548634.745612208,8896.156068465067
462,10,827385.7461622948,4548542.556626524,13799.193190439848
463,10,806940.7163803596,4536660.713984839,4042.3760110784
464,10,807952.4194089711,4537096.877998254,1323.084805952787
465,10,806168.0316324485,4535808.373351825,2970.4863055079645
466,10,831061.3749203107,4551046.109551092,179.27972257575752
467,10,832708.8725575206,4551322.506696533,15303.733027120472
468,10,830433.65628491,4545917.877491951,4199.030129497223
469,10,807836.1360026692,4531154.355426553,4906.52027131811
470,10,826518.0217376009,4538059.435001185,1001.0996986875259
471,10,825910.0223839513,4538463.198624457,3229.4392286641705
472,10,824210.9313573808,4539200.567665416,3034.93652200083
473,10,824957.8717631046,4538773.595415428,1304.6355333949361
474,10,825178.8437046043,4538188.382089236,1616.7975417644518
475,10,802463.4956693696,4534251.360491858,540.895304226637
476,10,802918.3028706501,4534973.177653813,533.6688997109347
477,10,803254.5561833398,4535185.512799387,1586.5791403317053
478,10,830017.4214807537,4542873.793075411,2511.4283408611736
479,10,830493.3087996925,4543500.040862668,3595.426010212399
480,10,830750.4727768573,4544823.639835921,8816.256363839728
481,10,807566.1816862028,4532011.06846068,4091.155020105726
482,10,830332.7677646467,4546535.40376445,1507.6432441207826
483,10,829466.7293709524,4547075.543672037,6148.255895512536
484,10,827672.8955824547,4546041.097280376,7814.339032295295
485,10,827869.5686912121,4545362.008368664,4025.205845240209
486,10,826708.928649284,4550906.485491334,3619.0684163597657
487,10,829854.1023422256,4552897.013070182,1687.7067100177785
488,10,829468.5358995739,4553154.9226,1659.818830164666
489,10,828578.415979597,4552428.961621368,1842.1235404546724
490,10,829816.583046823,4549829.99240267,5212.969755044672
491,10,805745.724171523,4527365.635802113,1273.8279535750773
492,10,804601.6873836654,4527864.453648549,610.3473529591065
493,10,805079.2401214155,4528615.189847151,767.7571584632566
494,10,806450.882587653,4527026.803225248,966.775303636331
495,10,830243.6828312601,4547324.206703525,1186.8451925747795
496,10,830999.4537935904,4548162.240985747,7077.511417387421
497,10,831150.7413660111,4550459.822895447,4839.144886443968
498,10,803398.2990683274,4535071.094852013,1047.5076864148514
499,10,808113.7519871745,4531517.49434723,1277.9759059109895
500,10,808476.3555921138,4531351.168219624,694.5678681046702
501,10,807717.7343297905,4530430.888986045,2455.424119689656
502,10,808339.6318188016,4528202.937984166,2056.000971019683
503,10,808140.07223322,4528444.507755741,352.02736754606184
504,10,807847.2559469255,4528167.913390564,1672.5263691079388
505,10,807033.7972415126,4526999.874684774,968.9511283100048
506,10,806788.5803558275,4526900.195340163,276.59119726513484
507,10,810118.7480920366,4515519.031874792,1247.7128434041674
508,10,805722.5929324682,4526429.962465039,554.7002108336928
509,10,805599.6949705074,4526733.451010242,568.1314197745104
510,10,805579.5121612027,4527395.37159895,697.7341115778582
511,10,823048.4560193565,4544805.294814029,12176.403890916614
512,10,826076.4930262588,4545054.764749657,6165.886981403422
513,10,818517.6226099599,4552412.372810068,1942.9679472030389
514,10,805580.7932266196,4529133.976299708,1695.305406781246
515,10,805403.3119428752,4530210.854367456,1597.4527949117755
516,10,805179.7362072347,4529916.340556616,728.4268270828078
517,10,805102.0327701942,4530393.476985403,489.7317279289517
518,10,805176.21405645,4530763.156379821,1026.7024322270477
519,10,808657.4135320042,4532305.826067757,4625.98741622703
520,10,804827.0537406272,4540648.378432266,7106.609605961963
521,10,808253.7187800403,4496976.549651553,2841.066382484863
522,10,823728.890135931,4510861.522402998,379.4464759597464
523,10,824453.2196489277,4511309.710074268,479.0510711035265
524,10,824441.7538977688,4512643.5975244,604.6433168186758
525,10,797844.8318906152,4554529.841059622,337.11584766412125
526,10,813290.529659757,4523897.566387811,1010.3801574996537
527,10,812796.9322275536,4523841.40720781,1222.6137107565846
528,10,805992.5875356619,4528184.6523837205,2488.9954643129895
529,10,807730.0415924373,4529354.563594236,867.2414758789079
530,10,806016.9182619423,4534263.970957901,3996.5326422280705
531,10,804741.0134681304,4539339.126348282,1845.5971205832584
532,10,804581.8247886624,4539777.996971446,3451.096052615764
533,10,810397.0570583469,4495006.776058015,3011.2067841940584
534,10,804360.5308614405,4541459.155395205,12253.750415633129
535,10,803082.7321921131,4542621.24543047,11516.32976402498
536,10,800813.8549909582,4542073.87324553,5084.144165806388
537,10,800518.0563999305,4542342.428147006,12902.270760195675
538,10,798702.2116396299,4541360.476495492,4013.1024442531143
539,10,803706.0663601173,4506815.791051534,3833.2873023030147
540,10,802634.664607933,4504608.290892133,2224.0041443930672
541,10,825673.3439427074,4515469.018848896,12263.682672580919
542,10,803832.8697057379,4545301.636305488,1814.124450706349
543,10,803557.9215674008,4546216.994985063,2199.7287794439117
544,10,803467.4759067822,4547110.645550652,5014.586969617558
545,10,802718.0623955448,4549540.1527021285,9395.47701016533
546,10,808525.292408513,4495503.011723683,1283.7769454201577
547,10,813575.1158867228,4523957.793931617,1441.2643796774041
548,10,814585.3251432242,4523602.206270662,120.52770891158745
549,10,823167.4310409378,4509354.471294017,2842.52996043778
550,10,823221.7774927324,4509096.82693683,748.6705005474244
551,10,798867.3188704798,4555271.352825334,276.25129940553313
552,10,803127.2867196507,4545496.061678724,3396.0553974392383
553,10,802815.2751407407,4545076.856823107,2085.706047046194
554,10,804267.4842309464,4537941.301450696,2631.6765055349842
555,10,823153.4669604405,4508612.31486671,1513.8296026425066
556,10,829827.947779363,4512849.760599528,323.2267463207404
557,10,812542.5970582974,4495646.2900364455,1869.5747872488814
558,10,811188.6987550205,4495298.584628855,1254.1334245628507
559,10,801963.625870712,4551897.152488543,18058.08789551991
560,10,807135.6898430286,4494932.080617564,723.2729436588133
561,10,828791.2797156752,4511470.572145348,1067.2412806038233
562,10,826819.8391167234,4516261.357849368,313.69882588537837
563,10,822329.6819829637,4542235.21331583,4101.797762386575
564,10,820805.7739542921,4542750.079885596,572.0703205236974
565,10,819092.0259296396,4543251.254497328,966.9723662594045
566,10,820796.913113542,4544855.421494078,2059.1476443932643
567,10,820121.3978214271,4548791.098560178,663.816099822331
568,10,814991.1362048608,4518930.346797967,488.65743558169265
569,10,811037.7496524525,4505002.212585364,874.6778823229788
570,10,811499.8343023378,4501714.287719624,146.41915591228874
571,10,814150.3038264974,4499196.702152778,290.2022607245254
572,10,804795.2170904675,4537963.7688300675,1943.4726077520556
573,10,797500.1604639655,4542402.214810268,6713.073515921153
574,10,810016.2580490536,4502490.521801588,2218.7886182297116
575,10,810532.1477695184,4501698.362940365,4834.356967294181
576,10,812021.3838882479,4495328.191733856,5532.678258325113
577,10,809732.8111600146,4498559.704965535,5389.444395485684
578,10,810281.9255497747,4497226.482280237,3299.1952441629564
579,10,807348.3649642679,4495001.784401133,7369.104377833239
580,10,806750.590476721,4494934.785318846,5295.316822676622
581,10,810851.8279548956,4497331.130797953,6284.221144231938
582,10,812550.6632565684,4495936.3071064865,3695.350889681121
583,10,810288.3078096757,4495072.690746528,3621.1048515274024
584,10,808752.6534322985,4495431.215775275,1422.3526371095977
585,10,798561.9296016592,4542648.988101763,1719.2043792228294
586,10,805150.1582241945,4537744.403688749,3179.0456493716033
587,10,796800.4297264497,4557028.254352159,2949.335228547616
588,10,796819.6947473957,4555926.201112069,5078.593940606262
589,10,796367.6550892979,4553656.490439605,9512.577727231965
590,10,806628.5627902816,4531045.193168326,1714.0966001508234
591,10,813187.8046736794,4524045.894475778,942.1769957308345
592,10,824859.1998003189,4529669.715050671,2258.6012650417197
593,10,825260.33133618,4529446.188593802,5968.182638105471
594,10,826187.8445898935,4526984.493768137,3864.174252083346
595,10,817419.684571449,4513168.117225687,1872.40885948997
596,10,815586.6634721706,4512397.909479119,1920.9743750289658
597,10,811643.3385988149,4515668.540595336,3577.922173881375
598,10,791835.6176244307,4556104.548171918,4100.804167311565
599,10,801225.3273867748,4552061.484017774,3595.045287044614
600,10,800836.5042265038,4552020.093436488,1723.8197216069009
601,10,802643.6662815139,4552744.187659929,4060.9723214277537
602,10,802035.8125042698,4553914.571729604,3037.998038261237
603,10,801078.2194821464,4555380.002251268,1977.436050123963
604,10,799172.5294742744,4555388.373981026,12412.773118509349
605,10,798565.2493710669,4555355.477847365,1637.1139661688414
606,10,797998.3166684015,4554413.243222128,3458.8727166144486
607,10,823784.1504513544,4510827.328237889,2389.148473006158
608,10,824181.077372279,4511506.037409,2642.1588895334803
609,10,819839.7872239228,4520756.222246639,6552.586764875799
610,10,792677.6302011559,4556096.288799661,1430.1229731514077
611,10,783449.0823622971,4505735.80793192,878.118262793244
612,10,791338.0599577682,4556156.79503015,5998.49001683046
613,10,803541.2774931479,4503672.947901132,1899.4504169707957
614,10,802956.8378042205,4502552.563123793,17104.704380298186
615,10,803076.5672284488,4503592.232025597,3265.568664600035
616,10,811746.9162504986,4501095.791983887,24812.715386978438
617,10,810977.482966555,4504169.498826132,2911.0369232978906
618,10,810984.7891147137,4506289.309483285,2865.058564145099
619,10,811908.5054317536,4507096.382767947,16786.562219267496
620,10,811891.1174865735,4507321.894361256,5981.781759841074
621,10,811267.6959837794,4507220.897971275,9719.766774661466
622,10,811189.2143446272,4507206.585744632,6683.953371712977
623,10,798786.1150689106,4541763.32808124,3487.214049267744
624,10,789021.303818454,4538273.653527983,1398.5308564712664
625,10,775161.6993184851,4521401.159965339,1803.3357398962207
626,10,775223.4083100768,4521564.794256254,1790.1628162082393
627,10,775434.3064314316,4521338.992927754,893.001544456476
628,10,776094.2475681176,4521359.679330862,2679.052322754258
629,10,776937.9159914894,4521041.569228368,991.5332650697185
630,10,777263.5217816763,4520779.624937472,1076.9709312863035
631,10,777365.3802112411,4520685.435959519,812.106417083938
632,10,777158.6426291813,4520527.46569201,1216.298347620648
633,10,777042.01637783,4520391.921929847,1013.1433890783862
634,10,777472.4289593274,4519889.461927533,509.4202787901997
635,10,789034.2719729594,4541425.628473117,1664.808639358269
636,10,788450.6969007532,4541273.518222748,1602.0723995726798
637,10,775757.8504507755,4521729.953143396,638.7772309044037
638,10,775912.1311758785,4520229.513213839,4317.056541848712
639,10,774656.6725711331,4519496.368573627,2050.9835315292385
640,10,774515.6655412765,4518722.078822413,2703.132662787684
641,10,773985.9468719187,4518575.407995893,1396.057914727352
642,10,774097.0615656573,4518963.243074846,1612.7582009826701
643,10,774957.8769327049,4518774.803543725,2239.960150242334
644,10,775393.9034220574,4519062.308193636,3040.611127979319
645,10,775267.4096555962,4519448.193993612,1808.6237960685894
646,10,775328.4540779396,4519739.591491924,7889.858768387311
647,10,818717.079608135,4521646.444957462,2611.02812805873
648,10,818990.7401665448,4522955.742801241,7326.730590199573
649,10,822585.763174101,4523497.44215056,3722.6573294949303
650,10,788127.8869039143,4538796.681865477,2264.875634267047
651,10,784594.0392156987,4543899.756541409,1610.174251160674
652,10,785434.352767595,4543565.101083073,846.2321804672221
653,10,785583.4814925557,4543700.894001401,2529.436599206878
654,10,786466.2292185929,4543967.869296949,1862.1512115714306
655,10,773992.2722943979,4553043.816107618,938.653316297366
656,10,773793.0416930394,4552785.302817563,2433.977643400716
657,10,773938.008024023,4549869.552859831,738.7197011470472
658,10,789014.3833735414,4537986.95202123,3749.380199469189
659,10,788364.1032659523,4537845.1706914855,1853.878416928774
660,10,788616.4220437013,4537943.2786898045,2099.191769817811
661,10,788462.6691059612,4538152.4114586525,1709.9535195874728
662,10,786750.1916020514,4538977.528355322,1803.4539457681794
663,10,784567.211623484,4492766.0191573715,726.3580110474117
664,10,788056.2626671263,4538548.600499097,1257.4581605330718
665,10,787357.7974472244,4538632.83126051,1760.7693161050688
666,10,787318.5654051907,4538237.122316418,1488.7341983842523
667,10,773360.9454126038,4525562.0427965,1336.984162094485
668,10,772995.023162325,4524717.807754906,788.1567607293733
669,10,772952.735876446,4524361.041110486,2518.961479659946
670,10,772857.4117918616,4523828.258702429,1395.0233910617453
671,10,780368.4735657718,4544487.461445515,2270.2180577742447
672,10,780643.6805754042,4544884.273073778,625.3988930124999
673,10,780928.8457507902,4544856.554305805,739.326295570821
674,10,775181.7104493564,4522260.541020783,1161.7080600543068
675,10,775506.3041493078,4521869.759316151,1484.8830250932365
676,10,789994.8484262404,4510063.6773848375,2096.41987826652
677,10,789853.8009395842,4504287.748210837,532.933111113196
678,10,791299.7204468187,4504417.550483601,1469.2075302018056
679,10,791807.5939690293,4504571.826284346,316.5197117148576
680,10,791877.9779817831,4504983.45977111,1367.8474714629276
681,10,792123.5514909079,4505232.338645545,807.9276324614523
682,10,792490.1842697596,4505786.058619173,548.7798272771565
683,10,779764.903752685,4492436.98720316,279.59313379804894
684,10,780748.032087966,4492731.181539426,471.81724358047205
685,10,782138.5929306307,4493101.96188784,567.2555974208296
686,10,789675.1698363565,4510691.711769233,665.8411831431415
687,10,789410.4774081311,4510383.82073562,906.1279162551868
688,10,789417.8879386942,4510205.437965145,830.8380664762315
689,10,788180.7358666625,4505158.712154718,842.3741245561125
690,10,790446.4121817478,4509587.239255966,1628.8611466522134
691,10,791241.8721646027,4510227.058214062,1068.475284456242
692,10,792284.2930934293,4509678.301082073,1908.2308241046812
693,10,793334.1112873848,4509528.0385046955,1373.9039405336225
694,10,793779.9763953396,4509397.06074424,1219.1550324763698
695,10,795383.3634049952,4509484.723108669,3036.1527030149236
696,10,795908.889489284,4509995.713730952,493.957323004278
697,10,796097.2528046703,4510287.171578465,2732.382286082266
698,10,796443.9632139927,4510553.778025576,1535.2463281288801
699,10,786123.5498482276,4499226.821593372,1195.892432316265
700,10,784439.2414517541,4504235.101587279,1500.3299625369486
701,10,798227.2076917569,4513093.096145645,1843.5152371694894
702,10,786665.537168612,4496744.47092155,578.1076222617017
703,10,774153.4368856872,4522390.8933931105,817.8927922143857
704,10,773975.7591118346,4522528.466434815,1131.0756505517534
705,10,774513.1795201806,4522638.433442277,303.4375766177997
706,10,781996.9827587856,4493360.898255791,616.1982305783347
707,10,779845.3703748243,4494410.583044984,533.0586175302877
708,10,780939.2388329124,4494801.801362344,168.18313313456437
709,10,781292.7794516596,4494764.066908348,191.76952659530576
710,10,781707.969088068,4495269.45701292,875.1202990653412
711,10,785237.0564207104,4495061.035856082,1043.750745868495
712,10,786162.4575668911,4495749.171802788,355.8240995203919
713,10,786156.9858236844,4496754.223801448,349.85181517894256
714,10,786364.5212589581,4496676.550930927,385.079237935466
715,10,811706.0836416972,4554140.665713144,9905.730407736155
716,10,787382.119764091,4496738.340621489,558.9257162936318
717,10,787511.9322684173,4496880.032888169,623.6082374286821
718,10,787903.7114270858,4496886.699734714,948.5626099953869
719,10,777635.6528610152,4520261.242209238,2240.9076657963365
720,10,777795.5532592892,4519513.980619505,714.6533715061845
721,10,777434.7235145854,4519030.859722525,964.7079569371269
722,10,783069.4862771045,4504277.956908229,472.5788946041505
723,10,784201.799685978,4504327.774945049,1224.0512750356395
724,10,784994.7536278171,4504843.114928341,1802.0616712006263
725,10,785421.8129806486,4504858.053775452,2796.2961587635073
726,10,785691.9782520558,4505107.081744225,304.95016909653924
727,10,785907.4470621494,4505170.237090172,987.0357337149912
728,10,793765.3685143732,4556771.718133843,2468.596520536299
729,10,797696.0479028075,4555156.190525627,4891.18670327471
730,10,796381.4299491708,4554319.810055957,1649.6434682307533
731,10,827615.3232929184,4550513.779438621,2937.800592685137
732,10,817763.0348028702,4552364.096434503,4362.241612345799
733,10,815489.5996036252,4553479.487857323,2326.5677204187496
734,10,795645.7124301248,4554954.728072546,2121.3555173558248
735,10,795312.4443066922,4555974.916627718,4185.475318234929
736,10,795513.023505868,4556327.593229852,1160.5253352980224
737,10,795951.975470115,4556412.884990075,3245.097013100375
738,10,795745.2393385933,4556526.012013773,2962.998398288883
739,10,795030.933676625,4556365.581619506,1935.399044781961
740,10,794381.6788600241,4556589.988698717,3295.119604429239
741,10,798671.0195280085,4555785.732146344,970.5964824775841
742,10,793384.7648808066,4556366.441572231,3528.097347681427
743,10,793116.683028647,4556157.143432887,1099.2057231391661
744,10,792958.7131437466,4556429.570382125,1679.4294730661668
745,10,792838.4603562695,4556775.783712054,823.4607031531447
746,10,792150.9136327626,4556802.9811123125,3018.095499026096
747,10,805134.9427240081,4557012.58705701,5625.468854498814
748,10,805377.1240463494,4556003.599957943,2391.8128506026983
749,10,804885.9197488193,4555697.216283605,1390.7778910085106
750,10,786504.3896189223,4560880.011839947,1175.0322914960072
751,10,782370.9997117111,4562350.812093462,728.362134862286
752,10,782545.8248950581,4562426.60120444,1515.9264190903145
753,10,782004.767477456,4562442.676148846,685.8604633278761
754,10,826347.8252732166,4540037.834544528,2321.1199090212613
755,10,812269.5766080968,4554529.095103351,3545.4981261802704
756,10,810790.8464033448,4554600.383429789,3830.532977813241
757,10,810412.1340200306,4555130.892294669,5033.963471683832
758,10,809003.1679645948,4554706.828808501,2303.26939887986
759,10,808193.8275231583,4554364.983902143,2384.1404391812707
760,10,807492.8304437832,4551916.659783002,5153.434077891141
761,10,807951.920927352,4548307.155408884,2293.0886355126736
762,10,803953.9168586639,4544279.838344219,8491.890862869486
763,10,803258.7937233368,4544115.053153795,11906.482076876788
764,10,792938.7742699535,4549969.60790179,4070.200233717963
765,10,794872.1415346524,4550818.957769107,3885.41980684419
766,10,799576.437193857,4553510.431866166,2524.3244367355805
767,10,782356.6770404625,4543172.84226727,3996.558606089696
768,10,827981.7021342244,4541186.255896225,681.7946582292846
769,10,829493.4456664715,4542111.531165904,3813.9946693530956
770,10,804459.7308303013,4556177.108458154,3585.0936070759
771,10,804234.9908922703,4556192.712263309,2655.2398142835727
772,10,803195.6085368141,4556448.880496695,2235.652611973728
773,10,803107.3943601297,4556767.349575347,4843.84266452254
774,10,802925.6715133839,4557129.336857796,5112.499529185174
775,10,802406.0141062248,4557409.489001608,5984.5372203298
776,10,801978.1590489885,4557158.6454817895,5713.812469148159
777,10,801468.348227207,4556817.381221748,6551.179989196885
778,10,800984.5884385005,4556587.224196026,3833.402314090045
779,10,798985.6437704958,4555806.230332284,6416.810929749468
780,10,787051.2202625364,4560768.991170411,1787.149948568107
781,10,779965.1803714533,4545431.9157055495,710.1331719308649
782,10,779647.3072090665,4545293.154246234,737.6831399673661
783,10,778970.7417321597,4545983.766396473,494.7172660755011
784,10,779172.8650219918,4546094.209374165,411.69823323922867
785,10,776577.880394167,4546892.383963309,957.3453972791696
786,10,774493.5815197757,4548630.334909614,682.5043794552214
787,10,774633.823622906,4548776.15728363,932.4427416522303
788,10,774318.3919208354,4548731.289739393,851.5171687199506
789,10,779299.406831617,4544619.347428324,773.2111118687262
790,10,787457.3421288084,4560928.396690723,369.07004467622517
791,10,791663.1161404366,4556956.885108734,3803.5492799501108
792,10,777013.0952525581,4552945.724739303,1042.3936020339638
793,10,776882.1279710499,4552893.947145421,1461.7078199599646
794,10,776870.6145931426,4552640.110148851,1397.0901918641125
795,10,776586.6922973107,4552551.390481885,3615.669143368117
796,10,776267.3637858361,4552179.027498122,643.2214961480406
797,10,780978.17699846,4561754.23868178,1056.6558314444715
798,10,779436.3234139737,4544642.97018109,984.7821953900478
799,10,779622.9476153626,4544626.710592094,1115.6583286852233
800,10,780013.4577395124,4544583.235229814,1464.6573525245371
801,10,780083.4276292131,4544742.125536981,1611.7110567612967
802,10,779741.0953358049,4558175.654858697,1184.8996559977195
803,10,779836.2665243745,4557928.098684682,1202.3406145706872
804,10,779778.3273350302,4557538.148124983,392.7995353939297
805,10,781085.6062785833,4544893.588306739,1291.4790988699847
806,10,780838.4681114124,4545007.171662194,409.4665332458785
807,10,781632.129025533,4544866.46838427,2207.409702306414
808,10,782207.0612285695,4544713.0636913795,986.9115276366317
809,10,782012.4449221215,4544762.926824054,1554.613542191541
810,10,781905.9904012784,4544668.325518105,2735.7952260463844
811,10,782634.3264714113,4543763.985884149,886.4884164144512
812,10,784013.9914085029,4544115.742626924,2178.786851809124
813,10,781644.1108395942,4562367.557052291,616.5147008342924
814,10,778493.647425695,4556356.845458813,1786.1930066895038
815,10,778923.6895694613,4556446.657148643,832.2625608373007
816,10,779072.4549233953,4556771.037460102,542.9055201856363
817,10,779249.3020664382,4556930.045999191,1184.057895003228
818,10,778980.5408839971,4557106.7059761,1770.8031331201382
819,10,778882.9036974184,4556903.281860618,1678.8680249091508
820,10,779367.0826074589,4557360.559573302,913.8418265430337
821,10,779566.6463071331,4557495.928625332,408.35645424320234
822,10,795984.9027519062,4554762.133080019,983.2778526608196
823,10,796400.9123333973,4554727.826550782,1188.6888009828822
824,10,796024.5649231127,4554549.288058801,2163.457862509778
825,10,780407.440475437,4561295.019418289,1025.4061254487256
826,10,780607.3635418104,4560114.79423886,2375.993996846403
827,10,780221.6941455689,4560291.323206201,1175.2242759005144
828,10,780096.2094409951,4558700.194328733,1383.0314551837926
829,10,779810.9261785827,4559253.108614697,1535.3124207889946
830,10,779621.7098829607,4558889.858454229,1486.8100567987995
831,10,779548.8968111333,4558446.13932474,2087.965853598066
832,20,831064.7393242888,4552610.599208006,2360.9471104802487
833,20,814835.3798521472,4552913.587096846,18510.374810418398
834,20,812792.035440458,4551597.547389282,50539.22797866304
835,20,823381.5707213591,4547749.380437057,24950.637010041435
836,20,828279.1018906385,4553309.5930234315,6240.495954991223
837,20,831874.637542469,4552875.252664528,8627.935758258878
838,20,834353.4793455795,4549080.995066479,6767.471010049121
839,20,834416.3934487937,4549315.856924092,1693.7384024637372
840,20,832074.6001561531,4544256.040376732,4617.45426324809
841,20,828865.7091137462,4542417.879235712,3985.1283197676116
842,20,801975.3937196576,4557789.259590142,5082.296144214899
843,20,825525.3457598708,4544110.699188075,5300.403143122271
844,20,821592.2145124743,4549066.118978423,5813.387015594637
845,20,821093.7795106316,4548656.797718614,1632.0543580936476
846,20,817060.0207488677,4545003.7058057925,25521.18447395515
847,20,825192.8273490075,4547599.250646445,14088.231154442703
848,20,822963.8989635204,4553415.085336454,6263.3817755545815
849,20,836786.1915798218,4550354.12664296,820.3547542295805
850,20,785557.7333655728,4544544.050883354,235043.37407954878
851,20,819430.0146047049,4547768.24483067,11258.084791191975
852,20,816753.8412642267,4547772.691669391,107170.08792012412
853,20,821057.9825696944,4539367.401541518,27731.731718205177
854,20,829603.9443564508,4550246.077015003,9952.24286621021
855,20,828443.5401017691,4549281.6045012865,10257.34223831777
856,20,831434.793654959,4549185.776103664,13816.532776792083
857,20,832045.762425811,4552573.151218847,3965.3476223134503
858,20,830062.9420854531,4552647.40227751,3992.786699212813
859,20,833289.5347420454,4549383.04416337,24821.07866618025
860,20,804989.4184434662,4557950.510115993,7179.697021327515
861,20,804359.3399809652,4557942.375997191,5451.072057376292
862,20,802228.3459596025,4542096.49116343,3423.958905270487
863,20,819317.5863280732,4539806.9056007825,106613.62537502097
864,20,828841.5674360396,4546721.718336621,4675.831748976325
865,20,827994.4720146518,4547049.668736722,5712.162405936082
866,20,801843.4291761708,4493916.673399839,74771.77695522664
867,20,816344.9861786069,4554193.435272314,3035.2683513496495
868,20,791996.5778326215,4546666.517550196,211264.27171465766
869,20,827875.3136519649,4514302.970103627,161420.54426654824
870,20,826266.4179624649,4553392.97357014,16545.18824186712
871,20,804065.1389760951,4533480.767165141,96557.18017373556
872,20,824314.9142095023,4542969.213212585,32307.7618836647
873,20,831560.350465927,4550292.029499916,7873.068833656558
874,20,814343.3792392279,4516113.10066,330869.48442654643
875,20,791019.8239815326,4557843.767854894,361619.10293343745
876,20,808097.9349404824,4490041.144082008,342509.7815408984
877,20,801568.3714447733,4524956.818527014,24165.58510309797
878,20,782359.7134193366,4559944.250131495,537639.3927151667
879,20,781503.4386962554,4553941.496264766,276002.0712297544
880,20,777780.1312885218,4553041.96849681,228085.42120053715
881,20,784932.2773658866,4547650.79093191,272299.6819464964
882,20,776980.3222180139,4474800.418834079,64684.242318940465
883,20,824202.2379292104,4550700.611350363,5655.808612900661
884,20,798041.8873952792,4559377.881836085,17840.79934893247
885,20,804726.9125072897,4549674.34374245,38771.7285808782
886,20,810819.0721052452,4538097.364106032,148545.6381789061
887,20,815865.390462629,4540763.176301616,36015.748793382634
888,20,796091.2931762717,4531611.548485885,248410.92019859568
889,20,814263.926329673,4507836.3040463505,127475.65135600377
890,20,820300.8079169749,4537735.409051862,350288.64682338317
891,20,822616.1895570612,4491299.992628143,156211.24650593955
892,20,819745.1504478579,4496689.687494322,141116.37096519588
893,20,788566.0283953918,4525495.835442453,174206.49576328028
894,20,791220.0627798693,4526949.086912791,158073.22011538822
895,20,784180.5061645876,4539886.952154968,251212.01677788323
896,20,784869.435751499,4538464.830588535,113230.19630092118
897,20,829630.0355290141,4541346.274338806,9618.017948360122
898,20,827996.68150603,4550529.47492126,6682.368426010708
899,20,777628.1405666997,4531803.57810406,17535.5086395251
900,20,763892.4505220042,4479666.527181895,72849.61988465364
901,20,802333.2766509483,4473442.036679481,64458.12733384107
902,20,758204.3181722182,4497387.904119609,103754.10984395546
903,20,768606.3822379546,4493952.573633838,39838.94030068726
904,20,789142.3057721662,4503312.552129893,325228.3182093487
905,20,787833.8210472635,4499274.999139628,184368.17756149755
906,20,814401.5646712803,4505642.753306794,120769.81253963891
907,20,817061.7412927992,4502677.651436264,149602.14040937845
908,20,779627.5825861052,4484314.363857209,53923.603656311534
909,20,776698.9512802957,4526955.561011077,41748.434420427664
910,20,779058.8110997916,4525743.2365796575,117175.55676528937
911,20,774961.5369588743,4520646.123603383,27402.54175823477
912,20,776574.8363768911,4554102.824737457,275090.3951030562
913,20,785967.9936774125,4561534.858425749,88129.5475832161
914,20,784764.6633032631,4527370.471884434,85797.82855776417
915,20,774874.8499585643,4526473.182249001,70892.23381496155
916,20,770432.287741672,4505890.939382783,345911.5421756933
917,20,790188.8892576223,4526063.4120019395,51386.22236443287
918,20,772813.0301566962,4545338.084313557,23942.85475936681
919,20,775492.683893303,4544116.089935018,15853.160012593704
920,20,812055.2179871271,4545442.122267564,5397.0314120686635
921,20,815894.9045603246,4545346.081290708,9066.74286341828
922,20,819520.7596630544,4545460.909609577,3938.848099524872
923,20,832734.4510583065,4550529.123629708,3725.3177251397356
924,20,833593.1267369515,4550610.254295435,4910.902346022367
925,20,799791.8652205372,4484820.299677225,34104.692482498125
926,20,752791.4944703346,4488180.227537384,114882.76500887919
927,20,756775.4958838354,4485809.904473091,68624.95828966323
928,20,765290.8265615901,4491720.33410852,43848.5977586416
929,20,777477.8060397162,4494342.882038482,63290.92007939022
930,20,778677.9317602259,4496598.232697437,26320.65724019993
931,20,762569.2833032854,4481180.420922174,30730.344344675814
932,20,785724.8495763317,4546727.588410592,228554.1626366007
933,20,792838.0549405857,4498578.889249797,152654.29699862667
934,20,812986.6536366615,4553342.76556393,10899.146856760408
935,20,811269.5692182775,4526869.429417725,171959.4567085889
936,20,825885.9793213239,4508204.781654322,126831.02526755212
937,20,816327.255550476,4508205.5546018435,47277.1075212395
938,20,807137.8311472693,4553503.921042545,12398.32800787171
939,20,804379.1563640228,4554494.513520318,8441.682668720023
940,20,793795.2943781223,4558207.094015591,297835.7829738067
941,20,798974.9152845467,4498370.371957335,165689.71154192995
942,20,777058.8873376307,4543981.092481208,15181.058900037244
943,20,775782.8541195586,4541292.915133344,56180.01302611713
944,20,777030.250764092,4538633.3331918325,193523.55781650616
945,20,779937.6090819873,4535158.720270628,236518.63469259825
946,20,796561.5648849615,4504460.817144177,93416.79359235853
947,20,820994.8241131005,4519760.432168581,99306.52437309544
948,20,818125.3626917002,4521601.154018384,52570.153405969046
949,20,813464.5478955206,4518459.517908049,62931.71376833063
950,20,783178.557426697,4544678.090586172,66929.0395195764
951,20,778323.485823474,4544131.664802089,9233.33024556237
952,20,777255.4648893363,4543419.646714366,30360.29319389219
953,20,764796.6861543262,4497827.853269618,134453.64136837923
954,20,761275.9615647295,4493373.205232552,58322.51084158998
955,20,771026.1475338176,4480897.20603718,38668.90960407493
956,20,772015.6185964583,4481397.642648608,24901.61078813435
957,20,832138.4329594478,4550366.555122976,5282.292515592515
958,20,831537.4003756287,4549518.651991735,3246.6787003677687
959,20,827350.5761363563,4552368.886942647,747.1421961653572
960,20,795654.7087625843,4476452.818486589,81980.50276909422
961,20,779656.5951849335,4500887.669163969,130734.94415208443
962,20,775656.9985890291,4475165.111590103,54386.58372952072
963,20,776476.2895789064,4516470.289209706,33103.84564029713
964,20,773094.8541244878,4502108.633276688,337653.376260077
965,20,804262.044019311,4505193.49305322,53366.882247074405
966,20,819837.5413931304,4548844.9277965715,39454.63258927151
967,20,792370.888521933,4557664.343330336,451314.62475939136
968,20,792209.5392356146,4553909.49862407,26836.02910965987
969,20,815245.9453316705,4546991.425929967,100113.82653195645
970,20,807170.9341658544,4541912.724202372,82262.48004915829
971,20,804951.2910611739,4535841.99448597,130479.0947039761
972,20,818761.1752879614,4510311.36969616,280954.27743854903
973,20,821354.0289916194,4503128.894771365,182206.01567004874
974,20,804259.3882669996,4542567.8314975165,15442.671509273721
975,20,802237.3878442044,4496691.874025205,277048.6872613061
976,20,816908.6906551517,4491335.426810594,284436.9743748236
977,20,821715.5620430384,4493323.364927465,311996.2585056644
978,20,828460.0610289306,4508381.725315228,60704.4896998005
979,20,832582.1681000344,4513839.041321394,58476.77459430445
980,20,828176.2548813903,4517435.603259452,171866.77882361205
981,20,793386.832819547,4503795.621078824,25189.342770258358
982,20,793016.4315094798,4502224.994702,96225.41479478532
983,20,824020.8612499398,4520162.9748629825,189007.733746782
984,20,816548.9027347798,4517425.509791812,127561.82796129261
985,20,784097.9539554268,4502938.97772878,147212.19065411706
986,20,802998.506755218,4500506.726447682,123778.38016196458
987,20,813537.3589502918,4502845.150212435,163508.35374727062
988,20,803791.2480834066,4492314.033023672,294256.640826006
989,20,799747.3706013043,4557792.3200944085,5478.025497890212
990,20,797126.5587318592,4553324.430883993,26322.662498220914
991,20,799870.6518568373,4552533.52111834,24892.901125565426
992,20,804148.9902922249,4555928.329324042,5097.415693367751
993,20,809790.8673713037,4546475.254498659,41160.169578415385
994,20,818915.958562933,4546316.769846023,10743.06782317393
995,20,819971.1614803879,4528848.090031395,37609.90215560599
996,20,813028.0233841827,4528706.570952924,183349.36010571124
997,20,800086.50504448,4507535.508253802,85972.20352154263
998,20,813003.2999239117,4533650.499976864,199144.27560149087
999,20,793684.9385605991,4476814.5943407,52276.594523926804
1000,20,794715.8824488611,4474804.958559498,46198.18637965338
1001,20,800964.7119561826,4471198.519829578,21542.10208811106
1002,20,811299.7176214868,4550633.416952138,52436.90565823965
1003,20,813690.2476766501,4550258.771457042,99199.46961402688
1004,20,817069.2185716077,4539135.595087925,149977.4637315259
1005,20,812777.4754950892,4538182.971776557,371315.3106048356
1006,20,812221.8029649537,4535799.317137402,225422.0120710631
1007,20,792129.8826737629,4480156.027986813,125723.73102062398
1008,20,798208.1900217856,4482303.5259966375,50647.26360680263
1009,20,803168.3093151605,4488587.562882104,112630.88737090623
1010,20,789212.5642805368,4476679.525547462,218573.67438476556
1011,20,797716.2881612327,4473379.562599385,217581.6367239826
1012,20,803073.0582900703,4471235.60701885,27058.063376579765
1013,20,805037.1982410358,4489674.552040353,136504.20976537743
1014,20,803174.7649361881,4491069.180591624,154804.81233512732
1015,20,798838.3020127319,4519709.923092318,94937.09241694055
1016,20,796662.1659012781,4488195.836088098,161935.40017932773
1017,20,755645.178756723,4490004.312591744,113344.50798593803
1018,20,798022.2736752606,4522550.371466826,20654.623768425285
1019,20,799922.2307718811,4526085.068473578,212763.5936617778
1020,20,802365.4697146253,4482623.91226005,3149.9477903727925
1021,20,759885.3724265104,4494841.195205245,135506.1680239288
1022,20,761578.9920836287,4495943.37630396,169275.63188491896
1023,20,763261.2371402507,4499439.140752258,101224.70184220377
1024,20,765569.6731444303,4502619.748695187,451879.1353121621
1025,20,787168.4382491492,4507074.943388753,52472.2041808743
1026,20,784093.3691725408,4503596.641941528,121469.09270600749
1027,20,787358.4081137731,4504957.7495153025,138946.10115871328
1028,20,794977.4498552949,4507394.025571863,217903.5049856599
1029,20,800610.5211755224,4504895.610094271,44439.50509978909
1030,20,795883.9453809382,4507568.164767498,16832.84301493348
1031,20,826233.0351684316,4494001.097590627,132520.3877569624
1032,20,814590.5007366032,4552027.588549032,30064.907820095254
1033,20,828113.0883067732,4503515.186077794,135804.77170673886
1034,20,803338.9869534733,4527094.675931968,105156.77117350721
1035,20,803469.4873097574,4545073.695149962,2899.13029687338
1036,20,803832.1911493498,4557055.494512265,11631.856085793072
1037,20,799691.9246745374,4542520.040127628,8400.832558363927
1038,20,809591.7557461096,4531614.227463048,188534.84945115427
1039,20,801535.4722481854,4503311.203085879,40862.191973229885
1040,20,816307.765148962,4504530.263940276,455429.0754914696
1041,20,816306.7983573406,4495461.566694552,75000.12668009874
1042,20,817347.7672518446,4528307.2017516475,317131.14934708655
1043,20,808835.9754180189,4522116.326666826,135222.24480675833
1044,20,808807.0634267948,4521573.084379856,127088.28369955374
1045,20,805849.5803701687,4522205.65541336,61150.440184994666
1046,20,822471.072498024,4539293.590620107,362342.25464792596
1047,20,833554.9562122322,4549834.278264001,56316.60315015272
1048,20,813574.4402671929,4490700.0363015905,123081.00477134061
1049,20,802429.6501309557,4511122.890836862,18435.165356455578
1050,20,799441.3236656374,4522753.668881094,83532.84202357824
1051,20,800892.9597691268,4518937.201079262,108846.61286036955
1052,20,806654.794607262,4517760.548234375,60481.165194892266
1053,20,811230.6203910939,4508905.7481432855,343040.23801074177
1054,20,825382.2923478956,4547246.933590069,13425.2027850373
1055,20,816502.9492010798,4544099.905312428,30516.510941923654
1056,20,818417.83433414,4533356.207164684,78141.38044676693
1057,20,823584.5966777696,4537239.03430134,78665.84032043522
1058,20,830823.4874685475,4543179.005238032,23862.279558726503
1059,20,823232.9123731579,4513818.024206125,251265.28915705066
1060,20,831102.8922025015,4509766.695605834,86078.29658194009
1061,20,829036.914265527,4505189.621142487,182340.02939436305
1062,20,825086.487006467,4503661.004433166,96413.0539994999
1063,20,782177.8470680328,4539285.227946656,173416.997610293
1064,20,810579.2819048574,4542970.692258166,64138.06123884706
1065,20,802614.450623508,4557131.117806775,8463.307678429152
1066,20,796568.9272758883,4556023.025113604,5992.864344335262
1067,20,806721.7014910392,4551988.103629589,52893.954797858736
1068,20,796227.1585854905,4558327.625103676,34694.04442668526
1069,20,801311.7473089108,4559353.239890381,13216.288887182498
1070,20,800889.0496535597,4542709.378959962,6129.7398842237
1071,20,800847.8050966539,4541644.163597914,16909.55889289286
1072,20,809036.8532186071,4539162.933404457,36105.93825948108
1073,20,819098.866961766,4504460.1568894945,164928.99285884135
1074,20,812947.8356546925,4547101.624077133,87022.68160081844
1075,20,799078.5976911191,4553560.896226934,61208.637870204184
1076,20,794442.4615265337,4557330.384203268,334201.8511908472
1077,20,790025.9865286339,4558969.900690164,63747.22162541179
1078,20,807634.1511495683,4546159.264110532,49215.83354005704
1079,20,802539.9907266774,4542283.937986149,4820.690400167259
1080,20,815100.6431770858,4532441.483606607,29083.267718478073
1081,20,784089.1597926185,4541248.707713765,237439.19439245077
1082,20,807887.0699421485,4506711.293809368,221126.92278914273
1083,20,809961.6924732194,4493388.3342357,73051.70041840282
1084,20,814933.5320735964,4493434.613336472,45918.237375658246
1085,20,807865.6995798721,4497143.263399131,197676.2434541257
1086,20,809577.3937358469,4491505.436801952,249295.82273028558
1087,20,815345.798415029,4550675.033809918,82405.53679312528
1088,20,817774.053746212,4551820.961760455,4886.349764314701
1089,20,819267.2684930434,4550294.06175519,56796.56849460022
1090,20,806813.8578178899,4544553.0333589865,5506.497382569564
1091,20,804917.7999260789,4544380.846255183,6693.052837684958
1092,20,814667.3410439397,4548432.5348751545,126625.06566352086
1093,20,816954.2680291097,4545454.567389337,16183.497343540794
1094,20,809114.7049398297,4551231.235936928,20627.638543271692
1095,20,816740.933846406,4534241.980479235,33675.737784569916
1096,20,815474.0427574491,4538350.289953549,160839.53053029184
1097,20,817561.2002494194,4535863.535112226,93460.96644770783
1098,20,791823.0812961522,4495674.19265169,78231.70663415987
1099,20,792093.7091972657,4491250.43398509,51622.028421382565
1100,20,791819.4847000589,4489910.403618602,151060.5343107561
1101,20,792721.5857849526,4488490.195421206,98539.42725638532
1102,20,787400.8246490876,4486689.280473463,59178.38682311829
1103,20,802094.993220035,4558214.6082615815,6120.380670535951
1104,20,803600.5861804943,4557474.011339152,5728.9829920415195
1105,20,813899.7353142115,4549412.078890529,102251.91870700415
1106,20,789812.892827739,4496676.7717736885,196709.53152357534
1107,20,778177.243813172,4476208.757301592,120859.57347956314
1108,20,775125.345580046,4474416.969862316,101969.97108310998
1109,20,774070.9926395437,4473311.709450587,34306.75716043139
1110,20,770291.320587634,4473983.198256622,39901.9951992953
1111,20,768260.2322159923,4473540.908710463,76896.84293896258
1112,20,764468.3499060969,4474366.656480789,56611.86562746639
1113,20,764569.8151928553,4478876.250359735,83307.55705759465
1114,20,764131.3997817575,4481086.190702269,150910.97617398147
1115,20,781639.1203774982,4487427.669570949,29251.87993588387
1116,20,798818.7905414115,4532574.54302688,107877.76721764452
1117,20,797581.3795344263,4532492.790653847,297241.6833551528
1118,20,789917.0516967856,4527470.544818904,97153.53425696582
1119,20,787386.1154739892,4525726.844803557,41009.22281341851
1120,20,783732.5539123227,4525682.7389556505,78179.71692767022
1121,20,777617.251204043,4525972.678469775,20396.332546688405
1122,20,777677.1171568123,4527589.829122747,35725.797053848364
1123,20,781427.0943212854,4487043.199155354,22290.591774559958
1124,20,768107.5045132381,4480902.364141303,74951.7597204297
1125,20,786512.8096467812,4491337.168309484,37362.9733923631
1126,20,786919.8397223225,4498269.193021437,131224.9287107116
1127,20,780547.7115208764,4516385.887153911,41242.08973779866
1128,20,782280.2102675322,4515463.948879749,21219.94124672667
1129,20,782838.8759993984,4511396.19365226,32694.238053072095
1130,20,783016.1950942633,4508222.212491692,23100.202010355133
1131,20,783111.457077886,4506524.1858587945,92527.85118055512
1132,20,786374.4133704063,4503334.959606467,104203.10268818939
1133,20,797633.0128589107,4558835.1240785625,6269.21230130906
1134,20,811198.0252380084,4547402.26220579,37814.6138096545
1135,20,809904.5664192996,4547801.107849959,39241.2730185299
1136,20,785801.0980156781,4485312.93631289,68095.4577269795
1137,20,783163.9825960606,4483964.608853047,72158.79558017927
1138,20,781012.0465628115,4480302.438615582,46296.74099573651
1139,20,780239.2701062886,4479764.367320983,47952.04029487534
1140,20,800336.1543666989,4558564.738817932,4821.305880467346
1141,20,798617.8726108086,4558726.253890605,4601.754614581806
1142,20,811745.1812511532,4531758.159483846,88920.43629879353
1143,20,792089.6994013994,4560217.08348863,6451.131216481834
1144,20,786394.805145264,4558022.356897332,35267.798154487915
1145,20,784468.007648954,4559989.487314469,247201.3227009192
1146,20,786527.3692817311,4539521.718693906,100920.3351777901
1147,20,788182.0715740098,4551252.093232641,64464.64365227486
1148,20,787301.4734332033,4550582.170719629,21476.200298810607
1149,20,786674.4380410402,4549209.8537045,68474.39729831848
1150,20,782894.6549479921,4556237.442679199,47282.78382618707
1151,20,792770.2046097628,4483456.491158188,19150.94033957864
1152,20,792035.6473541239,4476506.4699477665,116053.79378046335
1153,20,797410.5121198792,4476547.1685242215,110950.3021594666
1154,20,800122.9582516423,4479747.182345551,73672.35826481885
1155,20,771886.6865507168,4524939.47091455,21942.96638247726
1156,20,774105.3610691077,4519613.592132922,91681.31365525913
1157,20,774349.113412351,4518080.126877933,186043.7468279284
1158,20,777634.7951776457,4515980.087933469,40885.02505497286
1159,20,793630.9914003342,4481638.425743221,8408.225668798726
1160,20,805791.5147455287,4533969.218428521,47750.710025286295
1161,20,792492.5726524903,4487278.394938639,32543.874194275963
1162,20,790320.6098661035,4489011.50744494,171059.79117931766
1163,20,788174.4773232768,4492737.024219597,35033.039760945154
1164,20,787921.5655827898,4501005.916644453,154745.79416155873
1165,20,797809.6115725109,4514222.74522344,8177.549861988405
1166,20,797734.8529502891,4521522.463071532,42315.84745257834
1167,20,815775.6885973631,4530573.446305684,113145.4659431593
1168,20,765205.7475355623,4494309.706039123,25702.222108838017
1169,20,761321.2886841118,4491107.732256738,79382.24082116672
1170,20,774617.2492787803,4492306.750073111,28640.15893456186
1171,20,771186.3567167917,4499544.1235706555,322751.6109434106
1172,20,771272.4059975805,4497667.43276425,79549.42449910929
1173,20,772114.3093034073,4494444.554300787,57629.13221656917
1174,20,772563.7212854968,4493361.653261174,68762.57191439734
1175,20,770189.3344055275,4491538.792524522,41763.45801513543
1176,20,766837.4717792957,4493535.896185895,20090.059830801514
1177,20,798146.5388370011,4490573.220760538,93285.67256892087
1178,20,766380.1381720448,4499296.569353178,256629.80329580448
1179,20,767508.6167934383,4506746.571449189,689614.1628445799
1180,20,778218.8173299256,4504878.158599976,217462.63676473207
1181,20,801709.2422305443,4499338.728646019,170252.37478836448
1182,20,796497.0011449867,4497841.410188384,84492.7382500404
1183,20,794619.705052806,4496071.7750444645,132355.7164553443
1184,20,790322.1166133103,4499904.78619083,189538.45539067953
1185,20,756264.2569349045,4493867.403284591,226648.5968233745
1186,20,774123.204877071,4525540.469252224,39991.758651673525
1187,20,804803.9288938626,4553315.472588331,8877.556612861496
1188,20,805826.1510540014,4553855.712448826,1664.418213926818
1189,20,757188.4151775738,4480811.036010483,44169.37094906563
1190,20,798573.1547041521,4494587.157663274,161676.25549256607
1191,20,773972.1144230746,4516249.08007885,31124.600518772117
1192,20,774575.8260045083,4517023.770885545,47945.92240085702
1193,20,772808.8764914431,4519991.274884417,154045.25077178766
1194,20,771779.056308981,4524077.302582896,56163.62938667842
1195,20,770056.0457263837,4474904.600739618,24530.219638216917
1196,20,779509.8119422847,4517955.084889134,56187.30345926834
1197,20,778292.0665481826,4517255.180960537,106715.91112591131
1198,20,777604.0551655566,4518302.119141654,37807.23229452665
1199,20,794711.6960624522,4499222.669246854,133646.78330690044
1200,20,797018.7390274118,4502103.959783028,69831.47817937977
1201,20,798655.9304326058,4475101.7135425545,102401.0299722941
1202,20,801267.7379122378,4476144.986321355,98856.81408082969
1203,20,802862.0116573048,4474423.974143823,61489.05290098432
1204,20,799370.3726846623,4556842.697121195,24192.443381379955
1205,20,774034.5712345141,4520980.931563756,72146.81871912055
1206,20,775526.7910227276,4528670.4132723445,63878.481539964356
1207,20,774175.8002736045,4533465.580826953,27520.31266755093
1208,20,778200.0134284971,4533045.2630089,22468.520974873518
1209,20,774022.5996540808,4553148.680245943,25301.964130052784
1210,20,780141.3213305288,4555028.057449337,326235.37713340577
1211,20,780392.7448154221,4557762.363396016,88972.83262284471
1212,20,783380.278941755,4561700.405881186,298604.99991443905
1213,20,782208.3187487414,4511685.087769408,38979.427293921675
1214,20,778947.3893144506,4520003.279313986,5284.747085387941
1215,20,782406.6443808923,4486414.98195269,42643.604028185364
1216,20,777093.6229239755,4483814.37533165,35721.108767183294
1217,20,760178.095290565,4492795.986842547,97135.34358111749
1218,20,814206.999807595,4536116.5964758815,207495.10235900932
1219,20,811724.1967738308,4534282.08372669,170918.666699648
1220,20,809623.9167916566,4533906.710250424,85735.89892054546
1221,20,807587.9477650006,4534142.2185561815,78048.9745835015
1222,20,773617.9607196109,4483500.937751016,49633.44688173789
1223,20,767306.4807870327,4471775.600603825,69296.04457440326
1224,20,773266.1413614638,4474868.865070233,169017.68138907483
1225,20,777156.1768939467,4516776.0998788765,40522.10917285032
1226,20,753516.3408318576,4485488.034103039,38363.91797929148
1227,20,770974.0023764876,4482394.258258952,20686.637532435267
1228,20,771778.9161848492,4483604.0797599545,17494.554294935653
1229,20,770790.1498287352,4483594.701924292,42657.62277490717
1230,20,774307.8619847329,4483818.163421841,28811.116814817175
1231,20,784740.5046396984,4558040.9802635545,35867.52668719395
1232,20,778700.2389602034,4485507.437249677,64146.19556312252
1233,20,757521.2688542958,4495720.754164481,229812.97603672283
1234,20,754948.7877361133,4492313.14450651,46938.34042770866
1235,20,754932.4002620189,4481400.565930874,45677.6522881371
1236,20,757971.1175167817,4481335.223982395,12136.174912927068
1237,20,784375.1264958133,4500433.520890491,146454.00727951838
1238,20,779889.1062010216,4506804.917633069,156951.53887158044
1239,20,830400.2783829141,4552450.286235698,1332.6357106101539
1240,20,780833.3224431844,4536998.124989627,18369.704199734337
1241,20,778313.5452419554,4534848.494143145,24204.17087285606
1242,20,776105.5497318868,4535249.398713313,5584.27140166372
1243,20,778946.328557371,4509238.466130578,2146.7707876024533
1244,20,774798.2028423718,4505111.621947245,152794.15694531123
1245,20,767716.2521152794,4494007.9053858435,22193.113121361355
1246,20,757863.5943716442,4488912.690807621,11171.06137733486
1247,20,824526.076353622,4550155.815077689,3686.3742367122018
1248,20,782094.7949811704,4537993.995796657,12844.53167312625
1249,20,830629.2399630768,4552488.612866261,817.6553341927547
1250,20,805139.5022341806,4552665.182349244,2607.416088282878
1251,20,770244.8188092011,4471836.55105168,24132.327445705152
1252,20,773738.5199777121,4471505.151289082,35876.15672485865
1253,20,783281.1144189521,4482707.548164852,67144.76811945272
1254,20,780761.3943545065,4481930.10874966,121291.47193878004
1255,20,781151.1595427311,4477203.026036733,36329.36411271463
1256,20,768361.3574613393,4482776.876939097,33934.02726005526
1257,20,781188.6488341341,4519061.365696265,20953.914259029872
1258,20,788951.752725908,4555392.352718018,5315.676521281712
1259,20,786180.3275939537,4556902.088204177,37941.20341379057
1260,20,787105.0654809588,4557153.132735085,29929.859225121007
1261,20,774215.3587060648,4548933.329749825,4053.036284263674
1262,20,774733.7086020566,4549343.910166701,4056.2875516987006
1263,20,775395.4593170341,4543006.965152783,2722.0794621475948
1264,20,776363.87210212,4543363.721518176,9185.336411625834
1265,20,775956.0507945921,4539870.874701384,28806.53189264183
1266,20,762266.720789781,4489785.794410198,13936.826017953874
1267,20,773707.114362784,4485562.865463046,9007.588239852468
1268,20,771752.5823238818,4484845.776988305,8677.503992721344
1269,20,767351.2515034749,4482370.187945025,26293.57329716821
1270,20,771979.4168484288,4473269.531510542,3121.5592280789842
1271,20,789803.8927084162,4546522.01246341,12343.736888985222
1272,20,785872.8372632824,4548588.598694805,145794.0390207646
1273,20,782465.9686216093,4546054.421618422,40956.752849750366
1274,20,781453.5106793211,4543940.305209537,118427.90787846278
1275,20,785315.3850015488,4476787.023752843,211931.463962826
1276,20,780889.6107455512,4478663.061766304,22189.21329760495
1277,20,779593.4290999179,4474896.763193456,32791.91074130271
1278,20,790173.8474065677,4492810.501305811,184796.56908665108
1279,20,787041.8957607612,4493719.928040319,111320.75185762653
1280,20,772737.5494591856,4504920.448295853,232225.29742795954
1281,20,782999.6779177028,4529128.1019190205,5478.962993720712
1282,20,771893.926156671,4475484.682373101,12713.311453880904
1283,20,771806.9032078037,4474771.617992706,21932.25781090861
1284,20,785899.9379180397,4481821.466355397,96296.32368558577
1285,20,805045.1250486233,4471137.351876651,24137.911579763175
1286,20,788296.66040981,4487065.635933477,57707.92927766411
1287,20,786789.4517926773,4488031.533512889,121907.44691623701
1288,20,784038.8548495084,4487391.116347305,58323.67271035293
1289,20,786755.5419587212,4483920.000091258,46865.826541159615
1290,20,785453.4747646345,4483883.254239738,14130.975382620778
1291,20,764649.1983193537,4476092.554570285,99992.50507651948
1292,20,765698.2805438306,4480319.614608082,86896.20736145502
1293,20,791012.0166466205,4548115.253514449,12168.24031964843
1294,20,822657.6599781848,4551065.597519572,1095.0260808171993
1295,20,777526.9363273054,4486552.227762378,6766.439948537485
1296,20,801846.134888551,4475208.853352402,27395.838085770476
1297,20,799438.1701195395,4468831.480725705,34819.01361568914
1298,20,796246.3142600454,4470932.099745472,82438.62811169517
1299,20,796628.119193231,4468415.775741997,45956.6582792883
1300,20,773330.7248497428,4484695.500139426,22935.566090340417
1301,20,816331.145012851,4528955.668907738,60790.286819094574
1302,20,789364.4983578575,4556412.638994646,11276.114572683242
1303,20,754176.4256959598,4493523.3302197615,132255.56172922958
1304,20,777266.0911842391,4481030.216615237,192931.69869769053
1305,20,777665.5876641085,4477898.983828676,39447.71874233171
1306,20,776732.3054681105,4477807.986458837,4935.761707254496
1307,20,788143.5662489738,4495373.427022102,83154.88363643318
1308,20,783479.9680612808,4494492.062325914,120134.79042909776
1309,20,775790.0635263198,4498694.586025696,52483.097617409105
1310,20,820115.6463794314,4530577.239522752,98783.88092550072
1311,20,803265.5639761721,4558472.271844815,6073.952242848018
1312,20,801068.1014783317,4558298.062111263,3510.6356735881063
1313,20,820397.981021154,4522574.141100826,23463.82057570138
1314,20,820000.6848707157,4522285.049100002,43325.13705901257
1315,20,818725.0698829645,4523758.747637247,34183.39940932679
1316,20,814610.537756345,4527450.75476366,57314.197894535726
1317,20,810870.8013165041,4529179.061129226,95819.49954905025
1318,20,818836.6927084271,4538477.476559184,71467.14768504155
1319,20,806980.0526942089,4557634.763923874,5387.746530430237
1320,20,803342.5187082185,4530642.634531815,45982.43109139304
1321,20,799994.5084663106,4540053.189206162,54494.94669018262
1322,20,797573.0153517391,4538438.184890014,63953.25336361564
1323,20,796675.1205431815,4541972.4734566035,77641.61508289418
1324,20,793575.3905463567,4548422.644776942,51009.675631754064
1325,20,780850.7108785299,4559292.043682581,13640.022486392034
1326,20,779473.5422182637,4540598.740557557,15365.7100798039
1327,20,809087.378583955,4503019.106998851,35693.99816444056
1328,20,818420.4444406185,4492484.094028623,104229.88181947578
1329,20,798255.6528304382,4478582.74630325,76711.52045012437
1330,20,797306.044629619,4479420.973873164,202066.6320967197
1331,20,795909.1248072439,4480007.4193367325,42367.179342060976
1332,20,794240.0274281271,4479982.176760977,83170.79834783479
1333,20,814315.7097858322,4494893.890875712,39747.77296582433
1334,20,812079.8935120952,4493924.157635384,20011.807835243642
1335,20,813433.1272864986,4492742.522250513,85025.63188429117
1336,20,817664.8741272534,4493944.257726902,83192.05169023754
1337,20,814060.5903209266,4498791.1471111,14529.675432096785
1338,20,820847.0641847568,4492201.735088456,48619.30795581969
1339,20,814908.1384030246,4489325.681515739,65873.12211789409
1340,20,824934.8606511392,4495702.868702317,56906.06820862737
1341,20,827008.0060689342,4495925.979681328,68674.11344757855
1342,20,828315.7854878969,4494652.804832055,82971.28701461607
1343,20,822428.8365919432,4505485.423332377,24118.805039898496
1344,20,822253.192226069,4506948.397307066,39254.35478235276
1345,20,808068.4221443075,4551696.309055427,14506.50903616201
1346,20,831343.1762868677,4552359.3964509545,2174.9841352628378
1347,20,799436.3896357279,4497051.174954104,55698.01480436747
1348,20,822595.6595233787,4503892.983980387,24557.0948713764
1349,20,826523.9497249435,4501585.2950290125,41592.20268079653
1350,20,825750.6245907089,4511068.669777137,26463.499864535348
1351,20,814515.3708908813,4529952.196917386,59080.518899694376
1352,20,818341.3194960454,4540645.236991286,33330.428572819525
1353,20,825125.4364132965,4549474.671119598,3011.3643324143695
1354,20,824927.0089214158,4553113.638150879,5380.552026646688
1355,20,784306.1535117405,4501912.944688879,52162.40981758642
1356,20,825392.1168186596,4548201.57323718,11337.289903654242
1357,20,824659.7189901303,4550546.830089274,942.2717413703414
1358,20,794241.1565206181,4547942.750978428,45979.71778003758
1359,20,791303.1018412879,4548283.0441031,15062.028693198445
1360,20,793738.9443523665,4550722.150253875,27482.981356574037
1361,20,794970.11271639,4553868.292353442,4287.220342145107
1362,20,791788.715806141,4554261.677475344,23297.704774917296
1363,20,788952.3794568981,4556571.222701058,20243.36925916848
1364,20,797115.2654307117,4536163.713585957,30169.038231893916
1365,20,793623.2426767352,4552929.510404849,13083.898107956842
1366,20,791818.9311553736,4552687.679281404,12540.166452860956
1367,20,784220.2864528308,4554699.694503624,27774.45912113141
1368,20,782472.1175237814,4555281.647384627,21053.078278591303
1369,20,810190.9971446628,4544057.759848643,43147.1965373998
1370,20,801229.4902688055,4537320.843470378,43561.340280678036
1371,20,798898.2672077072,4535865.883326326,11735.919727585999
1372,20,797856.3705271266,4536081.689748607,21855.362589895256
1373,20,815702.2678302391,4552076.171058789,29759.628039667983
1374,20,793438.5841370447,4532893.046648727,22539.5876780676
1375,20,787741.7933814669,4530378.980770862,24694.39394313618
1376,20,770238.9846901147,4500455.632806925,11994.56898198758
1377,20,819741.5515224751,4507265.207723813,31095.14142482214
1378,20,815724.2473556967,4510850.65308971,20380.671514717025
1379,20,824219.4126137806,4517142.302153342,68996.82519471893
1380,20,823268.0527674003,4518680.694729909,49117.71068854625
1381,30,769375.7925239262,4487316.351164245,1076.6168226899915
1382,30,773011.9331775715,4480043.741743835,691.0629623465984
1383,30,773044.1431715257,4479870.077063478,526.8208780239447
1384,30,773033.4394041097,4479079.619441385,370.81458982007103
1385,30,772980.4607319076,4478703.929943976,577.3759715165615
1386,30,772361.3168142586,4480169.496533819,673.2403546977498
1387,30,767677.9423112678,4487781.15674477,231.0379200004922
1388,30,759944.3434218654,4486099.078678845,236.96436054472815
1389,30,769276.3638864084,4487542.663286566,494.9103699855107
1390,30,773317.7998931945,4480298.411312238,607.1963785544709
1391,30,769750.6883155551,4487080.770046636,2017.7926565219245
1392,30,769567.2022632238,4486699.735364224,1096.33505951579
1393,30,768966.0617970361,4486289.711578004,267.4974158398194
1394,30,770566.9741543689,4486392.69294618,925.0720488141181
1395,30,770992.538903419,4486443.443108879,1012.4816526017958
1396,30,779163.264028011,4477387.995893303,703.4344224406815
1397,30,779559.0868052676,4476481.3814747995,342.9977491688486
1398,30,784383.749068881,4479983.749810304,473.09655275935853
1399,30,773332.589927365,4480438.444267842,353.8953872941168
1400,30,765734.8233402565,4487811.940436755,3181.1354882000696
1401,30,765093.9254206812,4488002.510783289,2238.1723239931152
1402,30,765194.624299671,4488249.656887652,2370.259995373417
1403,30,765201.5030230712,4488482.086374441,1262.2420436956227
1404,30,768458.4478845624,4485727.349564871,594.0593074632249
1405,30,767971.2607739221,4485561.705063221,2062.6786697809835
1406,30,773028.649616724,4479397.366040043,420.5626924163725
1407,30,761365.3125059103,4485540.667636322,1414.6010752734858
1408,30,767977.7053926383,4474578.431773798,2033.033923532732
1409,30,767154.78197829,4475529.2681867955,2741.433614293087
1410,30,766858.9054182199,4475654.202992116,750.2761764187145
1411,30,766619.8311930402,4475261.795279694,2492.1644331843813
1412,30,767557.26181907,4475717.478038421,1429.961441046767
1413,30,769715.9514001419,4478387.4217704,1785.1042240742843
1414,30,768078.7827807112,4488047.604626844,576.1737213699907
1415,30,772160.3033835008,4486531.45861078,307.57011197737006
1416,30,772140.9000034995,4487002.117323082,2569.8820915911274
1417,30,772019.4818942487,4486780.372368144,1177.2575494437356
1418,30,771782.2023133902,4487245.918682912,1701.3981838908326
1419,30,771249.1936271399,4486288.043835176,522.8386526053023
1420,30,771078.3037223738,4486321.287691333,1462.448841442509
1421,30,764762.4248144737,4485651.257652766,1070.1901688678663
1422,30,764340.613178988,4485222.532051456,2508.501608700408
1423,30,763360.3448814666,4485192.875198348,1911.776037739949
1424,30,763119.8885238073,4485563.523384996,1729.9069850541389
1425,30,762526.2825061971,4485891.539727954,1772.882749873582
1426,30,767130.8708973862,4485294.59343467,360.65689100650184
1427,30,762167.6548281466,4485983.049177838,1090.9590730450511
1428,30,761849.9061267077,4486323.392531759,449.3989451691464
1429,30,761914.7020719324,4485180.877529837,1157.743125517064
1430,30,760029.8907523165,4487770.354395412,506.82133507517733
1431,30,767709.6364424626,4488138.926858613,989.6909756835189
1432,30,767366.1425625753,4488205.977797349,967.7681885025706
1433,30,766863.5331373957,4488289.794618328,521.1650232627288
1434,30,766850.1982824912,4488822.422619533,406.45437820791494
1435,30,766363.5082388532,4488889.243270604,385.19026538230315
1436,30,765945.6960265861,4488381.639082343,1110.9746252780685
1437,30,758670.1379586019,4485192.122321934,369.3973375438185
1438,30,758720.1155939791,4485356.941332571,398.8174165879407
1439,30,758973.1064981328,4485655.391448028,204.05804968668124
1440,30,759523.7384308383,4485675.87897499,887.1910127680876
1441,30,768556.4817684905,4487232.193628074,1922.5784081727224
1442,30,790140.423001299,4479527.083368424,367.883048737811
1443,30,790790.5031661593,4478985.149530303,1652.0044634208066
1444,30,789190.3125447765,4479042.461878622,767.92169138105
1445,30,785865.5007083339,4480607.430301874,902.9585745934471
1446,30,757890.1393174857,4484710.212209621,270.75841978995686
1447,30,765062.9654967202,4485382.126771538,1809.735910564086
1448,30,760968.6529171655,4488714.791148361,812.3835599907609
1449,30,759743.2613066031,4488175.579884516,896.5451086785998
1450,30,755759.4722321914,4482110.037688008,645.1774122601532
1451,30,758402.651143325,4486336.469526967,1311.3935422991685
1452,30,755520.8745254186,4484112.78432782,990.1486735221961
1453,30,755556.0817745299,4483392.075192087,1290.3347073588366
1454,30,755743.8452439698,4483134.116395277,1065.5296515232294
1455,30,756088.0845152938,4483178.733706063,832.8197663898702
1456,30,756523.7910237882,4483028.523096561,855.2319192115776
1457,30,761726.8360562489,4485430.607786308,1262.0189185187264
1458,30,761869.8067221387,4485730.594745691,1001.3724160813397
1459,30,758309.7288852403,4481284.596229745,954.6520797032989
1460,30,757537.1461781128,4483426.258092673,1597.9778931598164
1461,30,757503.0112976742,4484713.471841161,328.81801258757486
1462,30,764338.538324876,4484551.94299832,1485.3887003211973
1463,30,758154.0406503453,4484988.404858054,447.70445489696704
1464,30,760691.1243382526,4484404.360190065,1440.9889189019505
1465,30,776486.9185795797,4487560.519669934,1421.3038857039055
1466,30,771715.3855477979,4485612.907327315,1151.610031617875
1467,30,772077.4274958959,4485696.678126457,999.3839596566311
1468,30,773664.9253662903,4486024.423231103,2886.383295842702
1469,30,774181.2978674122,4486139.326640456,877.3328057980091
1470,30,774944.5062779774,4486219.613429054,872.1893170089484
1471,30,756052.9797849416,4484084.835084283,834.2885268281764
1472,30,756380.1263625502,4484073.020406665,3424.04759760924
1473,30,756383.9319134493,4484203.999654193,4684.209296470625
1474,30,755367.8787050794,4485861.400802987,793.1453136495077
1475,30,755525.7478906164,4485755.340886219,1892.6518030910947
1476,30,755548.0211224597,4485631.273301225,839.9479457763425
1477,30,755619.414234925,4485417.613944761,905.2121230270938
1478,30,757095.460949825,4483068.24397978,843.7284626597962
1479,30,760408.8140399635,4487603.973554805,1482.8550270908158
1480,30,760487.7428237678,4487928.370682233,647.4736014628943
1481,30,760678.1757377315,4487972.708435533,1561.6580009453855
1482,30,760962.8846007108,4488091.246152936,563.8352289596805
1483,30,761182.3631756441,4488191.041537342,524.9113477854296
1484,30,761366.6688401444,4488563.556605027,354.8753392618803
1485,30,761362.9374541866,4485054.886604457,1142.3864068317316
1486,30,773238.7376994378,4479465.555521898,899.8413329517807
1487,30,773731.9751253284,4479416.42694772,1513.9336345499012
1488,30,774690.1764103592,4479707.30220467,673.2540927231373
1489,30,776063.3997528217,4482065.686136591,569.7956802006338
1490,30,776815.0186781839,4482568.986792181,1483.849579641361
1491,30,777873.6282029463,4484115.385967742,808.0887172046469
1492,30,777748.3924773847,4483984.827489097,2368.565657991589
1493,30,777309.1357885851,4484799.89828731,2256.43337032969
1494,30,771956.3412860662,4485388.034418559,693.5530721824503
1495,30,757430.3193125126,4483056.423407219,1482.596754506455
1496,30,757820.1028499888,4483107.449809142,1094.3639788520704
1497,30,758180.0352565236,4483249.406827128,1301.9842670130586
1498,30,759587.2226818504,4484050.894128697,512.4920200721137
1499,30,759941.7486079207,4484195.720033696,1224.1760009857376
1500,30,755623.9823195034,4483753.626722298,1089.3932784609626
1501,30,760225.9575944862,4486284.488642611,880.2952850896191
1502,30,760443.7366577785,4486674.306411036,682.6002509514586
1503,30,760333.594449218,4486774.509803882,605.0074371177379
1504,30,760590.2256215638,4487342.182546056,1343.413743293803
1505,30,766450.9293087688,4486035.0900247395,1472.625041909847
1506,30,766467.4302840588,4484836.537231591,827.5893092249885
1507,30,766012.9470399097,4484414.798982854,210.99003401986795
1508,30,765576.196255776,4484280.802850066,1289.9685180994368
1509,30,765090.4924716653,4484916.395299694,1074.6596414533133
1510,30,758802.3242894278,4483899.659237759,1388.3660567660652
1511,30,770319.0256688393,4478609.57398346,1337.9573343711054
1512,30,770342.560102412,4478791.816248037,1263.9014106130967
1513,30,765647.6002270784,4483064.24442922,1835.6619650102316
1514,30,764411.0704501653,4482869.35729633,1079.4108335236335
1515,30,763726.2850159359,4482205.6210907195,3338.2726916353545
1516,30,759565.8224331454,4484489.852720354,2333.9454696219855
1517,30,759659.4794343715,4484270.3104044525,3053.4508371206966
1518,30,759232.2785405627,4484062.139567925,1403.1157443859558
1519,30,771240.2111194392,4479047.152958267,1505.2144006468468
1520,30,757018.4978008891,4483157.442016473,1576.1729160787481
1521,30,755205.7805258649,4483398.184374296,909.0829894595589
1522,30,772140.8995924885,4479132.490886092,203.02508330566587
1523,30,775102.0380204143,4488214.16065086,505.9582256059666
1524,30,775279.8180899028,4488119.51107899,1409.7690446238705
1525,30,757844.4106478433,4484409.585393026,302.4034086266789
1526,30,757847.2208158207,4484182.490678787,476.10363471746115
1527,30,757406.5527458906,4483935.46636321,622.2183269099515
1528,30,771124.2141996146,4478962.226941778,722.8200041703155
1529,30,771323.8972399742,4478839.41717645,1995.5313328730917
1530,30,775349.7667237851,4487564.540293255,1343.5571643526562
1531,30,772969.4801680988,4479420.129089617,280.5374067087421
1532,30,769706.596853337,4484665.906125359,1039.1713480746594
1533,30,769803.1077230623,4484898.503721025,827.167455679335
1534,30,770817.3376132321,4484663.567671239,588.2352553830842
1535,30,771140.1908941054,4485198.236031203,813.3423602934416
1536,30,771677.2324889044,4485448.631661343,2187.254241225072
1537,30,772790.193049174,4485843.431508752,766.1519453548267
1538,30,772962.5679997323,4485676.653781935,867.1175988906436
1539,30,773792.2768369283,4486298.580144028,1723.1854769672395
1540,30,775250.6632429606,4487641.7242803695,944.8272982321321
1541,30,776897.9053384083,4484953.123849912,1265.1570476997372
1542,30,776544.3196417206,4484946.81452101,2117.4699621760974
1543,30,780458.1378557289,4494654.441086499,516.8168588092049
1544,30,801001.4165336458,4483278.200446714,575.7171045445135
1545,30,800835.5580304427,4486663.943451979,708.3641310392977
1546,30,784527.2152915068,4478823.054165763,315.35938582601267
1547,30,784334.1520030511,4479022.672569047,605.180954724707
1548,30,783732.2072434215,4478854.506453935,404.0145736201477
1549,30,783616.9741273082,4479015.66243465,658.0527201755967
1550,30,768888.9619400313,4484211.16875196,872.0881685520488
1551,30,755484.8858441124,4485528.738347445,2312.8594763686315
1552,30,754402.5101862774,4483003.8148707375,1582.2097475531568
1553,30,776498.2953211721,4488622.9973614225,3870.1678473469983
1554,30,776481.5516311651,4488835.454914612,854.3214529297636
1555,30,776336.8449849266,4488931.021682599,545.2102629745934
1556,30,776292.9613595863,4489495.559194468,2231.8977427603636
1557,30,777704.6927322346,4489571.010678666,988.7321663039309
1558,30,778056.66469028,4489938.522910584,922.4266637278484
1559,30,776401.7901051734,4485046.250036853,826.4818146342526
1560,30,780617.7196515634,4496064.093910155,1133.5586167538152
1561,30,779856.6143294963,4495416.046409775,495.33069431492777
1562,30,767442.0141728705,4482779.614721166,947.7779349463469
1563,30,767541.1403473142,4483042.256050193,1633.0354204387077
1564,30,767754.8477937918,4483062.016555022,1136.9424835268514
1565,30,776331.0016692781,4485925.634160859,1920.924583942795
1566,30,769324.0588101671,4484579.872925998,671.2935720212432
1567,30,769276.436338059,4484380.400893185,816.9594443820905
1568,30,769768.3571227994,4484591.242073956,672.4293966729923
1569,30,755740.1904184703,4482672.503836229,1121.3525117547504
1570,30,755892.7142522314,4482836.152378664,1066.1577479275907
1571,30,756258.0600523978,4482929.1618364565,1159.641180543415
1572,30,756697.1306242719,4482970.810310496,2043.0338758445102
1573,30,756636.4303406035,4483282.17909438,4442.830169553548
1574,30,756953.6168542437,4483721.417719766,2515.1786266197414
1575,30,755352.8651730799,4484059.544912961,1940.1188921236599
1576,30,775652.2793875121,4487690.901218644,993.8226503898021
1577,30,775835.6880970806,4487868.996417869,578.579264143064
1578,30,776074.2767663272,4488023.734065386,482.51363643096437
1579,30,776380.6003216509,4488067.071592028,1778.0981593386655
1580,30,759318.049612442,4485617.638498341,758.6375313265628
1581,30,759415.806723253,4485838.618806084,717.2224336556998
1582,30,759326.8997639238,4485984.247490581,1032.6314533499697
1583,30,759565.1439986755,4486184.360039171,1932.7145235270154
1584,30,759837.6373089977,4486249.357985561,983.417754491619
1585,30,759997.1858722621,4486353.945065202,561.6330464951641
1586,30,760604.1077196085,4486489.914724695,1268.2836526812812
1587,30,761057.3727745162,4486639.459809744,1739.8147495902026
1588,30,760761.6137571366,4486865.452310515,369.2934563584822
1589,30,780263.1843885365,4495232.414114385,5098.329773004048
1590,30,760706.5804478172,4484156.256167448,711.5728496332442
1591,30,756084.3471284162,4483480.581620072,3110.970153205416
1592,30,755167.346248617,4483872.753223925,1816.1989743256195
1593,30,754783.076412416,4482248.402092164,2035.0247272239633
1594,30,755472.1846662784,4482387.412964038,2764.3033200844625
1595,30,755535.2463176312,4482545.267025804,947.1690341104818
1596,30,761561.6700598083,4484778.394777441,3881.7162343032796
1597,30,761772.5475356561,4484754.422236157,2191.8362596936195
1598,30,762607.4385417859,4485064.86698533,1524.041795460072
1599,30,762979.4105735767,4485136.962023286,2081.3842214907213
1600,30,763271.7874830291,4484821.151187736,1781.797809287009
1601,30,763740.5218371782,4484890.17264202,4114.025782346589
1602,30,764370.9495894205,4485619.081209007,3391.8582946057127
1603,30,764833.0893295526,4485994.897042308,1976.8875878126007
1604,30,762322.8669622635,4485834.6913835155,763.854037859634
1605,30,766235.1574093411,4485567.37200299,438.3124436134329
1606,30,766273.698021148,4486247.477395326,1219.3369287349772
1607,30,784551.2222745194,4489194.073832664,702.1679472093111
1608,30,776482.2200173159,4485607.083335487,2788.9867278656857
1609,30,783632.2044368618,4487560.834788702,1228.8946962448967
1610,30,757739.5481821396,4484567.46775095,680.298427008348
1611,30,757628.4621989981,4484924.827886216,1086.7315980659494
1612,30,757894.462111746,4484932.558340677,412.9589081705277
1613,30,758647.3352466994,4485035.542907835,390.6815261273184
1614,30,758794.157185247,4485111.202119227,1110.4568740465475
1615,30,759139.2566143817,4485247.234848982,560.9444980115288
1616,30,759361.8986086359,4485372.081915034,388.09068000020784
1617,30,770477.3210131486,4487767.2838868275,3860.984086895989
1618,30,771255.3005113764,4487225.640816885,3750.4929410968084
1619,30,771058.0829385257,4487114.057686259,3030.6777660863154
1620,30,770729.8784791123,4487086.586103413,2585.579456754231
1621,30,770361.924249411,4486874.283581991,2006.1982421457237
1622,30,770229.4304452045,4486605.016469715,2322.4683856833253
1623,30,755669.5119573681,4485442.4290253,2415.092420135038
1624,30,766134.8553887529,4486940.9367493875,3740.5486627799846
1625,30,782048.23943023,4487941.343495316,720.0804164820696
1626,30,761035.4402498158,4487080.691795228,1986.8552004039836
1627,30,760922.370235029,4487466.542365346,3532.3923028353443
1628,30,758761.6588843616,4486427.647911679,1132.1498274043392
1629,30,759041.7834588132,4486303.998539691,4195.773424027157
1630,30,759427.6828257965,4486263.096626685,1991.8004587376295
1631,30,760661.5559240889,4485727.401182377,1334.0075539516652
1632,30,760377.2734903978,4485443.051870247,2184.482917299484
1633,30,777463.475995751,4486782.432080839,2766.4311789197873
1634,30,776933.8006518269,4486550.987401321,1105.4201840083838
1635,30,776741.2056351195,4486437.592943163,684.0601647937636
1636,30,776457.8762000289,4486510.45228368,1687.0172887587885
1637,30,776334.8976000199,4486491.388996635,995.8983457144489
1638,30,775968.461892196,4486218.388926076,1712.1709752460265
1639,30,775657.5391531534,4487452.590823025,2115.587855168967
1640,30,780566.5110897426,4490647.463784674,1580.6004277948798
1641,30,780335.1998728637,4490564.264547735,828.2296271657509
1642,30,774904.3950242134,4486957.794267087,3906.154180783458
1643,30,774935.6456677079,4487061.786926598,2072.652112620609
1644,30,774885.5344994643,4487443.282099539,1699.216568644804
1645,30,774894.7986390033,4487516.201884378,2003.1084827869477
1646,30,774909.3563072532,4487629.25701814,1247.1176146272414
1647,30,775488.4887946494,4487705.897713324,6682.7300076036045
1648,30,781494.7706526123,4490897.317409196,2345.034501301923
1649,30,776207.8179097731,4486380.100419605,1816.3520152664769
1650,30,776638.4038294097,4486141.130318757,3543.5091306881905
1651,30,755317.5055702793,4480991.232210362,671.7913419203817
1652,30,781649.9589904421,4491059.584358469,3017.6397640149085
1653,30,756641.6885661855,4482570.346615794,4087.6135006343825
1654,30,756870.6416507579,4482124.474808883,4458.730519092602
1655,30,757133.380412384,4482769.11721393,1540.334359426734
1656,30,777229.6254789145,4486737.067309114,1162.422697608497
1657,30,781588.5912935726,4491084.832580249,2341.4044406503176
1658,30,755502.3946697991,4480963.468447779,1194.052379495154
1659,30,781731.4734065958,4491000.11392408,4139.010534610586
1660,30,781839.4318126024,4491020.4867419945,1914.497821227753
1661,30,773184.1897126592,4486878.322160026,1444.361531834585
1662,30,773243.42033709,4486769.889235186,2820.074188695132
1663,30,772985.5709237097,4486697.803021408,1381.8074964534349
1664,30,773164.9598751152,4486341.082934639,1110.3983608566482
1665,30,773095.5427011108,4486395.9174693655,3286.3214250881647
1666,30,773085.76940772,4486579.434345988,1628.8398741984165
1667,30,773028.2860425948,4486527.206126263,2022.885941058708
1668,30,772920.7841981073,4486567.881226805,1242.983959103087
1669,30,772990.850326457,4486511.153970534,2295.9335203513783
1670,30,782286.9518725948,4489733.9571419675,1399.3391406732794
1671,30,782354.2606966959,4489788.401576465,2220.1664259504223
1672,30,770011.6541036627,4487477.310326665,5519.548724848517
1673,30,755268.8991051443,4483574.659203806,1217.575023035851
1674,30,758148.8534615124,4484342.471690137,1131.2350030087252
1675,30,757717.7968445624,4484161.467046808,1097.5005845037372
1676,30,756932.6143104815,4483962.030192237,1994.034171645524
1677,30,756884.8798004921,4483353.741446641,2919.2101798115477
1678,30,755094.4972180558,4481086.401718007,1702.8290611359319
1679,30,756093.9412354307,4491272.873456565,1507.3004985811335
1680,30,774900.6269035183,4485370.868918238,1256.2407241422388
1681,30,775250.8944232841,4485369.153504374,2027.8728597323748
1682,30,766596.480543451,4486968.631587597,5652.57381034854
1683,30,767319.2318526986,4486503.813335954,1454.3828811077547
1684,30,767536.7221234316,4486679.966187916,2405.1485501097222
1685,30,767577.423543093,4486272.267484629,3289.6907213797476
1686,30,767195.4854438044,4486168.594700162,1763.1837938826914
1687,30,767077.4000822963,4486071.1448036,3600.6482571214833
1688,30,782517.4558165123,4489827.00201688,870.8195161821319
1689,30,754206.5306695998,4489618.001103062,1418.6818356495241
1690,30,754357.1774816484,4488925.772069878,1631.9646110688848
1691,30,754238.201141461,4489978.902223963,908.5465718261698
1692,30,754679.2181372282,4491006.191471897,711.2720897155237
1693,30,756469.3679399714,4490984.0884447135,699.2178516429087
1694,30,799160.6037933235,4481219.426491223,811.1152429979114
1695,30,760595.6371645217,4490977.3463227125,1413.7692703101202
1696,30,760551.0183694069,4489982.279790078,719.0164178809387
1697,30,760804.0343565086,4489784.77943307,1595.1331776686761
1698,30,781348.3393266668,4487532.744404709,645.7450858688749
1699,30,780951.6684486397,4487718.0821418,1523.9693529881783
1700,30,780659.1589451031,4487850.510400224,1579.7034961082063
1701,30,780487.732901172,4487830.9817486,1495.4680200675516
1702,30,778908.4398958464,4488282.432757642,1645.6076017359724
1703,30,777693.3392991382,4487350.654220733,4149.984322112807
1704,30,759160.7820870039,4485705.160853516,1044.7123288730797
1705,30,778688.1944106612,4478333.703560246,586.3783274316121
1706,30,772844.6925896049,4478570.381683179,373.2764573570096
1707,30,773212.8748776503,4478462.613052399,851.295709336614
1708,30,773541.1301572102,4478616.767578304,968.2776762688603
1709,30,774952.5271112727,4478172.901312478,1261.0098124756878
1710,30,775439.8187528361,4478663.059761277,976.3233176641379
1711,30,774474.4742201507,4480596.117587518,2027.6063818736523
1712,30,776283.7295565628,4482578.353981536,2938.8705135396553
1713,30,760368.6565132643,4484908.168488157,1274.4716537860604
1714,30,771751.5440904752,4485291.673720382,1520.84099060561
1715,30,772136.1186694972,4485383.124228576,408.24431862340896
1716,30,778083.7776236893,4487261.812578796,1023.7010967103232
1717,30,774248.0875526407,4485695.5585282035,738.2821501473234
1718,30,775202.7728483661,4486259.855611155,1222.417475651471
1719,30,775423.8473037484,4486455.3836129615,1590.4233859477092
1720,30,778462.2192628639,4478456.0291125355,336.15861697638513
1721,30,759769.8305087158,4485364.287291293,1507.6373853241735
1722,30,772298.1369419352,4485427.406614677,1489.8813985708273
1723,30,760516.2741890044,4484148.74927572,2662.651634669992
1724,30,760330.1705819797,4483642.137634496,2066.171644795873
1725,30,761924.2552143271,4483340.39535646,645.8343425471865
1726,30,762722.7755718811,4482917.328776497,371.9286818580351
1727,30,778679.0382303256,4487548.796984297,2826.003076814021
1728,30,758470.4721900289,4487147.495771012,1122.824666579165
1729,30,776607.9644047066,4508578.677536132,1980.765323758612
1730,30,766002.8728059878,4483258.175949719,852.737502716908
1731,30,799291.973988525,4510754.824466393,1102.9468109236302
1732,30,779000.9958585943,4487862.7326082,2086.363169546437
1733,30,775756.3785785573,4486454.006632989,328.24025190763894
1734,30,758899.0809883712,4486207.4178459365,827.783353116411
1735,30,758650.8556202553,4486274.835857287,916.1087374150059
1736,30,773218.1841147218,4485130.990554412,1421.1595095295334
1737,30,781929.5849859377,4490780.816815089,2738.8676326409463
1738,30,775899.4672496793,4488542.083217787,1109.3803283794325
1739,30,776099.2965189314,4488434.901852037,2297.919764290505
1740,30,776023.2043016342,4488452.415908081,4279.250809661359
1741,30,776010.3884094987,4488565.42058252,5661.508851808249
1742,30,776195.2164558506,4488681.240112765,8091.654460477203
1743,30,776283.0573864173,4488625.248855982,2569.4646255565385
1744,30,776362.4716044916,4488598.914204963,1919.9051598908536
1745,30,753604.2908170681,4490239.493495346,655.8569804703059
1746,30,753727.9104977442,4491087.787843551,240.85688496871072
1747,30,753897.1353195183,4491228.526896966,915.221356443073
1748,30,754093.2199208329,4490840.473519404,612.501277513231
1749,30,759574.6450678287,4487177.53021254,898.2322801475034
1750,30,766169.4533926484,4484513.099737038,547.5299112111011
1751,30,764328.8614899383,4487094.191172552,1023.9373404410386
1752,30,755872.4954806238,4484912.899264148,1212.1309354410141
1753,30,782139.464569955,4490689.473948733,1669.962732171543
1754,30,782056.951573142,4490436.404777331,672.4347789571583
1755,30,781963.3841415865,4490373.790745095,1392.101756861795
1756,30,781869.899289861,4490160.227908128,3539.1243035544503
1757,30,781823.9520012579,4490139.233637099,1986.355245074817
1758,30,781737.4404335881,4490086.05721152,4443.375943080579
1759,30,781860.1222664106,4489721.261894924,1411.4724730002536
1760,30,782076.5794374762,4489759.429261306,2482.40540427826
1761,30,756339.2675095991,4481323.387836399,939.7208982332174
1762,30,756164.6256544747,4481122.3565632505,787.3213190676277
1763,30,756008.8275463332,4481388.708921937,1000.0686668314603
1764,30,755806.4181822198,4481143.790817616,1454.5462723688106
1765,30,755557.233754353,4481123.411451441,1134.9998504226346
1766,30,773175.6593264153,4483661.290313157,1133.639324505944
1767,30,777035.9674979337,4479658.757442669,604.8806348210805
1768,30,755133.8339527404,4483258.565411113,1067.1754793813097
1769,30,766768.4279275937,4478572.977854813,4030.8173874496633
1770,30,790442.5523209614,4481562.31332677,749.4149521526256
1771,30,772247.8413124959,4485908.357216279,469.3541524297706
1772,30,754963.5978931079,4483956.345083559,3883.5392995960083
1773,30,755016.2781119916,4483546.240498603,3746.557364682983
1774,30,755278.2982187092,4483511.853041761,2157.05129644771
1775,30,755156.1927453476,4483362.008083317,2072.321865434813
1776,30,755098.7300475043,4483337.623361611,1822.6236516869349
1777,30,766768.0707088584,4478294.042232349,1481.0442154074237
1778,30,755048.1072188175,4483219.411313029,1051.6724195572258
1779,30,754821.9433856029,4483099.944715193,1710.8511184211534
1780,30,754518.0541263853,4483321.532218807,2839.9695631295185
1781,30,773230.7928932587,4486902.949643148,2542.548782563089
1782,30,773412.6151392582,4486754.8096779315,4120.6376931701625
1783,30,773191.0903833188,4486613.671288895,1896.9052660053894
1784,30,773132.8800242904,4486588.627307707,1425.6261912731245
1785,30,755841.9829560728,4483797.568043146,2157.9359170632606
1786,30,767188.6585195229,4478858.01017052,2948.194864044778
1787,30,758385.0838807912,4483307.988306693,1225.8882204351892
1788,30,758327.46773643,4483253.515451387,1735.4101678458187
1789,30,758500.1016464724,4483110.267237344,2747.2680648461833
1790,30,758795.9850586533,4483275.600856852,9497.756999584537
1791,30,758753.3668285805,4483436.618019488,3366.1915568216004
1792,30,758698.273038491,4483630.439572728,1474.4557729617463
1793,30,758641.8011911844,4483602.900088267,3320.7819744246813
1794,30,789093.1217363133,4482309.605544045,2889.500375295585
1795,30,789245.6846406603,4482261.227862209,10185.693802866412
1796,30,789950.0718083977,4482224.333930268,2688.977011404032
1797,30,774121.3754372399,4480891.570836953,942.7761261836183
1798,30,777137.097190798,4482902.25662194,612.893705772163
1799,30,759050.7636338054,4484269.4223056,4039.2920562730665
1800,30,758907.9244381947,4484298.887956602,4168.839152933792
1801,30,755765.9435376549,4483832.29794767,1848.858371199721
1802,30,755613.1204665519,4485476.322570642,1577.1219054355058
1803,30,771915.4550574755,4485710.202834435,755.8270288865334
1804,30,776758.794395133,4487651.092262428,1372.4733232646547
1805,30,776900.6604419724,4487909.649448312,2411.644995534859
1806,30,776811.3326279884,4487886.349833841,425.43297273234487
1807,30,776875.4866555741,4487935.292376719,2599.35944834999
1808,30,776540.6120966855,4487926.3371057715,1102.5534671143528
1809,30,753942.0198754157,4483726.677360841,3013.979723292317
1810,30,756040.2817174006,4484988.923319672,3140.9330035222256
1811,30,754779.8383147145,4483937.954882386,1370.7757178259344
1812,30,754739.9067864978,4483953.242617142,1942.665333216738
1813,30,755382.6881547867,4483995.078095462,1904.0306922995842
1814,30,755410.0877481778,4483874.186422355,1008.1530855466258
1815,30,755471.058173795,4483857.714184212,1501.41618756033
1816,30,755568.3743449542,4483787.538350064,1354.3472769793993
1817,30,758855.5041952122,4484653.479521254,3122.7522007691978
1818,30,773370.993671595,4486265.3128913045,2263.874396053631
1819,30,775439.9254360972,4484077.891269074,1438.1797325276696
1820,30,777075.8151541075,4485275.87207398,801.0153541217849
1821,30,776710.6180805847,4485555.719009573,851.4000916853831
1822,30,775045.2591299475,4486287.199674914,936.6578902816705
1823,30,775315.3923168881,4486715.36713317,2111.0870652288127
1824,30,775460.5416539881,4487627.708235841,2528.2284238991388
1825,30,775529.791816582,4487649.262681611,3700.9433512998785
1826,30,775697.0437167473,4487635.073936276,1541.5809270637494
1827,30,775726.3620699513,4487723.139292151,2113.443774186914
1828,30,775914.851861395,4487795.040647847,2570.4389316180723
1829,30,775966.3450518389,4487897.804800259,2396.0339592350538
1830,30,775831.870283909,4487983.605295425,3118.2498668404737
1831,30,774911.3098890042,4487169.166283402,4961.602179119199
1832,30,772975.2225287687,4485937.880225175,1965.377784204111
1833,30,758122.3710167381,4486622.629434379,1033.021871568415
1834,30,755749.3136248122,4484804.351376587,1407.583964840176
1835,30,755838.9379827072,4484669.303429228,2238.3904981333035
1836,30,755862.1228143485,4484950.60794445,1118.6522371404687
1837,30,758776.7839817376,4483723.74031404,3803.28981468382
1838,30,758863.8087782711,4483940.410310872,1762.7899513751122
1839,30,758876.4870761267,4483989.748293603,2110.4500345187457
1840,30,758848.1726357406,4484234.199273938,1880.2582730593012
1841,30,758734.1693339364,4484456.404506518,4178.086018162358
1842,30,758606.5670912717,4483408.301016415,882.7908865018936
1843,30,755414.5340532868,4481908.898087163,1553.3475390444105
1844,30,755602.510772622,4481990.943008739,5355.8740831507275
1845,30,755314.8697861348,4482351.670052317,1656.7389652001193
1846,30,755549.9066257637,4482768.513059436,2004.6418197468106
1847,30,753754.4850552238,4490626.380989316,382.4352534848182
1848,30,775771.5009013932,4485684.307239905,2709.6365600547833
1849,30,755587.0593133048,4484977.070380963,3416.5934163925403
1850,30,757989.2323088398,4486836.961591737,1390.0668155958585
1851,30,757462.231863426,4487841.85651145,790.6678247721902
1852,30,757678.5010798046,4488193.984765141,621.5888888002598
1853,30,756581.9536113637,4491036.792819298,149.8275811016506
1854,30,755658.9950135357,4491476.059987158,1653.2332603337084
1855,30,762525.5656154959,4487228.9134605685,724.5716141880073
1856,30,762656.2294159088,4487294.465868959,4007.1934298322603
1857,30,756304.4325164075,4482519.625571412,2848.0211595505275
1858,30,758771.2364536196,4482925.171313608,1454.4395812858397
1859,30,758676.8458673949,4482623.451388339,371.74441829262963
1860,30,758702.4298636848,4482766.619864976,1717.0920249725555
1861,30,757269.094740235,4481455.4241011515,1449.3996619159952
1862,30,756949.1814822829,4481445.384933778,1858.1033371906906
1863,30,756465.0485289767,4481455.000618254,1545.48533786609
1864,30,756717.1163568093,4488058.311559838,2850.8197995914006
1865,30,755740.9549319112,4483907.804709757,844.1758071317629
1866,30,758615.8194413999,4484597.727139945,4572.06439193101
1867,30,755866.8134696749,4483900.120387718,1997.3019553504557
1868,30,755914.7308624061,4483917.925790472,3025.017161597624
1869,30,756045.0732231385,4484003.654865356,1976.5539528595896
1870,30,755961.595147426,4483953.188593748,1974.443911371825
1871,30,754751.4181986296,4483827.551863168,1593.037330033975
1872,30,755392.5482565938,4484244.722820019,1172.872706936063
1873,30,755930.6731343771,4484256.189936362,1189.342303579078
1874,30,767297.0248505882,4479103.976440113,1163.0723934460639
1875,30,758779.5355807329,4484395.969409455,5465.268201892053
1876,30,774850.1704313506,4481975.502959194,574.5370892504047
1877,30,758073.2758650928,4483394.327648685,2628.640074276069
1878,30,755420.6040480838,4483940.366162624,1584.9381833916627
1879,30,755271.5218976696,4483867.349341645,904.8904246599226
1880,30,755320.715766773,4483901.627499453,2570.791894107279
1881,30,775495.9994648348,4486306.189750749,586.6099642633231
1882,30,755851.031110115,4484005.037259813,1101.897109030946
1883,30,755864.4880222328,4484030.709415247,1143.366691395796
1884,30,755892.6997438764,4484077.791871531,1279.8162225423894
1885,30,755849.1808721361,4484293.156143409,1262.2490439115463
1886,30,755700.0850825941,4484322.497600305,4083.2026626829193
1887,30,757052.1065755233,4484140.134223864,2157.1963603984486
1888,30,756811.4660501394,4484019.635311464,3429.3840348472095
1889,30,757007.3619957515,4483906.339102696,1229.0912609548368
1890,30,756952.8456508543,4483929.843894109,1838.213814058557
1891,30,757019.7359679921,4483659.655985161,1564.997622922659
1892,30,775525.0148844192,4484058.482832156,2528.352959041959
1893,30,758124.2293722583,4483428.161615751,3474.9690801537213
1894,30,755492.1585031297,4485443.272442451,1447.4194979348085
1895,30,755643.447487962,4485259.252172506,3678.0495977990577
1896,30,755613.788668985,4485331.90631949,2347.012739385801
1897,30,797007.7387566251,4549557.498832529,391.89884865112674
1898,30,773719.7094403355,4487138.8575276,2613.4828291460935
1899,30,773387.826384867,4487071.641076939,1451.4538154893448
1900,30,772965.8188440314,4486604.1162302615,1737.0125647264508
1901,30,773135.1838178354,4526426.077347501,2545.4212680370847
1902,30,772854.8892354525,4486107.300144631,694.0963254209227
1903,30,789445.029019242,4554849.115569457,429.4466739807551
1904,30,796033.7807066388,4549533.4935679585,1080.0849619697406
1905,30,795330.2463389172,4549301.402226421,1347.3646927618088
1906,30,774087.3601368937,4487264.241026692,311.5461505464077
1907,30,770456.0639215192,4484886.945216395,1165.5096059459388
1908,30,770174.9681414888,4484744.965862489,1055.5876515186362
1909,30,769984.68412033,4484454.768515886,1067.35298997428
1910,30,773025.9249904254,4486391.048408497,1306.533788378136
1911,30,789295.594615347,4555828.2978479285,821.8413480459778
1912,30,789791.5524786335,4555522.650507747,454.6203996259503
1913,30,796652.0562519305,4544954.75769678,1725.8758258945982
1914,30,799992.2448389762,4543840.46753459,1106.1639638984623
1915,30,774271.1504980024,4487250.797577548,2215.7086754942757
1916,30,774696.9684738208,4487116.930130308,1688.4308651719198
1917,30,774604.0009073707,4487264.537021474,2116.215523505095
1918,30,787677.3337625159,4556799.625912293,869.047598384865
1919,30,798051.7340911721,4535251.737284447,532.690317517468
1920,30,784601.2433252743,4530486.543926608,1814.025884502682
1921,30,783537.3558359013,4531595.564727011,2276.835713024239
1922,30,782883.9235031168,4531456.636516161,244.38766524437537
1923,30,783198.1089520099,4532910.099249255,2133.5524451821266
1924,30,782478.9986691336,4534118.381391644,2622.6576982510865
1925,30,778760.8392277986,4537375.320617519,730.7620462016481
1926,30,778237.3352226941,4538517.535743165,401.8608399200748
1927,30,800477.1592597298,4531518.106211411,4529.953606251889
1928,30,782440.9555252818,4549798.436696087,1035.710023417674
1929,30,782334.9763828003,4548023.378404715,1395.7686046777496
1930,30,775234.748507518,4515360.579514581,2340.399993502256
1931,30,768823.9687080913,4484407.36233272,1376.8816023006227
1932,30,771794.5036672375,4485814.02995014,445.5781484388247
1933,30,773524.3182627426,4523138.8649780145,1547.9311596141674
1934,30,775873.0719336454,4518773.8509981,976.9763876157532
1935,30,775819.8842038413,4518447.571810953,718.6965408781225
1936,30,776087.9753486543,4518377.449299927,676.2863337164755
1937,30,776666.8513423948,4518088.042088688,2138.2515483800835
1938,30,770754.8139314359,4485089.827861383,1712.8183133278417
1939,30,771053.7306871472,4485260.433269483,1618.8578892245132
1940,30,771678.8108598728,4485687.307327553,746.8339719473107
1941,30,769869.9650497928,4484171.415600649,801.8561386647386
1942,30,775070.0960210551,4517236.044080098,1393.5595229054095
1943,30,775239.7831609602,4517082.27117136,747.4742294531147
1944,30,775112.343323833,4516780.585404151,1385.3887217001973
1945,30,774876.3974156105,4514865.593433984,607.7159805171466
1946,30,779797.5171812519,4544089.392009089,989.2767563032413
1947,30,774801.2340509774,4515569.0566369835,1192.322163368107
1948,30,761314.3453865513,4481420.379722031,1301.6936571061171
1949,30,803531.2213267685,4542396.4368523,256.7099288620771
1950,30,774958.3182559344,4487525.60250922,1808.4925769927625
1951,30,775611.5579533626,4487912.630825194,2761.7877695656234
1952,30,832035.914454416,4551150.8022524975,329.26116732313807
1953,30,832426.1250695974,4551624.046652519,430.8052220181128
1954,30,831869.3461048689,4552143.968599921,1098.0095840064955
1955,30,809092.7362375526,4542057.801454122,570.6281032568011
1956,30,808150.1582519844,4541483.426909021,996.1476780684804
1957,30,803513.3748389307,4541868.712422156,269.7556783570029
1958,30,774770.4152658221,4487387.791628794,2354.57928406619
1959,30,803692.9252680227,4542436.43014009,759.4134727800224
1960,30,803481.5660097915,4542317.544601166,404.65803172189953
1961,30,802171.8637606576,4543944.001955006,470.56595191708476
1962,30,755591.5179762691,4482858.944756776,701.0292794543552
1963,30,779631.9769687566,4542328.926384942,240.84560285195175
1964,30,779903.982931192,4542131.69376353,613.1762513371809
1965,30,780217.5627110641,4542472.098884356,2029.982613128749
1966,30,774541.9642599418,4531810.598777526,506.137062459932
1967,30,774736.1378193522,4532284.592163828,1352.3969343506021
1968,30,775519.5285561279,4531480.3245697655,7380.39031009788
1969,30,775212.6196755897,4517277.450986846,842.5677728136546
1970,30,789501.5530391791,4559810.930644506,2495.471937575271
1971,30,792081.5106700717,4559463.408898396,2389.868786656343
1972,30,798464.7549318707,4558385.624032169,3434.520588244122
1973,30,802397.8571143636,4556768.618429974,4943.025628881101
1974,30,804066.7150119285,4557790.439067493,878.7397384094335
1975,30,803509.781343311,4556851.118158317,997.5361803666195
1976,30,803677.178281692,4556520.188987088,1595.2025933059692
1977,30,776214.4065246497,4517787.832913358,1255.675498750794
1978,30,765005.5128895454,4482957.823885638,1774.1245887326209
1979,30,775166.5728937772,4517643.6633826755,604.0308089351491
1980,30,774576.0961212054,4517557.885499562,643.4301743218243
1981,30,791289.6357252182,4510638.9294153,1171.898629785354
1982,30,791110.0171464713,4511166.878685753,1313.9523807411551
1983,30,791161.7955890915,4512608.714992138,3285.359253589167
1984,30,792646.4150666372,4513631.2925838865,1132.7066214248455
1985,30,793962.274042259,4514669.252488206,1403.41926642955
1986,30,795795.246293368,4551742.620063609,152.62955220206368
1987,30,788757.5288262466,4550376.761233636,2200.449555153342
1988,30,789056.1035283733,4550079.601427054,4147.191001087609
1989,30,804672.7258465748,4553536.293988259,2264.6575046814933
1990,30,804420.175736173,4553890.231599931,3205.4644920183505
1991,30,796921.3219109924,4558323.511111186,2753.6795317978226
1992,30,802312.9777688305,4558032.196207211,6764.021997512557
1993,30,802412.9815975109,4558032.932266343,7725.544438968425
1994,30,802165.4105038239,4556057.346403269,5062.8718397448765
1995,30,774438.698299509,4546015.817152589,1791.4172852359698
1996,30,775945.2979567549,4549519.124240505,544.0247055673757
1997,30,778715.3588349787,4555705.505609746,535.0921277725097
1998,30,781636.4656326,4562089.9541564295,549.4661091480148
1999,30,799391.9344027385,4508855.965443744,336.4845490164207
2000,30,782193.3178190206,4488655.722992571,2426.611477194415
2001,30,782358.160592307,4488682.374113147,1465.7262618892537
2002,30,782525.1789830575,4488783.6833761055,912.7844414948585
2003,30,782089.286611943,4488920.72009663,916.0153874368318
2004,30,782187.3290470688,4489543.240338601,2502.5247058471014
2005,30,782607.4098279962,4489329.419485744,1522.7463314195043
2006,30,797360.7853909052,4507256.126244648,1073.6334678610874
2007,30,797605.7216721985,4507739.424147717,3228.1027811249246
2008,30,783899.7048480804,4562627.25529784,899.5042668228948
2009,30,802857.8166284857,4556262.845120953,703.0904694338885
2010,30,768468.1465933037,4484065.220245946,1735.8715564599556
2011,30,795187.8326536061,4510795.643887479,1478.860294715669
2012,30,794632.2448149528,4510618.513391635,1287.6406959477004
2013,30,796321.3114697369,4523227.534584925,894.0017042688063
2014,30,795011.3447879057,4523685.83213592,400.3714467884817
2015,30,794835.2364655109,4523662.087144393,205.6946458289584
2016,30,764701.9629035101,4482757.573328636,698.4810676533417
2017,30,798835.4461611747,4558937.800312677,839.4615669098614
2018,30,792674.2571038655,4559383.3231197875,1354.3964544393361
2019,30,791390.3464077587,4558993.638787292,780.4014316880982
2020,30,790616.7046716071,4556747.294691745,524.5878738861109
2021,30,790803.4932020014,4556261.125122718,507.43158601399176
2022,30,789546.7388467264,4556050.81082099,970.8958536313312
2023,30,764129.9845406888,4482760.778955523,780.826465844697
2024,30,764242.8157830263,4482942.683223573,1169.4441897975003
2025,30,804012.2411385564,4558663.612193717,722.7976772813328
2026,30,771585.24256033,4485074.472520836,2432.5822701428488
2027,30,777291.8698035491,4493462.55918818,611.1015981605821
2028,30,754655.3235238135,4483878.524786146,342.51157946696173
2029,30,757741.5521313061,4482628.4333113395,743.5119998311544
2030,30,773332.3682129498,4486175.492658071,418.0319075055004
2031,30,796808.5738413042,4522683.606910055,290.70653093808187
2032,30,797196.9040413726,4520016.298838537,3285.5125646713905
2033,30,796719.3214764108,4520067.956460707,2421.0020447733414
2034,30,796469.6705380139,4518831.543577624,1113.7711762023196
2035,30,777509.1742220181,4493299.468712979,351.25175032984043
2036,30,771079.6090444201,4484888.670720383,1907.0033215186368
2037,30,762767.9839131724,4482347.750585084,930.4199297065957
2038,30,767945.3948405359,4484315.634036939,1749.3723392158456
2039,30,767521.3614954544,4483843.749044863,318.2290669768197
2040,30,767328.8189034031,4483603.220374214,288.87548860203196
2041,30,767182.9786174515,4483513.368741107,646.2815118704428
2042,30,767042.707808681,4483300.748581395,666.8033830632021
2043,30,766738.4062348627,4483207.437580039,980.6090746964858
2044,30,777815.1417554007,4493384.322864309,805.3691563958866
2045,30,773574.6320261688,4508835.30846157,956.7334844025706
2046,30,756417.794300673,4482183.998870068,841.5650647616023
2047,30,756822.6789095802,4482587.254572842,1857.7481220623886
2048,30,757502.1456474238,4482283.092770163,987.3238319932065
2049,30,755083.8748982297,4483487.412785321,847.0713941560584
2050,30,758655.6032824644,4482891.14150306,797.7027248409308
2051,30,758306.0267664354,4483091.673376133,674.8326486564242
2052,30,757949.0327442645,4484051.209315377,943.9532833995839
2053,30,757140.6129124453,4483452.9855552325,657.7231183560724
2054,30,757575.6294285993,4483764.712595994,794.9692822976662
2055,30,757633.0783333795,4484859.345095847,767.510338751879
2056,30,757838.2051997842,4484820.689208347,961.2737961280952
2057,30,759063.8774108033,4483818.15511333,1190.6746981054425
2058,30,757973.772559089,4484454.319100856,775.3034950164191
2059,30,759968.6524966687,4489985.433004363,602.1139275334803
2060,30,817769.3449259195,4549584.496373057,872.2254203608061
2061,30,804145.7472112301,4558845.1627930775,598.7064875519585
2062,30,804910.3383463346,4509253.851486514,827.962265822834
2063,30,764243.6338316099,4482463.035819134,935.3363278432979
2064,30,799438.7557936982,4509911.833739288,1064.892327428969
2065,30,792505.0190222622,4510259.569061635,1587.827227775174
2066,30,788799.2997099432,4509381.197744033,2834.897934777516
2067,30,787891.0586813664,4508668.580781516,5750.250632022423
2068,30,779421.391880781,4488003.561208885,448.6668601384519
2069,30,779803.0393932704,4488284.782062283,2105.222379562098
2070,30,801813.6243791725,4509586.7168900985,1639.066546344322
2071,30,763307.0564934247,4482344.631376167,1508.234919961988
2072,30,763653.6759721144,4482216.886404178,618.797142952191
2073,30,803275.0817826742,4516048.263985028,1797.1575761327636
2074,30,773209.6512117571,4485745.8862687545,897.054639418716
2075,30,758772.7891654454,4484545.333967682,644.0033158125534
2076,30,776495.3784668344,4486584.187641226,1301.8279679708317
2077,30,776702.0308008876,4486632.536580044,1598.0931024812862
2078,30,776970.4759335564,4486967.058237061,1002.7050250535831
2079,30,777513.0022540301,4487162.043131112,1251.3429054529104
2080,30,773931.4920080411,4485827.3164129825,1372.5320116810838
2081,30,778193.4130090051,4487226.877499095,1232.1139863689752
2082,30,772714.8420690061,4542000.228760269,203.90432212751563
2083,30,773420.7148826538,4542596.275735342,386.0541587886782
2084,30,773190.1452136391,4542986.45150109,782.615201961977
2085,30,773436.3392809649,4543202.092802608,892.2583768025744
2086,30,801617.4435818068,4483644.925500442,1283.233043157455
2087,30,780665.3494216049,4488216.33517154,828.9262524838917
2088,30,769117.2788374862,4484837.50819736,599.3826899619116
2089,30,764862.124220196,4482968.387463418,837.5851010790766
2090,30,800980.7537539375,4507217.096427143,1396.7590967849108
2091,30,775873.7055686925,4493711.2790773185,1129.5331740892973
2092,30,791875.4269989558,4509574.647552222,695.6942597907523
2093,30,799170.712303182,4509566.809822805,3732.5485146635137
2094,30,803014.2784952321,4519277.853395273,977.1065510695046
2095,30,804243.5685593239,4519726.11997536,1448.0897630920442
2096,30,760750.0253706807,4486042.383378121,702.1374013634132
2097,30,761118.7613314326,4486260.130676762,1071.750722820129
2098,30,761734.5131616588,4486660.776452617,677.3656019384322
2099,30,761913.4910440127,4486907.208449498,1552.2607981848503
2100,30,781082.078321224,4488559.067061289,1229.0205068414894
2101,30,763100.7125389483,4488134.296497305,618.6853465090437
2102,30,763594.3906573346,4488427.72521486,1080.306670625713
2103,30,764135.8077215055,4488333.142509498,1843.8142968015948
2104,30,771630.1456481611,4495982.627875147,786.0996847958736
2105,30,773676.0996251976,4495930.77321095,806.0538764741125
2106,30,775414.3390019687,4493564.741773294,2258.601594133991
2107,30,762421.1569109331,4487871.550293812,1517.5489202870424
2108,30,765237.9057906041,4483049.517097304,597.8657569428779
2109,30,762169.1235345345,4481850.383248668,863.4225098413125
2110,30,762494.9442278149,4482242.215892982,1711.9667932030306
2111,30,762773.9396812882,4482564.357447672,461.0466840491114
2112,30,763032.0623039969,4482705.486625267,798.2325813775595
2113,30,775734.7553325031,4488687.892530301,1382.5812313155036
2114,30,776165.7899734803,4489574.383669893,1312.908489072618
2115,30,834653.1396707243,4548069.423304865,1700.6920626397896
2116,30,834908.2514776122,4548891.121195365,1166.369816891221
2117,30,761901.6450930178,4481692.093943207,1101.3874224121537
2118,30,765497.5443609273,4483043.340709352,917.1654137161739
2119,30,765902.3781134434,4482911.520977432,2109.7922858641127
2120,30,766332.707387562,4483377.652203215,1918.4341276390955
2121,30,767015.944236024,4483119.703517041,1633.0921547659702
2122,30,767545.2321044115,4483375.53154928,2830.6648622476946
2123,30,767289.8861989541,4509277.730364257,1590.4641842754786
2124,30,758679.9477620316,4485612.14845896,240.33258447483948
2125,30,759117.5346390276,4485848.12857261,374.90556472860305
2126,30,759944.7029698718,4486013.7275702795,544.4558569981041
2127,30,760238.6441854092,4485832.7480650125,610.416798418945
2128,30,760720.1664308661,4483410.587066331,1353.9056787760717
2129,30,759981.3255025925,4483971.380888356,531.4703661091218
2130,30,758295.5690826102,4485211.750861988,405.2114105294926
2131,30,758982.4894915716,4481941.183426022,1199.0219822047795
2132,30,758428.6736946957,4481373.4668824235,1846.705557031682
2133,30,757247.2995960242,4480470.951699914,892.5556522184701
2134,30,756611.961831939,4480218.05514795,787.4925499440574
2135,30,755784.6317738857,4480903.358353332,1656.75278378884
2136,30,754866.262432646,4482370.873365556,341.3836622343918
2137,30,754646.0192591419,4482764.0252573155,338.4696590561241
2138,30,773228.8885304458,4510145.664912456,2151.490140945175
2139,30,780320.4288531014,4488352.7333767945,2585.560865618699
2140,30,768002.9848624533,4510131.701114347,2585.526718473695
2141,30,768288.5031567961,4510305.901862358,1632.3978134248446
2142,30,773091.09717959,4509447.328025526,176.53632647307245
2143,30,767214.3781914775,4509625.883991436,4516.994861313455
2144,30,767809.7522723884,4511178.778318068,7682.875582247395
2145,30,769184.5326879475,4510460.306223928,2758.917312579719
2146,30,770407.0058084804,4510586.683036366,608.0535227073493
2147,30,771367.1578370633,4508905.326218434,1112.7152810073158
2148,30,773989.4842635645,4509678.799033934,1891.3226846989805
2149,30,781987.3907996854,4512046.16530669,918.175219487691
2150,30,784390.6522973772,4510133.887743868,1083.8033172735306
2151,30,784940.3146465151,4509463.971927451,805.9483527116338
2152,30,785629.8286905779,4509949.318699783,1185.0959614710705
2153,30,788033.6342278541,4510147.292428804,970.6993556831529
2154,30,762581.097751261,4482492.253947556,233.71539334737938
2155,30,755064.6522212079,4482608.200918701,1696.434608573742
2156,30,758216.0674078126,4482177.415874053,1649.1809874715382
2157,30,768548.9379468722,4475930.103147609,448.678428334708
2158,30,768578.9594187477,4475477.884102729,779.1504478151879
2159,30,768955.1467061314,4475494.0704070125,895.870729182409
2160,30,770063.2330909675,4473490.40197435,762.8812950617628
2161,30,777444.0695159481,4473545.476774139,297.0658974318656
2162,30,774630.9191274487,4472635.535265553,466.8869518328722
2163,30,756494.7088185867,4482100.3687088685,737.0368300562029
2164,30,755574.6456110622,4481389.423542455,444.5132675475188
2165,30,754576.2303470137,4482525.609429051,973.805024703843
2166,30,754205.4584691039,4483502.117301701,601.5004118406684
2167,30,775734.9446228384,4473228.685188241,666.9343686295123
2168,30,775944.1202534043,4473209.329263792,324.16836644997136
2169,30,776346.1444493507,4473250.563327412,387.7785831534779
2170,30,771406.7920040741,4474346.345812318,562.8683595763592
2171,30,801859.4935483426,4484619.910731625,1209.2899066490875
2172,30,801714.0843561919,4483417.3661924405,774.2561298599094
2173,30,755341.6180650136,4482283.309593431,432.20024686102903
2174,30,782501.7228841557,4475822.784026778,164.01667636741678
2175,30,789984.0174121533,4479990.687280085,1230.0797654187018
2176,30,789542.541465673,4480525.313928662,979.1880459767682
2177,30,786646.8120357476,4478616.994684552,701.452100751341
2178,30,786585.7678416971,4475329.725019988,554.5133887738291
2179,30,759348.8434503307,4484957.56448301,1227.422631334557
2180,30,760391.2267015699,4484647.964467796,1210.1769735995224
2181,30,760238.0932079799,4483265.40117123,765.6456488175378
2182,30,760410.3296819751,4483199.7075719265,857.8075428760952
2183,30,805058.1566706673,4543293.644754541,1875.8854037370743
2184,30,781971.0633936488,4475617.579535192,859.0235575090794
2185,30,781619.9909650958,4475446.428336403,1004.1504534928939
2186,30,781327.1546003141,4475460.844935179,513.0348873762997
2187,30,780965.148112458,4475371.299586217,720.7636389511785
2188,30,790573.3234100526,4480117.426028954,858.5907651571958
2189,30,801917.5043456547,4478965.0952123925,948.2196588587811
2190,30,799292.7821861032,4481409.148665703,711.3191834033097
2191,30,797746.8673398644,4482848.932044122,1370.2675659110123
2192,30,797021.5096629361,4483555.1477434775,708.1058175887079
2193,30,797743.5845134156,4484063.293983501,1050.2899922660124
2194,30,774604.6973897062,4472986.301498384,911.3459741853746
2195,30,774147.628385275,4472219.893702585,681.6513195187154
2196,30,774077.2746846398,4472376.104229317,230.41366337930762
2197,30,801569.2057949608,4478231.422935063,1391.683303114702
2198,30,794987.786124552,4482570.09671791,377.25874984699726
2199,30,795322.806194437,4482791.537101626,711.1635681809504
2200,30,794259.7853348468,4481355.503364623,1340.9978894198891
2201,30,792139.2074044365,4482004.664089932,1231.3850781338986
2202,30,791381.7147180417,4481194.400730582,1240.5597207084404
2203,30,791363.3846205703,4481139.142967285,662.7060029129739
2204,30,779724.522951764,4474572.132063263,863.9251409817258
2205,30,782745.9478917955,4475661.844365181,572.623647515552
2206,30,805622.9099603404,4552910.018198878,555.415922737366
2207,30,803812.0078415826,4553942.519145919,1895.531860568387
2208,30,800600.1567080492,4487309.783974848,497.63997466116894
2209,30,802809.9289106058,4485712.571599711,423.5858243706935
2210,30,803086.5377698216,4482728.545639296,1318.8560499211717
2211,30,802998.2543879059,4482564.320519445,2342.978471257245
2212,30,785566.6674156911,4475212.862057838,251.68301377486875
2213,30,785354.4341099334,4475229.452673261,744.7224813515095
2214,30,790468.8436240113,4480084.239319163,580.2693478932931
2215,30,782737.9040598987,4475823.131553222,648.3155870225693
2216,30,803702.9011473836,4484712.169443953,1029.8290021258142
2217,30,803449.2308776664,4485132.017061565,686.1418072157724
2218,30,802859.8904976876,4485264.328268011,196.66663724942666
2219,30,803058.4230683489,4485359.761823199,402.02796588103206
2220,30,795406.3434686776,4483614.9435325675,478.34164972753047
2221,30,787229.2284409291,4479117.860455183,791.7476134976296
2222,30,786004.7717282294,4479272.480426296,1112.947306550516
2223,30,801766.5337760963,4554514.732613432,1654.5372326268691
2224,30,802431.4776821822,4552956.989672994,345.9276314204101
2225,30,797312.9685087452,4482379.243597292,857.3996834878353
2226,30,783292.4410791725,4478841.427512998,558.2354390710011
2227,30,783026.6734528401,4479039.785335439,686.0241098879029
2228,30,786756.9357429205,4477970.968512247,1031.4424980225908
2229,30,789771.6938335885,4480760.626479095,1062.923387507645
2230,30,790078.0101174001,4481191.659574936,775.9622864487401
2231,30,802297.5048448349,4507163.024777002,533.1466086808291
2232,30,801406.1804769312,4507967.405031568,1477.7467390361762
2233,30,797149.6842222395,4483906.082861659,1186.7783833590584
2234,30,783608.2627682856,4478715.809170718,527.3919600855672
2235,30,795351.5862684015,4481741.384748077,599.6685122848385
2236,30,787580.9317731096,4479820.401203654,650.9915980435349
2237,30,791397.8090583968,4511414.764410069,387.3930100609541
2238,30,775701.4704251669,4479605.189517326,429.72448995806315
2239,30,775988.2481188655,4479469.976578784,1416.1936964343731
2240,30,807348.6577437993,4543084.924057595,777.6029044538229
2241,30,805011.1821057479,4543457.047745224,509.9003284824555
2242,30,798975.3266018893,4477120.64986623,1211.439384502062
2243,30,800639.5500771068,4467202.853857171,1443.8450905807786
2244,30,800213.4426776945,4467297.7996526165,842.1789302546937
2245,30,795402.0900900938,4472331.916242745,779.1324089937739
2246,30,796391.5508663496,4472519.154581898,680.7492640088449
2247,30,791753.3268772524,4482281.28682449,442.40075144421394
2248,30,791601.0156371731,4481647.778710581,656.429595482987
2249,30,790848.2481237552,4480902.646202657,750.7437711470882
2250,30,789149.7681011581,4480591.183647997,314.401836964638
2251,30,758606.7695500413,4484333.124596032,3816.1629469573422
2252,30,791162.6872646064,4511382.588418791,416.6063388081996
2253,30,778868.682514756,4474372.050600005,832.9081826111335
2254,30,778033.1114901229,4473746.705050005,798.4753195062443
2255,30,810975.9208280407,4554646.163374741,1354.4028520082982
2256,30,802322.5835759396,4553287.990345881,1204.8904181126222
2257,30,809818.1240491843,4552746.843740775,1094.9947464136944
2258,30,809838.8030664881,4552720.89229292,1234.3622168938666
2259,30,812609.7519116102,4552289.900364012,2065.6340871999664
2260,30,812690.5929266068,4552215.193637982,1671.17477924853
2261,30,813373.1201975532,4553132.322210633,2062.4649769019843
2262,30,814201.0068582459,4553419.155708355,554.1078405139763
2263,30,811461.8724740496,4554966.932722978,529.5084047099849
2264,30,802533.8451037323,4553091.85720718,4882.386285144782
2265,30,794359.4833907866,4510365.765948226,181.08797173727962
2266,30,793057.6998686966,4510104.373502252,676.2472429027192
2267,30,791425.9318735041,4510894.838486163,501.977983343326
2268,30,788626.9097870404,4550441.262453792,1255.6298737257448
2269,30,782177.5347995048,4542557.506870419,873.171017847225
2270,30,781907.675427891,4542654.935966133,3036.5304096177265
2271,30,801518.801318502,4466626.8515876345,453.9352745029977
2272,30,800946.2394178018,4554301.898798532,697.3604377766883
2273,30,798269.8984075253,4555857.882843781,1350.3064051875613
2274,30,798328.2776271765,4555887.000831699,1483.55426129832
2275,30,798325.2566715127,4555940.593339379,4351.794072682032
2276,30,798396.3439286512,4556033.186627976,6625.15969756976
2277,30,798553.732010421,4556084.425214836,5774.426152438062
2278,30,799606.6014043818,4555781.171512537,5193.041556457657
2279,30,801326.3125466285,4554456.2256718585,1870.2880397500926
2280,30,801062.6541919914,4554320.233233692,2374.7488146633377
2281,30,801023.6135976396,4466779.169562936,647.3151772687154
2282,30,801149.8752386911,4554110.769847478,1515.9016754422119
2283,30,789151.5530914193,4480430.752374641,548.0045512585123
2284,30,811474.7365816802,4555009.208725687,902.3184691296586
2285,30,794650.3843864094,4545363.692007484,2565.700071008957
2286,30,794045.7898342654,4545708.915963242,644.4387667574401
2287,30,793823.3369883512,4545720.628369478,1982.0752612872486
2288,30,795991.9653516802,4549617.241337944,1838.4640871128695
2289,30,792134.5240900505,4548977.890548191,2705.898705773384
2290,30,797968.4087779538,4555942.160352654,1309.9409418238458
2291,30,783171.5850325907,4541972.0426974455,1077.8839047014135
2292,30,781458.3783564153,4541359.819411715,1025.2539668933953
2293,30,795006.745499237,4545349.184588066,1175.922243345036
2294,30,810948.6063153811,4554594.192857566,620.0206235141732
2295,30,795916.2427541387,4556066.849740003,1369.2765858675966
2296,30,789920.0345778008,4556130.337425438,2400.634989043969
2297,30,788976.6722563807,4550045.125988873,3351.65745051716
2298,30,787644.7321545708,4556883.193638207,3818.312491775016
2299,30,784701.677961966,4552887.570961461,701.6314029664478
2300,30,785633.1937880089,4551019.279641188,2406.800383849586
2301,30,785493.1422268698,4550849.396763172,2480.354502475881
2302,30,790752.1053279972,4549148.041981009,425.88582683319197
2303,30,790665.9750161422,4549335.8650443815,1456.1133360744557
2304,30,791947.7596549632,4549117.105670402,1586.2482213704097
2305,30,791841.6147400207,4550093.944137646,4525.8406136642425
2306,30,792575.5276093472,4549148.998685769,5065.72163838429
2307,30,791519.6723365948,4550261.533388751,821.2862163126675
2308,30,789382.6084272696,4549169.376568908,2148.2756518357482
2309,30,801703.4676793772,4554346.835428632,5626.853269274684
2310,30,801888.6664314633,4554493.920876496,3041.5261558102143
2311,30,801818.3310404108,4554467.431005119,3199.692998170544
2312,30,801727.5899965987,4554488.56230184,1396.1806990859204
2313,30,767322.8867205547,4478479.625936535,2324.2478777475276
2314,30,769127.3342401299,4476890.445863726,3457.68092415864
2315,30,768672.5460952598,4476834.447323546,2319.8189180128966
2316,30,768294.9694223228,4475874.479586147,798.6832126330346
2317,30,804865.6726680308,4547898.949754485,3877.7737349423173
2318,30,803321.7993938319,4556525.950920193,1095.4998871905877
2319,30,794136.292227461,4551368.143240552,1936.451398464923
2320,30,791971.1018106461,4551354.879813285,1092.326412225362
2321,30,792042.7112180643,4551208.227844139,767.6455736761652
2322,30,790938.6725609868,4550594.399851308,2215.1635091580165
2323,30,792302.2297009717,4550645.643877919,2417.027983726855
2324,30,795876.0756892023,4555993.28823291,1655.1641427276163
2325,30,796026.4586508777,4556067.723349123,2379.9831644059554
2326,30,797209.9473228615,4556171.638733216,2620.7992496749625
2327,30,803612.6969526664,4546423.7235606825,1162.1528272703038
2328,30,792306.6362959348,4550105.067526152,5165.106242192737
2329,30,795293.0243189796,4549317.094822466,1041.376485993184
2330,30,795337.0490470071,4549472.011502604,1791.3367188437442
2331,30,805523.0258690886,4547856.533796969,2642.2403470003774
2332,30,804959.9723647254,4547924.14018769,5040.127825207002
2333,30,789364.9447954302,4482503.393600976,5119.612607320996
2334,30,804625.8936798993,4547861.307090369,3292.775353929789
2335,30,804596.2800062683,4547540.806025979,9782.013493426528
2336,30,797952.3319865083,4555803.47165,756.0740591280232
2337,30,802596.8773446191,4544756.401843781,2176.647620318319
2338,30,802057.1666224777,4544615.398302928,1739.5116025080404
2339,30,802386.2885034203,4544859.161642363,9117.311031726354
2340,30,802673.9786702433,4547789.489313537,1233.6687862808162
2341,30,802612.6333702288,4550102.561222334,1545.252323537269
2342,30,802758.9329185574,4550307.2527426,11856.100384658504
2343,30,789248.6942999372,4549440.649529934,1216.7280504840287
2344,30,789472.7081658853,4556312.702942199,854.4825743321469
2345,30,788608.6571474336,4549934.929011794,592.5340607770368
2346,30,788628.5881240068,4549792.625342409,4283.304614107692
2347,30,786041.0910008143,4550016.5889023915,1634.2375480711432
2348,30,786316.6193593784,4550305.72254107,1115.8599148806416
2349,30,791017.70566508,4480751.38214195,3607.0229997591723
2350,30,802170.7558951247,4553719.497738234,1214.448105677013
2351,30,802406.6043063116,4553741.4152390165,5619.726214676811
2352,30,790224.1288243728,4481716.876686478,4928.4895454818225
2353,30,789829.9357416623,4481308.953910253,2685.8699346194644
2354,30,790141.5732315335,4481376.540177921,2938.689993454795
2355,30,790456.0006565285,4481486.5961190425,1008.4993942643443
2356,30,789216.3608892792,4482488.977244402,5327.48548560699
2357,30,790832.2672020837,4481176.375591254,2260.6406922839833
2358,30,790700.1358590993,4481132.127968639,2377.9921670561866
2359,30,791035.2598082445,4480946.036716968,4929.480929312484
2360,30,790931.556218614,4481019.295811067,1542.5048625337063
2361,30,790858.4504014071,4480997.698790176,2975.3905496235966
2362,30,830181.6564399914,4550837.452854751,2047.3171030069902
2363,30,832250.2707921178,4552330.798908629,3240.5200949757686
2364,30,787773.6383963315,4481846.976577215,2237.04120832648
2365,30,768377.3115696767,4475968.586407178,1002.1489897813826
2366,30,801172.9457262467,4549950.915902053,3195.123720045486
2367,30,802596.4696481823,4548500.151284486,8717.77580191705
2368,30,805515.6999064853,4548795.982430522,2430.9668530829395
2369,30,805818.7055045167,4548066.557492926,2958.191169583352
2370,30,787862.9616765772,4482121.676316406,2059.8560540987623
2371,30,787753.9477633276,4482014.460125818,1953.499043536446
2372,30,787521.1928992532,4481874.880583279,484.26811105025644
2373,30,798060.7948987618,4555945.824181323,2269.249859190261
2374,30,787765.5425831856,4481967.064356894,1129.9074769898598
2375,30,787891.7809507878,4482013.265403441,1278.5306051815617
2376,30,788000.3870872438,4482307.797964984,1383.6695452472418
2377,30,787954.8560835639,4482391.0561492825,3465.4672534924744
2378,30,788093.6933333181,4482380.995958603,2428.66352644065
2379,30,789176.605348542,4482766.524355565,5742.124359142967
2380,30,774211.0234290326,4472468.641466899,589.5924268080864
2381,30,790276.7283540778,4480002.820490906,2145.2295530694655
2382,30,791339.4596286666,4481750.182172377,4976.2823469152645
2383,30,791122.4303458482,4480509.3702235315,3298.3238996366053
2384,30,774735.9704099719,4481953.185923186,643.7752352326822
2385,30,766444.9111413767,4478381.091218251,1117.9822819380431
2386,30,775738.5578270257,4482675.628645528,719.0537449281472
2387,30,758642.0640567126,4484242.816178146,1507.9661064852887
2388,30,791457.8522544879,4481214.673594248,1389.313983143102
2389,30,790336.9561560099,4481863.528477032,1686.5620424394872
2390,30,759037.59106701,4484205.551176549,2048.5278682802395
2391,30,774545.9174608007,4481846.900376719,612.335937748382
2392,30,791496.4346877458,4481472.547731419,4431.719274101258
2393,30,804101.5334545955,4550208.856005748,1200.2325887957916
2394,30,789994.6700100625,4480052.298787466,2173.2171482647072
2395,30,790083.1182808727,4480115.0179590015,3235.722802996803
2396,30,767947.5082634512,4475916.185829237,2453.7342320339962
2397,30,768116.5208900971,4478237.429608475,2108.149811572435
2398,30,767824.2479146589,4478348.211185068,2086.2681151951597
2399,30,767726.1074526407,4478475.454205388,2538.362741403125
2400,30,769329.4688011109,4476792.68409328,1091.5847274203568
2401,30,766911.5816228699,4478773.036795576,1041.153053240036
2402,30,766818.7176862065,4478684.363343401,1446.8617841511755
2403,30,789324.6642555743,4480455.406167436,372.37522197504705
2404,30,768421.1743803837,4475824.656120831,686.021093335059
2405,30,803992.5522108158,4550134.631452743,4281.508831955426
2406,30,790885.4489059668,4481222.834429315,2198.481973980181
2407,30,769851.531750749,4477713.299138359,1854.598910610518
2408,30,770110.5787136185,4477505.932406128,988.261111186044
2409,30,758736.5118589177,4484212.840448261,1664.9550473072459
2410,30,758785.0787451904,4484256.131758201,1946.9181531729575
2411,30,758764.4190260844,4484180.6979669845,2262.863461913075
2412,30,787950.0669259588,4482163.864367604,1655.528020523896
2413,50,805534.8495631809,4538245.29020855,1730.6719610622952
2414,50,820491.554863978,4554341.262823745,2077.879495593193
2415,50,785641.546732645,4505260.360853965,3217.7572756603063
2416,50,780477.1714030467,4515936.032874499,22262.410703712143
2417,50,778065.5837580966,4518736.6212618975,4588.094484245464
2418,50,778290.0349800744,4519600.5615369305,4289.397264960522
2419,50,798170.7693955402,4541724.075846707,341.2532407188375
2420,50,799404.488969969,4555869.014171708,1041.532951958028
2421,50,798176.2872954217,4557426.170324741,845.0285848681773
2422,50,797955.7237547049,4557309.103214683,697.2895563816697
2423,50,805152.0078694572,4557963.618994,12238.319787100192
2424,50,815935.1965027144,4554938.7648965735,4650.562802390653
2425,50,818068.091690777,4554522.89133967,2266.140676105519
2426,50,805789.2195679554,4554210.741365917,3051.562820071392
2427,50,766994.4566848702,4478377.707611115,1065.4905803404854
2428,50,806003.9741041317,4536355.358247049,5594.032370250437
2429,50,808733.4958330439,4535809.034259931,1316.5902246284406
2430,50,819769.0856288798,4554543.000857124,9978.180976575086
2431,50,796372.9906002447,4469553.1037429245,7486.0300480829865
2432,50,795601.8030767209,4471447.364494323,3829.2030910235994
2433,50,794778.6524698482,4473192.412801933,4409.719883129718
2434,50,797110.2341056283,4475666.206835213,4779.257198076406
2435,50,791756.3021976451,4477448.2833193345,4257.494427991325
2436,50,790670.840054046,4478342.396106648,3770.9465991548673
2437,50,787862.358554537,4478756.279610323,3838.9841828832596
2438,50,785609.1185270128,4479080.605932826,10408.747963174692
2439,50,782331.1801032701,4477042.560604703,11384.557359680057
2440,50,779218.1270473133,4476142.389828809,9885.192197026623
2441,50,801020.2629207119,4558076.365937088,7836.718565826232
2442,50,800335.5778692269,4555466.763173627,9744.088663718097
2443,50,788689.4573223528,4556910.003121691,6424.215225643858
2444,50,800764.5338963541,4558130.194854701,3013.3959716715017
2445,50,800191.9772147739,4557863.362019568,4786.462872122725
2446,50,792876.089420124,4558914.329197278,1742.735618583275
2447,50,793982.6252063008,4560013.322459775,2872.0313582671993
2448,50,794977.0935867329,4560021.6657402655,21466.11803396763
2449,50,794767.4072014763,4559948.439738969,41877.82246490635
2450,50,798902.7296109841,4558244.64701892,4118.0509816995755
2451,50,803271.0532230005,4559060.902818309,6652.989430117726
2452,50,803626.0068428064,4559055.315498502,9323.4747969971
2453,50,803782.7611235983,4558867.346145178,4185.692851695216
2454,50,804057.5940219692,4558876.638374242,11035.78202412029
2455,50,800473.6870389122,4555669.366030884,3526.8371865138597
2456,50,780081.1065561699,4537426.168184656,905.6183198135428
2457,50,801024.5433745846,4557437.619254011,5984.633670402475
2458,50,801480.64394313,4558084.041669916,468.0227213233558
2459,50,805265.5109531365,4531247.8746368345,5763.853171113214
2460,50,805964.6324018321,4524806.763075444,18830.75556641167
2461,50,815624.5442960038,4519882.62198668,5111.528425006875
2462,50,792907.4901993354,4507867.176674676,4765.405192457036
2463,50,780599.5222981739,4528622.556266496,13404.643229862155
2464,50,787638.627168676,4534671.841433087,1162.6009789821562
2465,50,805891.6192957715,4547598.8412417,11585.49175472581
2466,50,808888.1619439038,4541817.779866362,15857.183076703215
2467,50,785653.3528986041,4542419.012171328,3124.3567970043096
2468,50,783464.5752158283,4542754.235546332,2143.933508157832
2469,50,779667.7707062905,4541329.8925367445,1176.3299711357708
2470,50,812095.3769526638,4555388.2438306585,1588.7958496811766
2471,50,811821.0592035912,4554401.045255855,2954.868881700258
2472,50,812281.5921833436,4554817.650740967,340.01043464341217
2473,50,808354.1730178575,4534268.25659414,1510.4784926105392
2474,50,808384.5392845579,4555734.465013417,1040.6758360291049
2475,50,808304.2909110604,4556738.195551477,2306.750966898997
2476,50,808804.536600609,4557601.72776364,2374.5320288528096
2477,50,807042.7541620972,4557397.153742549,1309.8819256159504
2478,50,804486.6613709368,4553898.510465273,4798.664493418747
2479,50,804820.1758320213,4553814.258634705,5799.566930520737
2480,50,804663.6956022632,4553835.038192322,4582.441270368418
2481,50,804821.0046527649,4553696.127678177,3218.099580337335
2482,50,807354.6744768695,4556891.847105777,8723.170499529686
2483,50,813190.5565500465,4554457.561743071,1425.3250416299034
2484,50,813175.6713713001,4554497.753937815,872.1477512429487
2485,50,809753.7902573248,4554691.029691172,557.6632883842224
2486,50,805142.3874842378,4553876.816483719,6676.793053514868
2487,50,805534.126039997,4554084.1878421325,7863.568773644931
2488,50,812062.0028660097,4554802.6952060275,553.4940072207526
2489,50,807209.9785125097,4532376.185957746,4753.888570827956
2490,50,803474.159483458,4534608.701481184,5015.196572823078
2491,50,798680.3956530364,4533639.534978318,2436.5363796879706
2492,50,807142.6678935078,4555587.1461785035,662.9740746145068
2493,50,807392.2644088989,4555551.016571385,1858.2200434607312
2494,50,807626.0983904366,4555377.6342207305,4242.524378314975
2495,50,809313.8661432557,4554864.241808361,433.5072469164129
2496,50,780825.5463298567,4549181.555365553,4305.069693453505
2497,50,783443.6638499332,4548533.055987634,1348.3021125598448
2498,50,812532.7150550087,4554963.957715954,1126.7804287402578
2499,50,800959.3908290928,4466822.670137081,530.2537756113913
2500,50,798588.2545842828,4474574.976311387,14525.835410902293
2501,50,797409.1891243951,4469325.630622854,6799.505543445641
2502,50,803104.4236681995,4558053.690276589,8091.027496932305
2503,50,787681.6217673621,4560763.711706091,10077.279089874626
2504,50,788127.294364835,4556647.108770159,1597.0589119122708
2505,50,788681.781031118,4553927.410832713,3016.4822114246635
2506,50,790678.2776415,4551950.3817143375,6115.113113070294
2507,50,788187.8033708062,4552080.862732136,6293.623140666045
2508,50,781644.6373015234,4549913.979656083,1815.988040204834
2509,50,775342.916738959,4549370.688859696,5531.040507538124
2510,50,774156.7553078736,4545400.576697205,804.0653629822326
2511,50,773929.5159779645,4546068.962336793,736.4113082686724
2512,50,778273.9001534381,4548683.110930068,1730.2646139590943
2513,50,827597.2890103052,4553017.117898253,1518.673655214458
2514,50,799768.325735717,4466309.909958258,5812.936183667564
2515,50,799182.0598711276,4468029.313164571,12645.702971746832
2516,50,804910.3404327999,4558120.708562446,3956.062338467202
2517,50,800507.9065818199,4555028.192877727,983.8811713571995
2518,50,801130.1830007227,4555162.591722338,1683.0441519926458
2519,50,801194.5287254682,4555070.30500965,1359.5814953257743
2520,50,803721.0839947537,4555283.346565902,3001.465853651949
2521,50,805997.7039825859,4556593.469409591,3457.9755058978544
2522,50,807039.3775911803,4555589.27251037,581.8364995235412
2523,50,803409.3313190306,4558842.362300205,5868.767123889576
2524,50,803224.1022726996,4558841.268028478,5981.036542604335
2525,50,803421.5510763117,4557867.552192358,1584.229672946275
2526,50,803488.6310265263,4557754.139277849,4075.098961568242
2527,50,798965.8197466853,4557906.357611599,5160.214217698813
2528,50,801289.276067372,4558828.6221166225,5626.143282238354
2529,50,795927.7606793998,4559344.293348681,11786.41437408416
2530,50,797831.8860209931,4558354.176077869,2613.4177750263116
2531,50,805509.5662506077,4557911.303570429,8402.096454645922
2532,50,805733.0747190112,4558004.898957082,4434.952418628488
2533,50,806866.491699854,4555707.723670879,3004.7818653073423
2534,50,807026.2860364764,4555710.339950487,1267.4272072663907
2535,50,806721.1722498555,4555764.390352,1301.9715693494945
2536,50,805769.5687872384,4556308.055147921,5352.9659277484825
2537,50,806605.8964358983,4556415.334558251,1387.3894765046334
2538,50,806845.399306143,4556432.37485884,10116.656111413029
2539,50,806764.531093004,4556612.799797101,9218.542301843778
2540,50,806961.7713899806,4556710.662564258,12286.966965093834
2541,50,808334.0133034682,4555804.62521532,2948.2620909222333
2542,50,799457.224473501,4558153.356550732,8597.511658068384
2543,50,806149.1632087418,4554259.669929155,3064.498366194208
2544,50,806688.5133029608,4554433.36331187,6156.164818790731
2545,50,804404.3362933425,4558353.949697557,1008.565722415184
2546,50,804068.9324223743,4558352.580407069,2186.064237410577
2547,50,804066.821802079,4558252.26965934,3916.204311773271
2548,50,803981.0473234192,4558344.826105797,5143.396721348576
2549,50,804141.8121222553,4558494.8452059645,4089.610315648838
2550,50,804247.105939193,4559123.130548111,2484.7952530786733
2551,50,803565.0406670964,4558866.227129835,5680.453957748288
2552,50,803932.4832814509,4557425.431921834,4909.584840511047
2553,50,804188.4243557124,4557388.212459879,4374.129927832322
2554,50,804479.3764668653,4557557.855760403,6450.634333603823
2555,50,804750.3731827949,4557995.2032685075,3827.094741620878
2556,50,807047.6344094307,4519013.187720544,7934.359149614969
2557,50,807212.6117891296,4519082.633945594,8707.381786692498
2558,50,798119.5531603893,4526335.235751401,21346.61567560621
2559,50,796776.1224101535,4528070.651741963,485.44826109442505
2560,50,817290.700778817,4520898.110817751,3332.6402859048517
2561,50,816038.8768008024,4520452.2697006455,5607.175567903
2562,50,816862.5972706856,4519741.999861715,471.93561650094705
2563,50,816521.0060894081,4518664.743785967,1856.709148535806
2564,50,816278.2491669921,4516506.317520764,1321.6012031203943
2565,50,813687.6304641922,4517722.682498866,6897.491572793725
2566,50,812938.0540002309,4517211.708612506,320.77027413703456
2567,50,812091.4643809072,4517376.532667398,2150.8451185043427
2568,50,811056.2525932459,4517562.645502647,717.8269231015415
2569,50,807049.6650926758,4516532.779555146,26576.68179901566
2570,50,808781.478379542,4555852.866750756,2159.9979628285696
2571,50,822244.3228475786,4521563.007569525,1061.9839529996495
2572,50,808438.5123468878,4555831.185336181,10108.649788354316
2573,50,804836.211802218,4558636.371258509,3795.1798941189763
2574,50,802154.4900001046,4558011.323700204,2017.364017173341
2575,50,799091.011900266,4559459.7568721,2265.4377771545683
2576,50,797418.2997076791,4559541.859295091,11064.7503000855
2577,50,797695.4476188344,4557080.050542742,3964.7723333915387
2578,50,798493.278946556,4557580.9690516805,10113.244791880446
2579,50,800328.9427579523,4557907.689722274,1136.5094937136016
2580,50,800361.4647876127,4558020.986482622,5681.040976269572
2581,50,803508.8652224564,4557197.970939197,4135.115272058674
2582,50,803570.4416284718,4557259.19749283,3564.8313936471313
2583,50,803698.270696777,4557441.851927226,2321.9731186805593
2584,50,800878.9146693987,4559057.405926131,3174.383980841768
2585,50,808282.6074678589,4555812.60220729,6154.613034337891
2586,50,801333.899814536,4558208.231195006,854.4647417328937
2587,50,792701.2651310079,4558942.800502345,1361.339236764837
2588,50,792494.7108601794,4559032.331218534,1664.7408120199473
2589,50,792728.6594706667,4559136.067310596,2856.93878861214
2590,50,792566.9391926961,4559071.451575394,3387.683563531573
2591,50,770275.7214760722,4510928.1078857845,562.3955234094191
2592,50,770052.6312719088,4510758.976339855,600.8361537117039
2593,50,769339.1096246315,4510531.905703993,1250.249241086428
2594,50,768791.5319297804,4510730.149930659,379.22878935783785
2595,50,794717.3289240061,4560095.33074166,27006.474250495296
2596,50,796390.3718203801,4559250.584956556,374.7801858771492
2597,50,797964.0142417763,4558516.243511088,1234.2705401825585
2598,50,800420.8948160234,4559115.519995451,2854.6016238018574
2599,50,801440.0585926436,4558151.894903703,257.9658534438507
2600,50,801386.286945243,4558201.27040014,1334.0786123389043
2601,50,792840.3646446137,4537939.013849179,2165.40221935515
2602,50,792745.1535413428,4537984.072673389,2751.7515766763136
2603,50,792834.8363950497,4538005.545300215,2888.785160531149
2604,50,792678.1988667852,4537104.640558692,4872.551192217556
2605,50,810637.4485664971,4555735.84644913,1536.908784705981
2606,50,811323.3069281863,4556144.032406315,1765.338030507531
2607,50,811252.6531039256,4556176.384717962,2250.05735693879
2608,50,808928.3757674338,4556549.89572001,3186.587937002765
2609,50,808820.2123860068,4556438.403243018,3455.2518458219147
2610,50,806119.2386246994,4555578.740012877,4235.255616319822
2611,50,802581.2353064207,4557522.872019245,2436.890662316186
2612,50,802766.0455750946,4557486.076370643,2779.0557943521208
2613,50,808714.9884881993,4555917.597179391,1322.0103475277917
2614,50,803897.6566477759,4557802.065913958,4835.544390690984
2615,50,804943.5662505467,4557486.314487035,2398.6936776780167
2616,50,805705.0534841125,4556930.644704466,1546.8260967300826
2617,50,805758.6144909451,4556918.223918347,2426.291825696421
2618,50,806537.6555965963,4556831.300293135,3779.9211817970086
2619,50,806516.5156641537,4556621.430189583,3209.8471177520128
2620,50,807516.2348024347,4556489.815461484,2397.923420480144
2621,50,808227.2447976477,4556612.561148533,5332.225798542766
2622,50,808119.6223902054,4556540.365458444,6966.204679083146
2623,50,807850.9721869306,4556939.089683707,3816.628411346767
2624,50,807757.1309453779,4556775.4894541865,4470.31672615469
2625,50,808435.7485350333,4555924.947606545,1333.4792276481844
2626,50,808509.9137685255,4555956.806625815,1512.8838135814635
2627,50,802082.5263631319,4558091.978583756,887.7136275143405
2628,50,803927.1481018405,4557983.141428925,1983.3183058259046
2629,50,800743.8490643948,4557763.203855315,4279.264960096349
2630,50,801181.3684903209,4557836.346627307,13134.50838065461
2631,50,792749.7019680346,4537764.185728415,24372.937478489897
2632,50,781333.1671620884,4506294.042754973,1367.5392531742777
2633,50,781177.4254791685,4506423.85160203,134.20206959570325
2634,50,780633.8573292638,4506771.809554398,871.4439991880425
2635,50,779682.8516454689,4507237.9333471935,953.8827379738158
2636,50,803689.5544907943,4557322.073132295,2192.3028512003393
2637,50,803175.0432915969,4557463.915149083,1550.272987076384
2638,50,802899.5654135037,4557608.64652405,5045.442841160119
2639,50,802813.6449926982,4557593.825586016,3393.73383024133
2640,50,801325.482681166,4558122.811619562,417.0212184508272
2641,50,807244.0082435897,4520789.932180075,7857.238575865543
2642,50,819747.1954990485,4520150.900186196,4599.275196366184
2643,50,805988.7051434359,4520407.670303749,2531.5853721801864
2644,50,789004.884880639,4508648.595353992,520.085536361643
2645,50,790446.4234825699,4509204.110195875,1208.2531302452771
2646,50,791863.8999600114,4509673.183575804,468.748012477433
2647,50,792048.2938805954,4509768.779659656,476.06730376863754
2648,50,792136.901540018,4509789.2584506,1584.306555320588
2649,50,793510.4456542593,4510431.951194234,6037.872482275902
2650,50,794889.542077603,4510401.56757173,965.1181592855991
2651,50,795071.4997881659,4510420.812959549,2535.3805595405324
2652,50,795236.2375851102,4510287.511706159,4924.704831427444
2653,50,795960.8296783769,4511524.889841449,8567.462191899132
2654,50,799813.9885466135,4513166.120345675,12868.174686165103
2655,50,807168.1663064606,4519530.303918897,1666.8639661663797
2656,50,819941.5997196622,4520433.358701511,1190.8033378430591
2657,50,806848.0433055572,4520322.741742894,5360.3354495199055
2658,50,788520.9190303984,4508377.6159527395,480.3693786371299
2659,50,798242.547297806,4534672.166402782,1574.9797891767748
2660,50,803185.6565893195,4558285.786203563,2108.2953641388176
2661,50,784421.953088463,4510487.664526474,741.0097577114933
2662,50,783589.9218206184,4510292.745236861,681.7636656170826
2663,50,782457.5134471772,4504783.875120903,363.3354712344656
2664,50,781647.9274022558,4506074.041136592,235.84939221788383
2665,50,767108.771076777,4510079.799681584,99.1530347161555
2666,50,767380.224282133,4510005.701227447,1865.16824720188
2667,50,775556.7914294311,4506529.140820271,176.17352434436205
2668,50,788111.2343887534,4508037.50599616,1508.7600225329538
2669,50,779360.4962745033,4507046.955500476,1581.4677285239243
2670,50,778729.761371854,4507153.145833133,846.582623456359
2671,50,782494.6316563397,4509248.9352679355,37550.06668347796
2672,50,777996.1495995212,4490797.64639195,519.4792000617497
2673,50,823796.758738505,4542168.619473578,2311.724046531135
2674,50,777144.5114580666,4495370.344589491,1403.071719282977
2675,50,776224.924249531,4495465.718976111,3048.9422951719607
2676,50,774598.5122376842,4495228.611366477,1843.8150154711757
2677,50,775027.2622765886,4496034.799871249,708.1649787775451
2678,50,785774.3433554601,4506111.930629962,1375.8409780134482
2679,50,787003.8954693464,4506631.340436538,1044.468603730051
2680,50,786904.1991538588,4506499.345788752,1227.1186729889196
2681,50,785037.9058840184,4507309.6403405145,866.9368188579867
2682,50,782118.3242021739,4514477.72301694,813.4623907208216
2683,50,784193.605438711,4515645.930064787,1530.8496459291239
2684,50,781826.5410488582,4504206.483684984,6813.089919555396
2685,50,780690.2549683405,4510005.512085871,20491.574132675025
2686,50,777969.1702140784,4506476.236145656,126.10795719267534
2687,50,775586.6575752004,4495736.469496018,94016.17125783325
2688,50,777623.1121573978,4491593.855483199,845.4104082626754
2689,50,767780.0485184309,4511522.168625889,272.4713021017045
2690,50,767492.3469790845,4511471.13064783,1758.70244362055
2691,50,767214.4749896593,4510758.204228445,1104.4073611575652
2692,50,768200.2171549621,4509919.707831822,779.7617238040235
2693,50,768008.0573230657,4509916.377412174,2507.2730568391758
2694,50,767452.4819215415,4509578.202235801,515.348059723534
2695,50,767064.7891022613,4510185.297070043,308.1867171842671
2696,50,767485.808396667,4510124.945875748,295.10988791556196
2697,50,767188.8153914132,4510011.4898716025,329.20303900482367
2698,50,821511.3553750769,4521590.884709088,3894.333466176018
2699,50,820890.1019488546,4521070.772278048,2885.3300838405034
2700,50,801450.0964820267,4559043.463764076,3234.8831304867463
2701,50,790678.2597185917,4524625.755843625,732.2187920735555
2702,50,800649.0963313822,4524737.799036803,9735.815158509316
2703,50,795024.6353252264,4480200.778388519,625.4131669157564
2704,50,795162.4306397759,4480411.62392952,562.3238855506056
2705,50,796922.0257982712,4481566.48316808,3588.968155646722
2706,50,797613.5974343917,4481918.626699668,1280.612033706458
2707,50,796056.9613667437,4528345.903300935,1907.2590108637264
2708,50,797052.8976060943,4529956.618637027,1167.206201478637
2709,50,796786.5572953892,4529816.70655197,3968.456903930012
2710,50,796560.0596742639,4529988.37044933,3668.325914687438
2711,50,796312.2032159519,4529849.729833468,9581.872261522045
2712,50,796273.9455783106,4530075.198497701,12124.151079988174
2713,50,794635.3680523387,4526823.60692622,2924.642947220776
2714,50,794504.6494754797,4525807.322341748,1185.8581542550237
2715,50,800403.6917297532,4523160.821635522,26153.4957223887
2716,50,800455.8490050941,4523726.049001371,27851.824159718402
2717,50,794299.6908634822,4525493.488168644,567.104176810861
2718,50,822091.1070053205,4521490.012642109,1290.336853107097
2719,50,821978.1077338398,4521352.534720079,1404.4604743744476
2720,50,821562.275269657,4521418.6732745515,164.7089534802937
2721,50,821085.5405750177,4521177.210072445,361.906499869785
2722,50,820021.9990533832,4521483.574786676,2654.0393476933145
2723,50,819751.4109625632,4521607.980028069,1018.0126956041189
2724,50,823524.8664631231,4522655.945995861,1642.7320383882932
2725,50,823244.8572200141,4522265.601320695,2428.9098496854813
2726,50,822709.1657415697,4522451.1784763625,551.8640735984403
2727,50,821894.3201318932,4522107.613491975,5373.285527051902
2728,50,821721.9685567636,4521799.100564612,2435.8151292482617
2729,50,799139.3441675281,4527872.632685563,4412.2010917542375
2730,50,767382.9531502338,4510185.924007467,158.67158165152023
2731,50,767084.1175639521,4511171.180186595,238.4949560425676
2732,50,776162.540321222,4508794.846099173,874.1854831776338
2733,50,776512.4613070722,4508763.199942434,154.1626166801387
2734,50,775840.9322453925,4510271.86370481,711.0956477658658
2735,50,774060.6592481156,4510548.559140297,797.0264931284878
2736,50,772628.712828829,4510168.116826563,180.06924830785988
2737,50,771324.8884715433,4510863.5273148,817.1138992176647
2738,50,770131.6008293788,4510957.938937788,153.00030351389466
2739,50,770239.3591333155,4511013.266803465,335.32921724073805
2740,50,814597.4113705519,4513986.404251301,4085.249686125166
2741,50,823447.0141482803,4521145.417257996,305.0389782006912
2742,50,823329.3832152319,4521617.118009549,613.0843364468573
2743,50,823248.1806330614,4521703.179130407,2688.9575164338958
2744,50,768433.9391652211,4510620.980708206,440.8442251827596
2745,50,805921.662978565,4546617.495862106,15459.03370836765
2746,50,775985.9331135653,4508454.913829848,120.43462859514855
2747,50,789513.5527650744,4525295.487799658,829.4028767541033
2748,50,788610.7210939722,4524718.439586072,5344.03408814432
2749,50,796517.9097938911,4509200.368389653,1283.944511634175
2750,50,804682.0460993096,4519875.900766698,4455.043467698809
2751,50,804331.7837046653,4520293.938934881,807.392559001196
2752,50,804460.5908579318,4520324.973097205,314.4054716129214
2753,50,804461.5924558807,4520701.0522729745,925.941619367201
2754,50,803625.4030693542,4521217.091845274,1575.5932935812925
2755,50,801475.0679813785,4525565.800073538,2905.995084681264
2756,50,801956.852110838,4525578.0036115525,5455.894330256837
2757,50,801266.4342755402,4524062.648607309,9955.180472521875
2758,50,801212.3689510497,4523791.679039849,40626.58242197042
2759,50,822937.602542217,4505202.2271585055,767.0573712084674
2760,50,822073.0605580048,4521176.584224964,717.5242969394512
2761,50,821960.6059881746,4520147.853932603,802.4732316362238
2762,50,793369.3530336758,4524800.75478823,336.76823570834887
2763,50,815461.8233673298,4518421.338530426,423.8783378763835
2764,50,820853.7995148135,4522292.931405451,1347.338026638197
2765,50,820189.633157438,4524439.363095632,1740.2629885708984
2766,50,821085.498652908,4525681.874559453,2533.069095012247
2767,50,820755.8292653948,4527113.385003089,4232.641921082168
2768,50,823399.989097406,4527996.85815277,3666.158890584624
2769,50,825318.2023012819,4498365.010743013,2647.389072095383
2770,50,780817.8844164179,4518263.340803302,2580.019336648336
2771,50,780613.861301468,4520001.650101277,347.4200104857985
2772,50,825313.2922529852,4539457.589571381,10795.74535092293
2773,50,829506.3698295711,4547387.666014421,3574.6641164560697
2774,50,822510.0501507804,4520846.818404298,1661.611350160485
2775,50,816641.3687871485,4505559.854940845,625.7622783161321
2776,50,816815.9441992589,4506051.745818001,699.7034795329329
2777,50,822288.9639973138,4521292.008665131,508.5510978561733
2778,50,792454.1612768958,4524012.304433175,499.9559414356372
2779,50,791450.930634362,4525305.989147821,2859.860159977129
2780,50,830555.6677195561,4511476.106084881,1432.3812005955613
2781,50,826935.4764948502,4513529.202674087,2718.5053379743413
2782,50,826641.7474005558,4514053.704239616,1207.381946370185
2783,50,826019.1441321906,4515259.666981007,667.7874057650811
2784,50,790490.8095669268,4508659.24416557,61.09233496453216
2785,50,789214.048957839,4508242.441540443,2240.234780629032
2786,50,787633.3334187814,4509249.146544545,402.3176511675475
2787,50,787349.3865634657,4509660.843726973,32.64158179107075
2788,50,787416.0947431049,4509717.431819626,139.68715923598762
2789,50,800383.5883444026,4555302.868342525,514.7842349003249
2790,50,812727.3776893665,4554882.205430612,2622.5235041868655
2791,50,811448.4181053964,4556185.37495069,334.3695967821667
2792,50,800425.9772246309,4555096.633402035,1472.5397012984813
2793,50,803957.6777469205,4558265.500206171,1794.4572474333243
2794,50,804695.7165125441,4558393.645754844,2538.2273159151273
2795,50,804820.2818861493,4558345.5737391515,613.2899849019815
2796,50,805111.2681057623,4558253.9703488005,258.0206991054053
2797,50,805312.408918947,4558152.738308684,1467.0642325150664
2798,50,804811.9974148046,4553521.312168215,9710.217429728884
2799,50,805150.1620284822,4553744.310719239,3791.6058563064335
2800,50,805035.3212730653,4553864.199715967,6526.477994991017
2801,50,805190.6583632096,4553948.853764381,4067.879530126703
2802,50,799429.8994295573,4555912.01571143,2054.7020138716443
2803,50,799595.6084597241,4555637.068898525,6931.765139388798
2804,50,785810.1410066293,4509615.369014957,318.9433331066381
2805,50,800289.3752593788,4555318.11505903,1593.507439258408
2806,50,800212.1161448681,4555183.92113298,5124.129878148434
2807,50,804270.91740598,4558890.823935495,2577.941134702313
2808,50,797126.5411038164,4486771.686988656,1012.427279701619
2809,50,800413.3885938629,4489391.292738174,11646.31247699762
2810,50,815666.3443512071,4490267.418944734,350.85572428147816
2811,50,816107.0451226437,4490376.009246451,667.5266330018374
2812,50,821563.3566197169,4498263.001549593,305.58823748359197
2813,50,783758.5609275516,4486128.617055308,95.93314322597283
2814,50,777489.9248404359,4489421.236200546,4499.125830897521
2815,50,777444.9878536806,4490184.832089993,708.149298835638
2816,50,777701.3444207391,4490684.369202222,460.3105624180089
2817,50,822703.5101684877,4521185.656877064,446.2276933195885
2818,50,806483.2714644345,4506319.618994006,2710.650084053219
2819,50,801754.3997706202,4508256.219340623,9926.106251810936
2820,50,811929.4565543747,4512789.163112606,19475.641748244994
2821,50,789828.9423609243,4524452.3377585765,16266.882320119088
2822,50,787890.4891616572,4545526.419236524,4019.7771536796527
2823,50,786119.9319359015,4554331.697229136,5031.408517395765
2824,50,779054.9240947842,4556070.052591753,5945.934120942379
2825,50,801350.8235269532,4489553.47307018,371171.3543890402
2826,50,795047.6521040797,4499989.704632352,31929.33298418921
2827,50,809748.2151015222,4515376.758204261,45657.30159380743
2828,50,821006.3992481902,4494985.203895745,7343.007071698977
2829,50,820034.7633636184,4497144.844927986,3440.871894202813
2830,50,830247.5820472784,4509036.336897355,2974.307547121589
2831,50,832130.1016228349,4512501.076598187,5551.063017195543
2832,50,805313.6185235577,4507119.29409258,24200.57586167924
2833,50,827528.2252385238,4497132.408393111,2567.1715607852298
2834,50,798491.2317479241,4534868.894113469,8578.679341932388
2835,50,791996.3383391248,4509311.601722453,2002.6094949590788
2836,50,809638.4182959176,4513262.059451855,45647.70843616534
2837,50,802631.8439632931,4516797.349806522,23554.24765124913
2838,50,801131.3513529225,4519758.992053405,27229.50715358692
2839,50,798265.5038673547,4468158.228843071,984.3878413538407
2840,50,800571.3601914091,4480934.789531559,312.6396812243946
2841,50,792451.1267223166,4482925.097315382,564.5538355139641
2842,50,792307.9039267516,4483898.1409148285,3281.113046669641
2843,50,792072.073744531,4483852.659544976,283.05105546725116
2844,50,816491.8848343316,4554965.902776394,6683.774065719268
2845,50,830900.7751905052,4546950.718519903,3936.4346268265567
2846,50,830749.3358248243,4552033.432301548,136.81998828325823
2847,50,796034.0847148208,4484781.84236575,367.0529202698832
2848,50,796140.7839420004,4468977.167310319,298.61356113616324
2849,50,797203.6611739268,4486505.57871814,762.6810137602843
2850,50,797169.2913652073,4480669.055792759,429.4347607466655
2851,50,797255.7862222688,4480767.53153421,428.25894930967905
2852,50,797496.0275859344,4481734.569292152,185.37664585194577
2853,50,795247.4356848691,4480225.414881437,461.4696971217877
2854,50,819152.9416846391,4491051.24998643,417.19462722664076
2855,50,819330.2696813155,4491260.48795211,3566.181681535182
2856,50,823939.6348159644,4504795.044984286,437.18539929654156
2857,50,822997.1547097887,4505113.573610705,663.4306253510715
2858,50,796677.5484973759,4483325.470836288,1919.1425978727343
2859,50,796041.6737748059,4484093.774327257,90.21789234820469
2860,50,796253.4014423423,4484346.734230677,108.09506333884856
2861,50,796591.4276071604,4484644.187981592,48.35888504897605
2862,50,799240.5801663465,4527145.646649019,3920.3843266580325
2863,50,796270.3830274991,4485655.170077845,237.58022252539283
2864,50,795151.5601033977,4480161.446359901,634.6284211617409
2865,50,779674.0426715396,4520115.916558583,7754.234159372886
2866,50,798777.1544345187,4554189.544573533,6978.002350358276
2867,50,831210.3235583629,4545758.872551014,5991.710792675243
2868,50,818586.1830726933,4523324.4518814655,4003.1950679980646
2869,50,806229.4289427517,4530002.452099685,6352.6174695659465
2870,50,779444.7760641632,4548106.873722727,3143.08050636708
2871,50,776393.4432241508,4551120.185597313,3359.5252588207914
2872,50,797463.0777891394,4549745.007036295,2670.0793408165264
2873,50,815129.8341762106,4497259.045392814,2696.013318542745
2874,50,804206.1801428131,4517865.6986764725,182527.59329659026
2875,50,807918.7247079484,4542899.204633644,2647.156447191132
2876,60,797032.1889938688,4537103.537718457,6151.149100783711
2877,60,826655.7761059279,4493144.233105586,104430.65483367721
2878,60,831104.2517694955,4546371.817292653,4170.016916904746
2879,60,823637.1617653228,4528544.6614760505,7466.968297387863
2880,60,829879.4500794794,4508633.817432369,43928.10290350078
2881,60,809649.9338250428,4490083.576974841,95130.55207070392
2882,60,796642.8339493058,4508362.1699624015,5685.028344732623
2883,60,799350.405601357,4559188.348558707,737.0244038915484
2884,60,796080.1873031693,4558750.107852547,3752.9198966809745
2885,60,799560.7864590043,4555942.581430121,1132.770270923713
2886,60,799590.9321379203,4555968.709802618,2588.220426816856
2887,60,812038.8401852351,4554812.185169668,2864.6589482049476
2888,60,811942.1017690223,4554854.254399366,2241.5320447468016
2889,60,813359.0259186464,4554360.7073507765,3198.243434073784
2890,60,813573.808552506,4554603.821044809,384.9477045943072
2891,60,813507.3297003539,4554639.0116940485,2079.515385561617
2892,60,768898.2317403788,4490060.085051538,2943.4419300626305
2893,60,768268.9777835828,4491530.654911604,4028.9182059071554
2894,60,800481.1531442568,4541656.721754854,1497.9539751109514
2895,60,801540.8351284376,4541736.69963196,1588.2306236577883
2896,60,803101.3098542341,4542290.55964017,771.7215271586109
2897,60,803985.0412306768,4542994.650243576,5528.768902756523
2898,60,803842.7124012761,4542606.757935041,22257.554369995185
2899,60,789232.2540640634,4514069.81544245,8195.860598174788
2900,60,808194.0374890673,4515605.088054657,42112.55579305846
2901,60,789418.6945746489,4516328.483885234,1231.285030594689
2902,60,772260.8455881563,4524674.058500261,913.4562762538295
2903,60,773022.8876330694,4525207.115111786,339.93173905743373
2904,60,773084.810569514,4525288.3823509505,248.36832715366398
2905,60,782144.779476626,4528109.9706734745,5529.206528017133
2906,60,781905.4615543251,4527159.218738413,3308.800097140018
2907,60,789918.3358478659,4530125.104456309,4997.081809655794
2908,60,793657.8134856946,4490867.43640413,2312.072117828772
2909,60,792879.1241146021,4489612.822858891,857.2821203031484
2910,60,766418.7184569963,4490323.023240038,10638.96446805122
2911,60,794870.0199495803,4560261.292769396,16115.728908691945
2912,60,798473.382619238,4559819.717290487,24660.46485228945
2913,60,796376.6155431268,4559677.801497224,746.0329912881623
2914,60,795160.5360701653,4559027.990329867,1529.4037168089558
2915,60,783536.2642994553,4511892.390075559,671.2306024276506
2916,60,782849.6379225096,4509377.958623101,2898.7115724987434
2917,60,781493.2739425217,4508082.03455332,977.3534872920726
2918,60,778651.735492438,4520597.4442222025,807.0128851655531
2919,60,777158.5123161622,4520037.117022342,837.0948556421156
2920,60,776163.3297558298,4515119.67989372,332.15564725177876
2921,60,777164.4672653872,4515446.824887458,485.1326103545624
2922,60,776102.0291318274,4518612.130168251,1203.0164571498547
2923,60,777443.3480594633,4519441.4002407165,1983.8658544998705
2924,60,795180.0144383549,4482146.410364766,1134.965558841021
2925,60,796025.4825132594,4483198.224755355,803.797178983875
2926,60,776075.5247183471,4528889.985504884,3482.2464739774514
2927,60,781899.4674887892,4527689.77633772,1675.5665038982486
2928,60,783959.5311372874,4529848.10772985,4495.711921343181
2929,60,795477.2196649902,4533645.325123277,1584.728777168647
2930,60,802262.4475147115,4542334.677702012,2029.0315018832111
2931,60,755341.7165145194,4487992.207644192,2713.6565097849284
2932,60,755223.2017268877,4482796.306550182,3447.548788153342
2933,60,754829.845362713,4483231.069243222,5228.1665783901035
2934,60,797166.7760552308,4487244.697986807,1652.4009634116887
2935,60,797305.2238166104,4487463.297084349,4842.052662316163
2936,60,796146.5880544799,4488103.874595911,887.4554511332302
2937,60,793924.7610579059,4488241.585686299,9928.077811014624
2938,60,794437.2945792691,4489483.8838614365,1818.10479895156
2939,60,793906.8302860208,4490108.826858193,2971.233031685909
2940,60,820869.0995069443,4524025.659248393,972.8436295041485
2941,60,820681.7161452565,4525936.2403951865,1014.800841316986
2942,60,792551.2097542875,4489342.01083502,4758.91314213127
2943,60,792085.6190282493,4489047.697127376,3662.9726036355723
2944,60,790929.6216664753,4488789.6610515015,2658.3457155287824
2945,60,791337.7750697916,4489346.012369934,1008.3175326505648
2946,60,790816.980425787,4489054.110787458,1343.333281116108
2947,60,795295.2065248034,4558762.324142398,2676.778052892557
2948,60,785672.6221687408,4529320.166043026,4432.7130607586605
2949,60,786474.0283005948,4529430.6261809645,5908.855448736574
2950,60,792489.2204430021,4484860.078437369,662.3562757686401
2951,60,791768.3160320765,4484229.086960934,1949.9770249328114
2952,60,794852.9091841356,4481378.535435981,704.9583479794453
2953,60,794893.6716719413,4481465.899586436,550.371221181128
2954,60,794713.4550943418,4481423.272168134,1124.9199205419518
2955,60,794648.8223113657,4481711.358532951,2873.452457678849
2956,60,805464.777789071,4542724.3644274,6500.852554243585
2957,60,803967.0631499643,4542692.949054837,4226.511245499482
2958,60,797110.2749744696,4483764.883718874,514.4361635512819
2959,60,798245.9497404182,4483081.830534054,2217.8204723525378
2960,60,799064.770557806,4483476.387042533,3916.4217163388566
2961,60,798720.5989131797,4483354.550663268,3135.5031201335723
2962,60,798677.1498839051,4482774.593238217,4860.428193459626
2963,60,799170.4305675047,4484336.524951184,1835.4183762360396
2964,60,798898.1481028644,4484297.504230318,6435.960307314792
2965,60,797657.4034736505,4484768.262996295,1601.847108021087
2966,60,807074.9059112786,4491239.804534652,8119.498165972925
2967,60,808340.6302669169,4491901.894281315,13248.931776428582
2968,60,817547.6405537704,4493321.688453709,5354.853019246751
2969,60,819458.3278776711,4493241.738913929,4918.792424855406
2970,60,820009.5693952803,4521872.424368207,17597.46700896856
2971,60,823296.9331493562,4525627.174563097,2664.99051329804
2972,60,774767.1597798029,4542833.747443572,719.7639468393365
2973,60,778512.5232566186,4540028.214324037,1710.7054579870114
2974,60,820303.6679554268,4526473.533550747,9143.34689293066
2975,60,819895.0954519204,4526016.094176609,7599.200418788292
2976,60,817400.7935042558,4532456.694048283,10711.05635301338
2977,60,836315.9944188694,4550348.035486614,927.6234402668445
2978,60,826647.3543351787,4548612.498723291,287.44617290725813
2979,60,790870.3761139263,4489144.915684861,4579.164705440386
2980,60,792495.5129583768,4486492.940147235,3299.94993234851
2981,60,792175.0958867098,4485033.577319443,1666.488977031836
2982,60,801534.0235049042,4558619.562674037,480.6579133341756
2983,60,799945.1444698765,4558387.176841751,565.3213682954757
2984,60,798403.6592906143,4557768.01729762,621.4333992233746
2985,60,797916.855740406,4557163.921956536,728.6199960998706
2986,60,806419.3421970755,4548594.807029965,843.1973023309511
2987,60,806608.9825526351,4549796.861710343,2283.3836025009114
2988,60,795167.4307976364,4533773.137064494,505.5296703233341
2989,60,802117.5497462001,4471369.610944433,3614.1257016360873
2990,60,799258.8009721612,4541598.297714768,1313.8264426664227
2991,60,798500.5132613161,4541191.960892486,4576.382203717896
2992,60,799102.9762782088,4541130.0348464325,5211.332744922005
2993,60,800477.1921751145,4541567.11353708,2005.7054216232525
2994,60,807007.4513600507,4542562.490117903,3449.8022067455017
2995,60,799741.9955000784,4480393.686505504,2044.645104712665
2996,60,800555.6822219514,4481432.282743884,2859.2692704154792
2997,60,803195.2480570928,4482281.88469699,10792.631665581797
2998,60,794070.7319797515,4559379.929854319,4137.562929916205
2999,60,793051.693802438,4558889.866927455,1586.2709397102926
3000,60,788863.9102227035,4560659.912588682,6791.131027612127
3001,60,787717.2889536561,4561306.57857593,2209.9417404154638
3002,60,785469.6007398989,4562011.992965823,2168.9694561506226
3003,60,772982.3418200315,4544255.3060883945,1435.0451301362425
3004,60,802670.804747491,4478285.330670003,2428.8908949162715
3005,60,802642.8098052588,4482356.569256346,10578.59543131653
3006,60,778667.4408922788,4540147.131769107,1935.6576287668393
3007,60,778475.831772362,4540348.772777542,827.1729849672963
3008,60,778100.7828873185,4540978.399042769,2357.639479647699
3009,60,779221.2976967329,4541587.195581613,2579.236512185916
3010,60,779837.1504273139,4540820.0061691655,3938.057656443968
3011,60,825325.744343801,4549276.170322101,1488.691028199738
3012,60,824835.4775220042,4550682.171563317,145.05389987216893
3013,60,815280.6703672241,4552202.932359804,1869.5574541317633
3014,60,786558.4628840683,4529222.965047353,3217.278574783965
3015,60,791306.9330919845,4513491.702608466,3236.663798993669
3016,60,788820.5821105897,4513634.884422289,9880.70013012931
3017,60,826898.831002579,4548195.890627931,1087.615537258155
3018,60,798600.1447026812,4540981.164946441,2356.685705541503
3019,60,799663.4822103026,4533901.753454057,851.3994418728788
3020,60,757434.518148957,4489457.552857826,5712.081299390808
3021,60,758626.471123108,4489764.950603764,5518.601662308938
3022,60,799089.2377906344,4470775.304911925,2250.517263787421
3023,60,795595.9675526721,4478581.432030576,2077.7684026327943
3024,60,795508.5236255233,4477558.937650792,3142.3102030742693
3025,60,795635.9067338774,4470936.962529934,9820.710868196176
3026,60,796524.2950831174,4469888.4552601045,2446.892176257543
3027,60,804376.2916160023,4543050.371595505,1009.7450516165138
3028,60,804144.2674031045,4543274.295676552,2213.567442139758
3029,60,803722.126683475,4542526.234222772,3926.156553876681
3030,60,801259.2993959794,4468823.664773467,840.1643243788448
3031,60,801299.1437942882,4466347.074969916,292.8054687121678
3032,60,799693.3627382639,4466743.922634325,3375.544659014264
3033,60,800409.5177660254,4466515.151210986,3132.9811978077028
3034,60,801937.0604413241,4467006.900120682,3086.0642299344063
3035,60,804162.3066730845,4471174.574423614,3716.638290758507
3036,60,783109.2038825187,4562811.342025752,2978.744961443889
3037,60,780636.2185341693,4561268.91830804,360.0431129538475
3038,60,800852.8859804566,4480837.148106968,3037.726561302318
3039,60,799309.6546648644,4483205.160230195,2198.402595802942
3040,60,797295.183204043,4483237.161928933,1026.3734047433518
3041,60,795610.000387775,4482763.291367357,1501.8921858674275
3042,60,794597.0955305018,4482988.1726699835,938.1736961354843
3043,60,782111.9375348063,4540249.7207063595,6184.995505525793
3044,60,780944.6800991576,4540072.436435036,10444.283995353482
3045,60,785238.9772323406,4530664.772503261,972.270673072668
3046,60,788681.4413573582,4478933.635259902,2119.205497284345
3047,60,785698.9081948319,4475316.749009341,748.9961063317598
3048,60,782610.020209487,4476086.379111899,3096.2801634218304
3049,60,766837.1215031212,4484551.057071702,1027.935730063153
3050,60,764887.7731769556,4484249.953120063,5050.233899202918
3051,60,764721.8338503075,4483515.875821542,10155.26892427669
3052,60,806908.1566062054,4491797.688212047,48861.390671555535
3053,60,824718.7851833089,4492105.868314288,66475.88335670036
3054,60,758168.9708550416,4490594.670582948,12114.084171034583
3055,60,832622.630937832,4554255.15216867,196.81901305015657
3056,60,828098.2257180627,4553665.591971619,730.6057544956502
3057,60,824802.1365811483,4554047.849999658,405.1307967510399
3058,60,822324.9568529298,4552919.102811447,1622.8321583653417
3059,60,798106.6389797255,4470079.946463186,1794.5177885202156
3060,60,800148.8739703967,4467961.347667947,1096.29256633834
3061,60,802528.185461004,4469610.980162777,1361.879998984655
3062,60,805597.563031267,4558795.252961121,8363.78274681151
3063,60,801197.9381879449,4558807.764900452,1028.1213439558614
3064,60,798925.8622618584,4559631.013532064,1933.3103942693238
3065,60,794531.0671646202,4560122.8429662455,2758.7681377397466
3066,60,788561.0155403796,4560828.566526993,890.0539022738402
3067,60,786292.1514234154,4561924.738644184,14695.270389322362
3068,60,829372.4158833473,4554134.100749627,6015.350605744736
3069,60,830922.3012564108,4554250.789375407,496.6777834197873
3070,60,780615.0446895151,4561106.207072156,474.7840286928668
3071,60,781301.6506384924,4560759.33961497,799.19391251826
3072,60,788971.9135513513,4561170.968957369,35334.884121510026
3073,60,789994.4164418227,4557687.615923933,545.834746794681
3074,60,792248.1021712263,4555724.995474425,716.7501641508155
3075,60,793635.3052573475,4483559.26350927,448.4693758482787
3076,60,790133.7162146292,4480608.819875765,614.8992872078293
3077,60,789731.0038562644,4479231.779374081,674.8011416382948
3078,60,794755.5281705861,4538225.548825486,1403.5770069363284
3079,60,793064.4493774993,4531298.651717372,4729.014913702031
3080,60,795282.5545977525,4528099.194968039,1123.0881430675834
3081,60,796791.495418915,4529283.532038703,307.3712139569978
3082,60,796728.1964676526,4527087.909958689,2341.1702119284973
3083,60,799485.4548515948,4499320.854003021,4703.632199265445
3084,60,773227.2183898513,4521379.143346959,1315.913519943374
3085,60,771965.3196284637,4524510.657968379,2167.0967533184744
3086,60,827659.1019759395,4497774.24546989,2564.613312433964
3087,60,825015.8168927733,4498424.101287248,4059.449706747975
3088,60,819898.8874005346,4499125.663332024,2284.1754273134557
3089,60,814575.7484150863,4499879.382997184,2023.192577713381
3090,60,807709.0429465834,4503443.812179695,3537.590539040609
3091,60,816286.7307563046,4554814.850111384,771.8853240713798
3092,60,813881.1625544049,4554721.92595044,564.5869820474505
3093,60,808875.4231249653,4556584.142800267,524.9411282233519
3094,60,793507.1804157775,4559030.509620897,7827.1486469806105
3095,60,797714.2036504076,4557269.912751715,647.9850115844552
3096,60,798131.2846364445,4557755.015002149,579.2532383159394
3097,60,799197.7256123171,4557502.623639794,4331.077384472439
3098,60,821944.8211993345,4553410.314738381,818.5826925914471
3099,60,822987.8506001185,4553923.91239361,1457.0236509682275
3100,60,772779.3837378847,4497041.346166721,465.0201262463845
3101,60,771702.0360680739,4496438.762490915,833.1914161492751
3102,60,795820.8486018474,4558859.840181603,1932.6886435772838
3103,60,797185.1740071606,4559963.497462302,185984.7295135507
3104,60,791559.78335899,4560856.094764871,935877.1337732349
3105,60,787847.0894942164,4561768.597254306,1065435.2392679022
3106,60,807681.5949477735,4541629.727732495,1090.5983137325504
3107,60,791413.4805571244,4553632.2514561135,431.7183584176571
3108,60,794802.0448534144,4545663.027028861,1314.2935641224472
3109,60,794011.8474255397,4540831.977937437,918.1053496981641
3110,60,780392.3535025645,4514832.611877349,1556.8346042517471
3111,60,779044.7256003814,4515497.10272197,1080.9404813477345
3112,60,778562.5197280212,4514825.548759852,752.6705995785256
3113,60,778543.2593710842,4514927.091642045,1474.8274934960784
3114,60,776207.2857387651,4515670.883439033,1873.5947134896205
3115,60,775696.3366991181,4514840.099669098,2476.970400121115
3116,60,814909.6701046879,4555128.500285885,2520.2313091263177
3117,60,757126.7532262952,4486231.748053829,1336.7195971180765
3118,60,757700.415610596,4486282.677288621,1676.7804100381854
3119,60,758554.3002826249,4486132.817909226,444.2877670192339
3120,60,758491.8117846184,4486407.824327658,2179.5608254151903
3121,60,771119.8699700558,4490844.196443395,6397.651402998724
3122,60,773440.0757971124,4492269.782628461,6485.2769054968885
3123,60,788128.4098705237,4524493.69272014,14528.2052999245
3124,60,783487.2738771109,4492207.12179469,8930.262742816645
3125,60,790437.3741347343,4559653.7491955655,13017.167037810757
3126,60,797690.4393703776,4537505.563533327,5907.5287418857315
3127,60,801520.3197774593,4541505.275038719,1125.2465031406962
3128,60,804289.4520489763,4542114.95781987,1909.986168189952
3129,60,804057.7044882941,4542288.222648224,3214.7961573709913
3130,60,807503.4561383261,4544004.182561197,34690.23178177904
3131,60,772530.8267204713,4543929.744840512,8537.186544364382
3132,60,775375.1861176782,4525693.243678505,1133.6838591571284
3133,60,775968.9766421844,4524973.665466577,1201.6672005539492
3134,60,768908.9304642391,4495753.466900616,347.5258863954306
3135,60,759905.6844899565,4494279.506866538,2504.235823233233
3136,60,758105.7070677966,4492453.394337204,870.4321574096191
3137,60,755898.64871986,4491679.831569999,386.9470700424089
3138,60,754296.5001971739,4489398.596708766,1003.5419454302247
3139,60,810575.9796248897,4552276.568772818,9065.954155884054
3140,60,804606.0175734031,4542699.130794553,22166.814100361367
3141,60,800528.3375616428,4541725.313294339,2057.636505971778
3142,60,780351.7363581922,4507672.347705612,2043.8584236119416
3143,60,780752.4904114389,4510262.113806253,1747.0190961155781
3144,60,778510.8181198045,4509067.963747349,814.2064771368346
3145,60,772621.6101328422,4502353.742395021,1298.8437775204065
3146,60,772969.664396866,4498373.475941595,2253.6424544104484
3147,60,773123.8684486243,4497252.21989445,274.7065813597422
3148,70,803187.4131765792,4484949.453188936,15777.551561486755
3149,70,798481.8231129684,4487742.71043656,25277.66219786294
3150,70,759171.0836535193,4492433.32616489,4018.3475322883296
3151,70,763581.9682367017,4485969.495984404,10695.40119093957
3152,70,762527.6266349414,4489698.778739238,8592.491749473005
3153,70,756359.2331051455,4480500.1867285725,10287.769864139696
3154,70,761534.715682329,4485024.236360544,5926.924906063683
3155,70,803035.7041015652,4467641.971988919,46872.83733020801
3156,70,797046.535725029,4485745.497597524,25482.777379273728
3157,70,795068.0225212112,4486755.918193464,9464.198732949013
3158,70,800871.7205119394,4549256.900424416,19986.10518698358
3159,70,800642.2823537776,4548759.071646347,6108.259817773471
3160,70,800632.1826603325,4548678.3932822505,6852.929452553601
3161,70,800374.7234197161,4548654.848402732,6169.343333329682
3162,70,800245.7565413524,4548561.64322301,5326.728940956351
3163,70,800438.9963163288,4548835.369253025,5621.98179458579
3164,70,781939.7185085408,4557293.91920163,16869.94639940213
3165,70,777260.6622207385,4530227.097524563,29463.586312987914
3166,70,787764.9201403246,4510955.231851807,2506.277316792237
3167,70,787340.8076776788,4510515.664678528,3952.028670557653
3168,70,786850.8942374323,4509974.995334943,405.90095990160285
3169,70,785322.8360681955,4509401.066723078,2150.0535044173657
3170,70,784811.7878424175,4509162.446082641,470.72630005109244
3171,70,784858.826289792,4509061.884897003,872.1006446689765
3172,70,784547.3336581426,4508975.121578521,855.0020225314463
3173,70,800707.7433499104,4545437.258798626,20531.4906061335
3174,70,800640.085692597,4545596.988072448,11410.973803501856
3175,70,800871.5760032963,4545503.568522619,14231.168260363149
3176,70,779407.7272311465,4490424.835413535,26337.660408712618
3177,70,772728.238657369,4552693.153243466,11750.725806479137
3178,70,774204.6637842912,4532894.4191697,32448.672505730225
3179,70,786425.7946808038,4480679.347163381,36060.1748008407
3180,70,782320.7382862123,4525797.94809576,54731.41778588969
3181,70,780375.0434298867,4548644.634149121,29014.386281649604
3182,70,774423.0929359284,4542221.135565691,46948.77398694819
3183,70,800523.9176201044,4547279.3891766975,8022.3292968858495
3184,70,800738.9373114514,4547305.662766659,8232.041622284885
3185,70,800778.6243604568,4547463.286015452,10787.625116568717
3186,70,800679.4081220591,4547512.764104995,9205.764128356652
3187,70,802223.0990523364,4545326.624016902,13554.2452751597
3188,70,802180.0900172621,4545229.969752435,7136.596786489038
3189,70,801548.2704761729,4545198.15077217,10117.547596339624
3190,70,801453.3325380782,4544894.0457981145,27341.157189747268
3191,70,800731.0576006982,4545241.851820849,22431.44464364477
3192,70,797959.2076571551,4517707.198777124,5813.675849259573
3193,70,795829.6726926961,4516173.9071010575,926.5829348506732
3194,70,795546.3014240842,4515691.813329756,927.9423780151873
3195,70,795298.9500978908,4514865.262439845,2100.190619199234
3196,70,774207.0617131045,4523620.997350113,22599.84925039748
3197,70,776833.8976341288,4522248.431392021,169924.13063625435
3198,70,784117.017092594,4531627.216837793,65437.722068899886
3199,70,795022.7183609125,4513130.4640259445,4939.7205163956605
3200,70,794002.5915391288,4512788.26509591,1395.9355457789043
3201,70,793725.2717932069,4512436.936672517,1440.7817382969706
3202,70,792934.9318293579,4511974.551963942,1288.9921178418388
3203,70,792480.1267246193,4511817.936652041,1660.1966356981893
3204,70,792400.2919337333,4511700.676191888,624.3787452966625
3205,70,792011.865722068,4511349.760412464,1927.2250730140545
3206,70,790204.1544212768,4511467.5569397975,4038.269682123625
3207,70,788382.6216821307,4511157.028905354,5647.797607685536
3208,70,777480.7765000872,4555922.880490252,25557.485522346386
3209,70,787825.127275915,4555172.9578277785,49965.1584697953
3210,70,789490.8230638745,4552265.67525571,28369.604096833624
3211,70,784442.2540689186,4543979.213536749,23099.994083692814
3212,70,795935.7538660427,4540765.416119715,104230.24665468812
3213,70,795652.3310350872,4545163.77422016,112251.10810850211
3214,70,793250.5612801529,4552094.896015426,7696.615611011826
3215,70,772579.6189304021,4546610.977332814,19132.872815881812
3216,70,781671.9345882317,4541521.117218173,45124.14783545001
3217,70,778361.7946554453,4542375.7229845505,50768.366581191956
3218,70,776619.0901631435,4541593.872443919,16140.815752135704
3219,70,795965.1594187684,4520280.877561158,3670.71878470136
3220,70,796704.4368580766,4520437.185875818,1519.6656239602983
3221,70,797026.6916085035,4520249.385007821,1763.1381724161147
3222,70,797618.5468564611,4518606.3368341075,4597.094830633947
3223,70,797276.2385125726,4517799.09073596,2173.3601077652474
3224,70,783942.079305104,4513972.489269987,46795.65687074306
3225,70,784564.9606986839,4522487.906979073,52430.31293811901
3226,70,786715.4566613215,4526961.2974100355,49923.10528683342
3227,70,789742.4332524186,4523563.8727811165,71640.83970240981
3228,70,792638.1701037431,4521838.574964035,35711.765546021015
3229,70,797226.7483444159,4525886.292109522,12969.380998912691
3230,70,794332.5950406205,4526453.913469231,39897.220125753214
3231,70,787378.9231803158,4531130.287416835,42029.38211523586
3232,70,781577.2832148591,4532001.00409804,11644.586315287414
3233,70,797729.2626253314,4483500.717397011,12322.589593208682
3234,70,779795.0984134553,4536181.841524451,15790.106399758273
3235,70,777979.5716689029,4536263.505126585,21265.866106262933
3236,70,777648.1294183946,4533694.62200446,20751.158345833617
3237,70,781612.1254428802,4534029.809641258,24527.020091164126
3238,70,780029.3180478546,4561798.40475873,20689.412879991763
3239,70,779385.7852153402,4559122.985984828,39867.34704037753
3240,70,785982.2053557654,4534176.762429578,68336.15492145058
3241,70,787201.5009767218,4536518.443490555,180567.87395475613
3242,70,790136.3546439293,4543478.726888481,21142.56810922016
3243,70,795906.4457107745,4543721.952893153,59919.13023061549
3244,70,819831.3263388455,4520006.570179077,8746.74177452037
3245,70,812269.8092928397,4515024.432555735,12252.247810517614
3246,70,819091.075814059,4496608.169269089,2815.7033029407776
3247,70,798267.4519592462,4550960.615267447,20679.65443489108
3248,70,800374.7392179483,4547053.058132425,24977.124468448717
3249,70,794082.5760410953,4515844.690928767,37245.92346570754
3250,70,798724.4533031372,4522332.786272895,360271.9815324844
3251,70,791075.6694445877,4514428.337847118,27683.23345276468
3252,70,794259.4416870037,4512293.746746433,24332.877320939457
3253,70,786879.5600969692,4510406.218475971,21926.154001396797
3254,70,789068.4835528343,4512366.289750938,42502.24596425341
3255,70,786781.8425168729,4508034.594573916,23584.155301639687
3256,70,791865.5638574727,4517610.45596086,37855.20009629748
3257,70,791140.281998614,4518423.062125083,45689.19869642723
3258,70,790045.2982107808,4516818.775178166,57235.37517677078
3259,70,794978.8727491442,4519815.109474442,22335.463701777022
3260,70,805652.236833581,4515391.157864125,28130.302225138526
3261,70,837072.1855026227,4551189.850238124,22236.966498497786
3262,70,804287.7409611131,4532715.183674282,100635.53109064643
3263,70,794530.377284965,4523631.712719582,30477.00779401518
3264,70,799690.0231846527,4532676.947386442,36326.57295488814
3265,70,801523.3814580537,4533476.247724532,38456.88389011762
3266,70,790030.8544958464,4532451.056933406,79534.11671984533
3267,70,789113.6828892163,4535028.644222853,154336.5315017899
3268,70,794117.8390338547,4535078.649718232,46634.06571292822
3269,70,792901.7415334845,4536872.497922291,57598.328500858705
3270,70,783685.6844828556,4536087.598853717,32677.912537523134
3271,70,789348.8469366156,4528970.618269164,32246.073060858
3272,70,812037.7588030862,4523357.42446201,8486.125166149413
3273,70,812686.8386048832,4524301.86873886,3336.9660629147934
3274,70,815874.5044109445,4514891.000030818,7865.682835205375
3275,70,821523.3045066885,4520079.186372765,4503.318815249479
3276,70,803208.6494924533,4510511.854341128,33700.64427523778
3277,70,803555.3124087874,4508516.391848673,36748.18212667531
3278,70,804941.4950967618,4512652.6506889565,50279.2027910064
3279,70,805798.76744715,4505440.80965734,24467.43925124185
3280,70,801896.1684604557,4504842.496386499,4404.405848674231
3281,70,828992.6852736576,4513149.678199349,2252.5189712546476
3282,70,814904.2283779128,4543413.843372842,926.9969297491155
3283,70,799717.6865418996,4529871.925235998,77573.58525282195
3284,70,799970.4311293433,4528875.914629063,318585.0753533214
3285,70,795556.5522409045,4527549.028097379,106256.73514502028
3286,70,789598.6897620484,4518135.720552436,34847.449679124446
3287,70,791909.5217358029,4519640.262508679,35789.319020280076
3288,70,803042.9115695024,4542142.560514002,14574.023321353081
3289,70,802312.989783433,4553833.645309773,27432.55843198386
3290,70,798222.7438865146,4553733.74330283,5130.325415691708
3291,70,796645.6380496309,4553952.516288339,5320.321378939708
3292,70,810318.7434180639,4520295.820900923,123812.76715977193
3293,70,828036.6702173093,4547893.197983383,4169.2437028790155
3294,70,803722.0135228331,4557275.896329309,19622.827093869248
3295,70,802740.5644452217,4532992.385734253,8219.217848177213
3296,70,804460.3297668905,4531342.23837023,19878.579509228457
3297,70,815263.5056419494,4519740.613713995,2529.040463089008
3298,70,812979.6679384019,4519724.253851901,7459.069410732308
3299,70,809284.2568745614,4517211.192959171,29744.314387563572
3300,70,829312.3893025056,4510944.315922616,3051.008014896015
3301,70,814978.4693226324,4554659.896063937,11198.807556369347
3302,70,819436.6136716576,4552865.791084219,3240.5256572593885
3303,70,805869.875588731,4549342.876087742,8831.275178005222
3304,70,827300.1982369607,4553687.522052301,4150.866742183218
3305,70,801950.2015206079,4520272.6846500235,41792.35838812529
3306,70,798407.3677028752,4518709.340831882,26837.65629582768
3307,70,799191.6295329301,4516205.720594295,122389.70127533839
3308,70,784931.1965680451,4509694.8126158165,1526.8580097418985
3309,70,784477.7174425198,4508075.02406389,910.8217317996332
3310,70,784564.388577026,4507858.254447862,444.29668389618246
3311,70,834068.0341574893,4547414.633037608,2673.6601585602266
3312,70,808390.337097184,4548860.994247733,2750.500853315812
3313,70,804355.822425957,4549897.390327067,33028.432827035176
3314,70,821175.2961831322,4522492.244865733,27698.83437878613
3315,70,821783.0603456612,4523659.544782576,10158.885870917438
3316,70,814531.7491624204,4512144.434874243,8796.525208590345
3317,70,824488.8615461848,4498261.222627958,22429.209085030776
3318,70,811950.6005825277,4501433.051691516,4486.348377379155
3319,70,809734.9697094925,4504975.558860687,8419.946211689485
3320,70,824253.7203707278,4510352.718206735,7407.12812046469
3321,70,820881.1157396174,4553407.249490584,16069.83881817051
3322,70,809837.1799561229,4515983.56079392,22676.498747893194
3323,70,808896.8952899302,4518502.859851369,24638.849698088507
3324,70,781983.1630452967,4504854.39202761,1202.1201596360138
3325,70,781643.4079707576,4500259.22846946,97.73272293305789
3326,70,782393.1740683801,4497567.3799031405,349.96157930523657
3327,70,801965.3596108763,4538795.652419155,61307.74052691907
3328,70,803113.9729292699,4536311.454533244,30198.150690609804
3329,70,801639.7916419033,4530272.153320631,77191.66026220661
3330,70,822882.7671113131,4515371.233605276,7677.325541650858
3331,70,825468.6908851496,4526318.664727434,13238.91879703898
3332,70,799963.326940905,4558086.820721932,19941.82301442772
3333,70,800849.9978633738,4559333.283505697,49116.44502221239
3334,70,817465.2791697234,4554691.493688151,7905.849623968688
3335,70,821230.9100691084,4554397.245002419,39278.38154904633
3336,70,781645.6930196224,4512668.140605375,4197.625391732575
3337,70,784639.9832857405,4511461.51703433,4549.075524018329
3338,70,784460.2582769373,4510605.727375787,375.73925244004374
3339,70,784418.2382259392,4510197.489052161,1357.5814328981955
3340,70,761832.4181905416,4481817.172617797,499.6626547015788
3341,70,761012.2646943718,4481696.977813849,1098.6772717964343
3342,70,761619.9332963899,4481583.123113244,758.9926304754947
3343,70,830110.740809492,4511552.629761157,7856.1216894829895
3344,70,829090.3629856772,4510376.626237832,13558.787379655541
3345,70,829873.1672731495,4510281.93290446,11176.779596187553
3346,70,818928.59471147,4494583.270198982,2196.5903676339185
3347,70,817972.2075206905,4495227.291389348,2963.478147242584
3348,70,817980.2644891372,4496823.820382571,1415.5952406907911
3349,70,804650.2136887106,4507433.143182597,30354.579301614234
3350,70,811051.5397088252,4510541.7228710065,18117.876267939195
3351,70,803923.6820137876,4519108.37169004,32098.00179073166
3352,70,831171.7988930728,4512412.547917,6500.599417398011
3353,70,784526.4994863097,4506389.995263437,1161.6539526805293
3354,70,784063.1680725756,4505425.108053643,3400.8638214417147
3355,70,782949.817185219,4504477.515694505,1820.8378305244319
3356,70,767170.0506523873,4482719.39528914,1016.5375888169235
3357,70,767446.6843554896,4482992.278896802,791.705826635133
3358,70,767419.9957250624,4483159.641299709,595.8146884393658
3359,70,784601.3071704156,4508918.493989372,1399.32007291582
3360,70,784116.5843777554,4508783.615695163,4760.65252086103
3361,70,783709.9632134209,4508588.429532164,1335.5477181578208
3362,70,782782.5879127993,4508341.344401245,2657.0012250410846
3363,70,781918.0902918136,4508768.237274575,1958.6775841955316
3364,70,781346.3581172889,4509045.3974548755,9457.13545705979
3365,70,782500.0424198519,4513939.023985067,6537.734285026285
3366,70,783392.4856481403,4514099.430207639,1778.6886264806355
3367,70,782867.7827553473,4513894.486489106,5993.251983872158
3368,70,763299.6940123828,4482783.838474895,394.97873948541866
3369,70,763078.3059288549,4482833.100097166,610.9110434595866
3370,70,762591.3133940032,4482305.237051185,865.4868840821158
3371,70,762260.6290795404,4482099.708975428,1335.279538494717
3372,70,761171.724768122,4481453.962064165,1484.1204693687775
3373,70,761494.2706651613,4481921.382954127,1731.7140102724904
3374,70,762139.8716217373,4481691.14522035,260.627106251083
3375,70,820343.9639500938,4498844.615110317,4536.494162288397
3376,70,820528.1746187841,4498500.2345252,5537.896619868185
3377,70,823454.4218201468,4498336.168772134,17847.498065991116
3378,70,818907.1314155059,4492931.88365845,4557.319666693986
3379,70,810479.6110653584,4511908.0452066595,42539.66166311409
3380,70,809295.3111766754,4511114.331650732,25351.275867296503
3381,70,816148.6720951357,4521496.199459694,10151.623234986755
3382,70,819319.1878274907,4524288.726607859,7717.835471359668
3383,70,824500.0433988357,4509263.532275704,18325.195764122156
3384,70,765350.8281646433,4482897.955264835,249.54733399355456
3385,70,765458.2352007425,4482868.5060696835,296.17237241403154
3386,70,765831.2722421016,4482271.601681218,955.3907909790946
3387,70,766056.5871052657,4482060.118203817,881.9154754903125
3388,70,755474.3504352398,4483799.5634472435,634.9368444679416
3389,70,755802.4026630501,4484126.94232714,140.56199508160665
3390,70,754551.6809353676,4488695.823368559,1737.2628593498594
3391,70,773387.094885242,4496041.064723718,1070.2932299022577
3392,70,772842.1897908552,4495393.69420076,559.6992063643506
3393,70,772257.8038070496,4496561.044557954,181.04917272163635
3394,70,772051.4282605671,4496520.104716941,798.9728405435236
3395,70,766078.3550735313,4485399.094546134,1055.3966703546257
3396,70,765720.893330939,4484826.217372675,896.3856486656045
3397,70,764499.05463298,4483924.160036157,1911.617979848004
3398,70,763561.3675269183,4484039.489906216,3641.5528651828563
3399,70,762911.709443949,4483783.128884147,2764.588793012354
3400,70,761350.9803828864,4482276.678882162,882.5489049506407
3401,70,761192.311333967,4482224.652869765,409.05488085692923
3402,70,760932.7045937631,4482264.256038632,2208.105032336107
3403,70,760317.2619370167,4482567.005775156,469.4578819746517
3404,70,756268.4705247898,4491829.746890676,687.4523856766048
3405,70,756922.6154537096,4492376.246144537,4363.155290946998
3406,70,757542.6370973095,4492322.559232351,3490.4175477816393
3407,70,761889.1048860922,4481558.944340192,452.64221783837723
3408,70,762027.4816830856,4481296.66185337,654.6167997158219
3409,70,762898.6435351201,4482003.716874513,640.4355799727366
3410,70,763229.4588365846,4481883.062849237,749.5132432987461
3411,70,763460.2751689996,4482125.025809223,291.6158932755881
3412,70,763665.5445841041,4482081.459085411,631.1027685357654
3413,70,763926.0196032716,4482056.84039509,1752.9978989072843
3414,70,764022.6918604008,4482315.375115777,1103.0643402282399
3415,70,764456.2929290505,4482833.068067818,618.6087200299743
3416,70,757297.57159105,4482618.759469801,591.5318872160034
3417,70,755497.4043268472,4482281.197798794,3267.4377128481406
3418,70,755621.3338262087,4483056.840261416,844.388990870464
3419,70,755164.094542664,4483554.135172269,283.94833565091653
3420,70,757519.2899022962,4490579.887220971,1415.15126633923
3421,70,756995.2748377922,4489366.523014961,4705.538253418205
3422,70,760133.5989698397,4491534.255875819,2280.0654438839374
3423,70,766222.4415455217,4483754.839391809,3952.1125006958673
3424,70,766983.5867204154,4483723.3934293175,1190.8606979534734
3425,70,767283.3933322373,4483555.2174855815,545.1259508100582
3426,70,766951.8703036943,4483341.552116723,1091.4372067943182
3427,70,766544.999228403,4482805.890932568,273.43453291765366
3428,70,766029.0860360095,4482378.163929687,668.5042932909042
3429,70,765185.928943742,4482087.248166879,572.7789093557822
3430,70,764505.9346607279,4481992.03541505,698.0636423850511
3431,70,764625.940050534,4482069.651639055,1190.4448483185415
3432,70,755173.214618731,4491511.452129766,846.1094499114149
3433,70,755525.3142604209,4491376.610574613,979.2437752236705
3434,70,755686.8498921613,4491330.224429505,537.0122067753787
3435,70,755809.6768503228,4491527.171269868,983.8898318023876
3436,70,779088.7174301435,4521652.613812144,30165.328270883558
3437,70,780154.9708446724,4522273.694188618,6997.593168854795
3438,70,779705.3647559562,4523259.367860932,4774.437305486596
3439,70,762121.6786098033,4482647.44604887,1527.2405203433307
3440,70,762016.1928602597,4482816.111551265,379.6032094847916
3441,70,762106.9970303373,4482944.5633978555,969.0021191884892
3442,70,762215.8216671231,4483000.74420434,823.1449503803757
3443,70,762442.2621368385,4482386.182696103,74.42509389953905
3444,70,763045.8192849141,4481872.177990721,969.6154068647919
3445,70,762355.7659235025,4481611.3914903635,1388.332099219305
3446,70,760315.8361352712,4482891.110722748,3086.7929925063445
3447,70,757914.0421801856,4482706.8815574525,1333.2531100962235
3448,70,756194.1052278826,4490531.261422373,666.5096128771331
3449,70,756681.1811497,4490885.365453023,252.3733925655108
3450,70,756877.6211621622,4490780.11766077,1319.856392419687
3451,70,757475.1230136803,4490879.340848302,2362.6101135792073
3452,70,786996.0338968999,4508200.912209595,8355.649089975526
3453,70,786301.0335591742,4507731.592910278,478.6938352767362
3454,70,786122.370078047,4507418.82164623,775.4150966179528
3455,70,754736.4998682914,4488910.716594949,878.2063355811779
3456,70,753912.1437686589,4489091.2399360025,351.3306556314318
3457,70,753967.0794538165,4489155.359363221,683.6409384926191
3458,70,754121.3885602981,4489601.18339958,270.4315607343297
3459,70,754270.3532566441,4489866.529233241,836.5630990592192
3460,70,754173.2029409859,4490219.413412342,341.2402393341023
3461,70,754186.6152779046,4490659.559923792,367.2346103311867
3462,70,754327.9302730163,4490921.029651369,1089.7694798538903
3463,70,753716.4798272629,4491453.347780974,784.264315567655
3464,70,800175.6167039968,4514799.854702582,3670.6257199021293
3465,70,778538.6984901003,4522933.734586054,3015.298110276886
3466,70,778713.9417849381,4522268.765522166,1390.7988669400856
3467,70,778758.5964316684,4521874.928969828,1905.8258972126764
3468,70,764046.4456080988,4484810.003541577,1170.8369476087883
3469,70,764091.5572661596,4484627.484768869,1391.2981411092558
3470,70,762578.3709670648,4484843.946456392,979.6557036003585
3471,70,757597.0847155986,4492080.1222410435,646.270359852205
3472,70,757979.7658546745,4491807.105664613,1301.3390794522177
3473,70,757926.8537647781,4491630.315200173,258.2471306455815
3474,70,757874.6330595025,4492041.664808463,393.7488324329088
3475,70,757663.0777406761,4491732.2506916355,189.9760278496707
3476,70,757273.8032083646,4491808.6299835965,2059.6130221716335
3477,70,756760.0993106148,4491516.642867802,1053.6483339541965
3478,70,756004.4880294413,4490917.650009398,1810.13684399985
3479,70,755836.3347954437,4490562.624778598,874.4932789762671
3480,70,786335.53727128,4511199.314573857,3617.6553292236235
3481,70,787208.4848751765,4509873.558545915,2787.8288697339894
3482,70,787589.6604261423,4509034.9925743,3025.275250372033
3483,70,787346.7023088671,4508773.527846206,5472.197035340112
3484,70,755195.3990175795,4491399.18503848,1082.5272288474293
3485,70,755430.9525272505,4491358.759696025,1382.8547435772207
3486,70,757240.2220278311,4492371.360110476,772.9726769177103
3487,70,800933.0215076676,4501620.54957568,515.0894300888483
3488,70,803162.7736035147,4502426.50695719,776.8085013327432
3489,70,803520.256183984,4503274.911364729,4393.860282522909
3490,70,803277.78556567,4504025.691313835,2623.9260950948433
3491,70,801250.201548513,4504207.932156684,1039.2009034507644
3492,70,804063.3140152125,4504858.08995157,998.7490711724474
3493,70,804911.6806225962,4506271.781162174,2746.6905726431814
3494,70,804857.493569468,4507017.057173697,8688.3782078325
3495,70,802794.6867724719,4509750.17211793,3904.8359170197027
3496,70,774077.4192217072,4510608.784833896,484.2422406530116
3497,70,767659.0969911634,4511228.379711465,196.58162062563596
3498,70,766958.3037769935,4511196.9767455,883.5824069071349
3499,70,764221.2462567602,4485046.808476756,6461.908061552988
3500,70,776030.2201906004,4477649.2787446985,2405.2404026
3501,70,776292.8537253,4477098.670199763,461.19387569132846
3502,70,777375.6002424876,4476921.84832231,1061.9227729773522
3503,70,777239.7240515144,4523546.505660686,14734.139758749026
3504,70,780057.0794032941,4524678.209755041,4169.6672941331935
3505,70,778417.532581973,4524488.069686829,5398.318260069421
3506,70,777879.0863830517,4523374.115631882,10436.699669592685
3507,70,793151.3576401945,4512422.493333322,4167.2763740082355
3508,70,792586.1086064387,4512360.822906635,2029.7241785088997
3509,70,791420.4282853872,4512160.379773965,4199.483227069496
3510,70,789764.5279386999,4512210.138163766,4689.46263002202
3511,70,787672.5494387975,4511296.445319589,3391.9886434081036
3512,70,754347.8720807481,4489550.958512576,455.3449010752897
3513,70,753724.6169090725,4490194.394449603,450.3131895785611
3514,70,753922.8452875152,4490663.407251166,176.88900012491115
3515,70,753421.3902331466,4491009.750916162,1347.519572795658
3516,70,766780.5485313621,4478892.661783753,1035.3555484281142
3517,70,767098.3244171931,4479409.539090926,791.0643425334737
3518,70,755721.9190012102,4488326.92873847,985.6710734643649
3519,70,786237.8300879097,4506949.585377939,2885.0525036642734
3520,70,785996.6758567397,4506727.215000487,923.5104963002899
3521,70,786324.7010600063,4506213.7682609055,504.98542574703157
3522,70,786832.4296917176,4506087.079643551,478.24772380799755
3523,70,787063.8913236688,4506117.935719733,486.74697248888685
3524,70,774490.2008204554,4510207.818565639,519.7556541661921
3525,70,774548.357315404,4509894.463357135,147.0593284008181
3526,70,773651.4788065291,4510327.395467134,143.84121583178265
3527,70,773614.0986983248,4510768.514251726,177.8189222995878
3528,70,773443.9767996367,4478551.797680735,2122.803003312206
3529,70,774251.0277394875,4478768.169418541,209.4003381671766
3530,70,774797.8094818543,4478868.982689423,961.6483101697415
3531,70,775353.8687659935,4478535.142314707,1155.1519683435567
3532,70,763924.3060347456,4474606.045476997,5971.127428897645
3533,70,766721.8660186464,4477583.439120468,2024.7839171842982
3534,70,766112.8741466397,4478201.4931754,543.7864861472292
3535,70,763133.1785940321,4484563.052796427,203.23805826046046
3536,70,763245.4301939345,4484676.847525848,416.35722514014816
3537,70,763513.8966473191,4484620.863843237,745.749923457581
3538,70,761086.6428256979,4484494.217122646,2619.413241110564
3539,70,759434.4319652761,4484720.621645077,11245.693278742405
3540,70,757179.6190561869,4484173.098186293,766.9265191217124
3541,70,757511.6556473172,4483988.418664755,525.3758332878315
3542,70,756085.5917517812,4482778.161689803,808.9720347907211
3543,70,754860.2835834799,4488074.64679081,6286.1549933566685
3544,70,767266.4297760964,4477680.17667118,1213.6551822084507
3545,70,767174.8100502412,4477365.409003977,6222.134586422971
3546,70,765011.8492904672,4477291.259044902,2664.784948819942
3547,70,764809.0742740803,4477060.37013691,3026.219938994375
3548,70,814869.9163153536,4554705.584334068,1414.267606617158
3549,70,814741.2917100511,4554669.808847657,1359.80291066779
3550,70,814652.6205450296,4554896.450928864,2158.3960911374897
3551,70,758212.947024358,4492427.754570763,1091.6774571949197
3552,70,758724.4922961321,4492577.389075269,1633.0721783158351
3553,70,760138.3758082718,4493567.093890469,1857.179247837133
3554,70,765477.9479510954,4484945.429968931,1118.7539419343789
3555,70,765884.6076109307,4484438.914527059,1261.20388901767
3556,70,769517.46202026,4482518.441990671,1008.7346110214338
3557,70,772084.149730581,4480446.39175222,3579.824605717623
3558,70,771574.1996211066,4479245.149716949,231.83778793868908
3559,70,772306.3303577625,4478739.2540546525,715.765514375571
3560,70,771474.3015790657,4475358.221036539,801.1984745416216
3561,70,770292.769341185,4474938.39927611,1106.7867293000156
3562,70,768826.2993125742,4474924.671985432,903.7813045989847
3563,70,765215.4068991481,4475031.3572887415,1007.5592659774404
3564,70,815181.1555817676,4554728.629458761,1474.0606224856494
3565,70,815131.1857047023,4554799.047454935,815.3149851596248
3566,70,815245.8677783207,4554910.9648387125,1859.7666898289344
3567,70,777588.4735384182,4476741.909310791,1311.20290760378
3568,70,778130.3806810345,4477224.906476248,1910.0166000915137
3569,70,777310.0634915995,4477314.887163604,1751.489638837842
3570,70,773364.8504656617,4480032.423703097,626.9087386502084
3571,70,773177.1732883101,4480350.887307285,735.3854159762998
3572,70,772519.0548279432,4480273.725452687,6502.498088044449
3573,70,771227.7058860321,4479850.71598436,1978.003483456217
3574,70,769578.6122003732,4479049.437213681,1254.3063219026353
3575,70,768496.7971833053,4478708.471926166,1359.3766000827281
3576,70,762901.6274384913,4482962.066147877,755.3728552714467
3577,70,763455.9807220289,4482591.126804577,302.1516501730413
3578,70,763832.194730365,4482359.869619697,2646.7121747741407
3579,70,766871.6916752462,4482368.381786096,666.641700416864
3580,70,790561.5814179515,4557092.075053258,20583.71771571008
3581,70,793131.7096452235,4556905.490334324,27504.565491836984
3582,70,797621.9970765138,4556144.063922021,36764.9273204602
3583,70,755351.2398441521,4488743.962639473,1547.05923029129
3584,70,755983.903745273,4488169.723823822,840.4422764279542
3585,70,755554.167735683,4488037.814331665,1023.0483397969457
3586,70,755167.4631538308,4487847.72068805,1182.2081338728192
3587,70,775763.0277228176,4476928.367124251,1797.0916256330784
3588,70,774729.2862825268,4476371.167675817,2567.403007265277
3589,70,774329.363562618,4476074.190621392,1173.7488800024983
3590,70,773810.6777036408,4475630.421612556,1386.3449552966958
3591,70,773593.3539394083,4475592.755497056,692.0654765804289
3592,70,815402.3193489792,4554723.933447462,3510.737614390581
3593,70,815525.9558482819,4554756.734986841,7422.200922402463
3594,70,815601.5658893696,4554741.95308363,4853.413913084462
3595,70,815177.3242161289,4554641.706777202,651.8033312996542
3596,70,809372.9034112346,4509079.050887292,31212.076209514216
3597,70,806614.8659839536,4507789.050157491,28056.778981295363
3598,70,806485.1930403707,4511749.889861989,56260.589339774655
3599,70,761587.6130541401,4482861.715263656,422.0429851160356
3600,70,761885.8195462527,4482973.9124602815,794.3194865551989
3601,70,762064.0758910838,4483259.30745698,2616.2707953403456
3602,70,769172.6256179519,4487063.296451682,41072.3196427831
3603,70,768231.0405575812,4486702.053424236,26089.408812439415
3604,70,766005.6729046387,4485219.284016386,776.632522344959
3605,70,765563.8915985755,4485000.494157969,392.33131737640434
3606,70,763916.487006229,4483896.431454226,4326.924523810952
3607,70,763050.3459525845,4483129.59020598,1463.3571992893785
3608,70,800980.7435077222,4549399.62108373,29894.109685776668
3609,70,801481.7433753351,4516405.537448522,252253.32229157916
3610,70,825984.6874484456,4498735.007219396,23597.63892418893
3611,70,804774.8249047148,4524727.784471862,128301.69698088572
3612,70,807541.9588040191,4509778.9464716725,52714.8756767402
3613,70,803423.5633014638,4506638.735815814,18803.449785483965
3614,70,805994.9075578242,4503000.446800247,38671.43493160895
3615,70,814844.4018218699,4554918.168457492,5559.852184815653
3616,70,815004.6979153812,4554883.133060815,1240.0522333966298
3617,70,815101.2260886995,4554803.139002029,2125.8819668380147
3618,70,815054.9702161761,4554822.403359042,818.0251004495161
3619,70,815148.8608005263,4554893.70711343,1160.8992455830187
3620,70,815308.6840416586,4554832.045372679,766.6562598974798
3621,70,815319.7146533363,4554773.720805382,995.6131471317944
3622,70,815272.4550857943,4554720.793266188,434.0710969512632
3623,70,815299.4225839056,4554699.417316293,681.7455567154399
3624,70,800226.5596387646,4520037.663760781,62881.69019016113
3625,70,798322.4324529531,4513511.721821259,53786.99795475452
3626,70,808438.747828979,4513861.179039519,46773.809662401836
3627,70,806844.1985510333,4513972.432973842,51087.03964849543
3628,70,802584.0396193934,4524302.906611723,12827.803737714248
3629,70,803844.8700280456,4523298.328103701,42554.11310083738
3630,70,802347.5126391118,4546221.528446879,44393.15911151046
3631,70,815120.2992214396,4554880.273346362,1546.659744874079
3632,70,815032.1068160401,4554958.900567889,616.7588854945063
3633,70,815080.8470876646,4554954.275280258,326.91355712510426
3634,70,814991.6942330736,4554970.632651082,1547.466841022579
3635,70,814676.3158882138,4554796.259955385,663.3379650624266
3636,70,812348.8926632184,4554014.447152495,213.31196539558596
3637,70,801704.689629027,4549353.256182054,39242.741499474076
3638,70,801805.6233345587,4549383.512852451,25251.668045169266
3639,70,801298.8003562837,4549661.02592193,32545.386251001775
3640,70,804331.1938061639,4547594.690260999,70197.79183283674
3641,70,806348.7817849595,4555593.034347997,44769.71796878001
3642,70,821766.9026420446,4521599.74312576,22518.45792779472
3643,70,812179.4522520559,4512994.5999971535,61189.77775861693
3644,70,828535.3477129904,4527232.60963133,2641.1897654333957
3645,70,808884.7341510858,4523838.785121042,6512.443542301002
3646,70,829139.5556783612,4553799.638925394,14054.012575500208
3647,70,820666.8808485674,4545694.927519678,1646.0926555349945
3648,70,807902.6880528312,4557067.96949485,62335.213380116926
3649,70,800742.1625792859,4521883.366500137,161949.879547352
3650,70,816326.8913855405,4554384.952224881,6769.422652410107
3651,70,799310.3481902101,4543515.280453892,40841.11293104846
3652,70,823394.0136541736,4522310.657613927,30703.135533479064
3653,70,821189.4943800787,4525529.4058417715,10862.877863673246
3654,70,807393.4583322924,4524188.718932635,30282.166187127143
3655,70,779716.7837023645,4476561.7587708365,18918.963630664268
3656,70,802333.9115438067,4502806.291306027,5232.839847626213
3657,70,798462.2787664809,4514604.36769084,25035.007190690194
3658,70,802910.8904278278,4514124.044031441,40237.06148848612
3659,70,806526.2176821335,4517169.305376538,31588.2214600994
3660,70,802637.0996601267,4548770.77494748,41442.908432449636
3661,70,798020.7530637187,4557518.079596573,4366.000065852226
3662,70,800482.2632263236,4555694.550342494,7249.794344975364
3663,70,803026.3531499009,4552395.742344076,26957.12006179176
3664,70,794824.8168161658,4553320.64880742,8270.5673630596
3665,70,792708.9634125752,4554697.120473627,12529.53780573668
3666,70,803606.3849683331,4558583.794034915,9590.63214033019
3667,70,814055.7482045293,4523241.082443761,7667.767195501454
3668,70,813178.424507342,4516997.897900143,10608.153185319401
3669,70,802935.1110218732,4555380.388816226,72866.90788230959
3670,70,801800.8820390753,4550431.301334651,104382.36693265289
3671,70,798475.3915291007,4545320.732249356,65202.48474777257
3672,70,809342.7588609171,4544323.740237316,5333.021474292653
3673,70,822576.7137114676,4553310.139088352,5917.616437571989
3674,70,821783.562794071,4553785.381111575,1022.4674360579841
3675,70,826164.6072642641,4527335.116498128,9293.298915836476
3676,70,800348.3023542772,4546807.986442015,38551.583096249604
3677,70,800775.2149558944,4546996.690291339,19337.538924242217
3678,70,800639.4476411013,4547070.144967757,10379.824853889768
3679,70,795283.0855302024,4555273.926454814,8882.298073374182
3680,70,798449.46467427,4555491.09049287,26324.01078857681
3681,70,804808.4810946985,4553653.4818855105,21557.365827416044
3682,70,831152.7778242006,4550905.169582673,4668.148477808667
3683,70,834901.103005078,4548563.757099677,4870.931694207844
3684,70,824769.0857106667,4553315.51206952,3786.5167243460983
3685,70,803275.3442324405,4522132.89554047,39984.26944317385
3686,70,817403.0582372062,4519409.130000571,10736.784826369563
3687,70,802237.4561632347,4502810.498548147,5547.39245363617
3688,70,776603.096363478,4492183.785307216,8103.444387210363
3689,70,806213.4595584256,4541185.991232871,3061.7188505938584
3690,70,801805.9195283686,4544391.509936704,15254.034334954378
3691,70,801031.0136516643,4548129.035398647,32786.85476274017
3692,70,800199.8402162502,4547902.149250866,11734.537665446269
3693,70,800065.0120149929,4547984.175057863,11421.452680499338
3694,70,800078.8222231938,4548087.076174984,12035.487959201122
3695,70,805523.9548855725,4557752.68922838,19658.639379442942
3696,70,804554.663305882,4509773.5826329,60052.142910003015
3697,70,822500.6489608071,4552806.486243081,9534.820498624196
3698,70,824121.2828883826,4551950.865957417,2279.6990842107994
3699,70,832444.1062768776,4551508.435690647,9028.3931974352
3700,70,836234.5634992934,4549972.432143626,4044.3177076739676
3701,70,832082.07719492,4553147.989529071,24408.92092106558
3702,70,833103.3224288924,4552901.89231051,15618.587276420774
3703,70,820507.9896847545,4546276.895202508,2026.1630135084781
3704,70,800256.5932020036,4548102.817004073,17114.751780284507
3705,70,800685.0349470254,4548209.4397599595,12308.420096759124
3706,70,800240.4075188932,4547283.11817645,41000.81005585436
3707,70,799634.9701393966,4546922.345410988,7127.327019162611
3708,70,794740.8070860844,4514464.752417971,2091.0449539605597
3709,70,795208.3538437281,4514206.297417166,2435.0854552109704
3710,70,794954.0052969308,4513932.732088553,2674.197596924215
3711,70,778852.0159728292,4526829.54093343,11164.230808554865
3712,70,772374.0095838631,4526416.921807221,13301.357011856968
3713,70,756144.3160204162,4490995.425951168,10805.445732201644
3714,70,790970.6090158833,4485771.926033179,28211.15931038636
3715,70,793948.5605068092,4481424.492229087,22240.312340174853
3716,70,801091.154734592,4478732.8672579825,46174.864915381106
3717,70,799260.683391515,4467405.221860889,50454.946500628736
3718,70,800318.8855844672,4471765.295811305,22211.52182640439
3719,70,796973.6502404585,4471981.310941126,14018.662270999832
3720,70,776502.156561733,4545424.63986609,21022.530837357812
3721,70,786384.7023304466,4552784.475522877,46506.5512785322
3722,70,780419.9881352121,4552696.18262778,24620.537773455144
3723,70,782147.3050604508,4509075.121711559,47412.21242641958
3724,70,772387.8005187045,4477653.29756604,15468.901509400901
3725,70,764679.7513078726,4474721.967502598,12673.790241244225
3726,70,769390.1321450716,4471709.620755599,37670.72684940493
3727,70,791535.5533247894,4519222.133761332,48242.94714777173
3728,70,802019.7820666814,4473006.922793669,25873.153277650985
3729,70,776389.2228835563,4550509.568023791,17547.818332620813
3730,80,784355.9108866787,4513188.54471562,9132.455323090766
3731,80,783926.7004364321,4515258.601779943,15478.504808517726
3732,80,811938.9839625487,4555822.630222813,8265.945077954022
3733,80,799231.1705865627,4559710.983169807,27386.585008931557
3734,80,779527.1981585259,4490866.61151778,5934.66278275086
3735,80,779389.0836717733,4489856.72291854,3922.989163658602
3736,80,779742.3128222704,4488562.817079548,5282.971453224049
3737,80,779102.7940311321,4492679.595806814,7103.447527739947
3738,80,778946.0077952191,4492809.289322361,6109.086400510951
3739,80,809104.654455798,4556119.230223014,27863.403282942236
3740,80,775598.9377925114,4527382.266902643,36445.88600637733
3741,80,781283.468396683,4527249.489708933,31229.1808518882
3742,80,781382.0494006788,4528216.828674834,32137.20896790552
3743,80,780801.2785721272,4527853.633238243,17713.777588940025
3744,80,781192.8259172946,4527660.952721748,25143.495697451457
3745,80,787856.5563276431,4534395.5887376005,30274.96143371501
3746,80,808522.8988542602,4557973.286345392,18925.522653952787
3747,80,806379.7900938393,4558424.899680578,39936.81366876294
3748,80,783626.6904447296,4511581.057695707,7774.707875426238
3749,80,783498.4741457107,4511125.763695258,19287.052614017986
3750,80,809853.1574114076,4557533.688714038,21002.025567267367
3751,80,810394.6709355445,4557340.082265458,19626.339201585022
3752,80,812600.6029888357,4556388.645573664,11494.838204224496
3753,80,814195.5474963024,4555539.094348159,19238.58943566187
3754,80,813558.3623196309,4555450.011300722,15417.420076147639
3755,80,817303.1994107587,4523993.202807122,2616.6210737806105
3756,80,814947.7759660629,4523374.724795623,3071.66840976016
3757,80,814525.0368083982,4521823.590925946,4347.462440491228
3758,80,779859.4309847893,4528000.090621314,11626.15364375571
3759,80,782040.84987909,4529127.84131368,22869.90389985742
3760,80,787124.7975485127,4517015.292210344,4711.662735942381
3761,80,786924.3131343754,4521573.26239064,4720.346028439046
3762,80,787102.7621799572,4519185.9705162225,37686.76198850747
3763,80,785651.7079954167,4520666.196846282,22856.185344563193
3764,80,785752.330483139,4520286.67004791,19599.934609474607
3765,80,785127.1211545182,4520752.485664933,12717.879634951776
3766,80,783246.9245481278,4520818.626203593,9014.412195449404
3767,80,788538.7846646361,4516405.723554083,12246.510268081056
3768,80,789107.5701673551,4517336.724755332,4360.035653042344
3769,80,787252.5300643726,4515757.257760148,8629.00516846243
3770,80,786582.0199607946,4516726.583232551,9807.989560503771
3771,80,783006.4708488483,4512699.424058198,12458.964332107733
3772,80,784133.7573456173,4510894.841104076,17877.34459901466
3773,80,786673.3264312736,4515517.302869549,5472.4870758495435
3774,80,821693.2689503388,4554255.300645466,4148.7897453997275
3775,80,824159.3693209592,4554314.705885529,9046.211455738774
3776,80,784678.3337247224,4516197.227613597,11522.750613665348
3777,80,784146.0817034496,4517099.847887106,7988.047261841444
3778,80,783567.7990479135,4516396.718031465,12309.634380664736
3779,80,783275.684514145,4517854.339262601,15768.609609505973
3780,80,783246.7515063869,4519509.557431725,25081.77737250453
3781,80,777594.9188181756,4528014.983982159,9727.40141734865
3782,80,777407.782165495,4528601.785069359,14026.48743750352
3783,80,788511.8375857216,4520044.556320502,8388.48367062922
3784,80,787366.387735606,4516473.378383733,4128.323940134633
3785,80,787629.5941479714,4516301.995429281,6323.166135327334
3786,80,787166.0671381004,4518705.794608688,25511.762008474863
3787,80,783647.6358581996,4512198.275093594,10983.901823756063
3788,80,786827.1343204983,4514130.337425437,8345.943439983865
3789,80,787537.6267889614,4517658.2034725845,18917.161193270014
3790,80,787878.9981960857,4518601.928063196,14894.408401290362
3791,80,783600.3459980222,4522382.09514913,16458.028457340944
3792,80,783713.1626068191,4520061.627093684,15522.53045948521
3793,80,788775.0729568652,4518712.633772884,5365.62751852804
3794,80,789292.5305570939,4519341.4112733025,9837.220503893177
3795,80,788800.9207797901,4519557.244847677,10052.751197664391
3796,80,786511.8167025944,4521630.198669052,9764.319227562073
3797,80,788198.5654869647,4520666.081891289,4083.6742288847795
3798,80,789289.0408348048,4521780.746586289,7789.865600183861
3799,80,815526.6578063732,4522153.368842775,5351.297204872601
3800,80,815822.8592899854,4523653.1401091805,2622.4337507054174
3801,80,814906.4544285592,4521741.606837746,9349.412593642079
3802,80,784629.6245519099,4519260.000352291,35711.39538161815
3803,80,784693.8892062482,4519681.48684388,4216.304483904866
3804,80,784962.7092986557,4519447.677482886,4577.569814858526
3805,80,785454.2689267488,4518911.360400971,8227.962375177214
3806,80,787863.4292271454,4519365.908287248,6150.319751417068
3807,80,783138.9376857555,4521457.552530486,28543.965329383238
3808,80,782791.8754030508,4522527.565206683,11892.1792596061
3809,80,778912.5534612312,4528181.079439958,9300.651116554844
3810,80,783753.8422122926,4520866.280265513,4896.848492944295
3811,80,784091.1493583123,4521103.216110605,11551.712079157965
3812,80,786453.1140632757,4521049.304982056,10025.245807402054
3813,80,786311.601076882,4520271.309380828,6580.510294671584
3814,80,787393.5761350518,4519938.530202348,10310.906334761694
3815,80,786643.0545023858,4516027.866701182,5990.909796368023
3816,80,787230.8227392957,4517353.49522019,11441.217216274385
3817,80,787799.5288924706,4519675.443680597,14955.868195412544
3818,80,786111.243045004,4515676.590847685,20285.887989851515
3819,80,785067.3501558133,4515843.5744507,27530.11857877828
3820,80,783239.0177228122,4520614.094284006,21512.63481217518
3821,80,783537.8419390352,4521207.00122283,9870.939625603536
3822,80,783121.9041427592,4521992.8609665455,8657.773425037047
3823,80,785934.4124692429,4520062.955370877,9396.152396248566
3824,80,783313.0963295174,4518646.752869733,9883.257386377125
3825,80,784229.6694797515,4519309.22510309,14276.384751966689
3826,80,783311.1444483559,4518978.157809863,22817.90902298438
3827,80,785249.5285671314,4516309.308715673,37116.94793235149
3828,80,788754.2790240247,4516886.589342266,7857.867461984404
3829,80,788608.1421615443,4518855.859596119,20972.3234264414
3830,80,788391.2358870977,4518096.225975361,9825.821945913267
3831,80,787727.2739069457,4517394.641937116,14262.983931346764
3832,80,782915.1016162941,4514879.540442246,8305.273355904143
3833,80,783092.5800851443,4517205.340044399,11617.261685779802
3834,80,775544.3786854612,4509152.985514316,8690.666480535585
3835,80,775356.7642328092,4508101.070258902,16507.37464578982
3836,80,777747.1411136395,4509599.824732949,24283.054074844702
3837,80,777922.4082184923,4509391.08599421,12267.102632205813
3838,80,774419.3259934507,4509161.186635494,24665.672298994847
3839,80,788799.0283994805,4520441.246637303,6147.623132756178
3840,80,788852.2310119423,4519289.215569842,12569.616625718205
3841,80,783996.9073997252,4521941.095368924,21333.098459756635
3842,80,786601.7541832587,4519481.027736515,49038.705759961726
3843,80,786567.3769324308,4521359.236051122,37858.6717592002
3844,80,787045.5847079675,4520800.918481566,19536.115275413653
3845,80,786382.5810668283,4520635.001771357,9222.688685939624
3846,80,786898.38573652,4516001.32586075,4224.978078464768
3847,80,787452.2001574809,4522625.473752665,7627.495668410448
3848,80,787007.0934864583,4522997.275790239,6029.063252482685
3849,80,786694.6123735112,4520720.216657239,4975.281582537268
3850,80,777319.3868726998,4528365.724056164,7741.4725128357895
3851,80,776403.3321095961,4528520.152123167,8376.450680351629
3852,80,778467.8845406015,4528171.722527194,14218.172830201096
3853,80,778799.016777974,4528299.170847133,7854.668684866415
3854,80,779197.4899861934,4528100.486615372,7201.662061502298
3855,80,784312.9509689127,4520943.709444003,15557.495459472104
3856,80,783843.4254242331,4520448.479398636,10294.09646024108
3857,80,783839.2897837643,4518676.469317985,15547.277834593984
3858,80,783967.6080235116,4519206.7088325005,22800.78831071242
3859,80,782884.6176693621,4515220.166651341,29765.951054380537
3860,80,784142.5856355106,4512834.1754720975,8063.985390771219
3861,80,782766.2932294178,4519217.191673753,10770.404384226818
3862,80,782614.785924466,4519114.967056433,6101.07218325539
3863,80,782784.2250421944,4519368.912711754,7046.706047426837
3864,80,782974.4314773679,4519126.683452771,14879.111799447768
3865,80,783466.4031693735,4519512.760804957,11113.229838292005
3866,80,814017.0572538348,4555670.25608419,16872.696737120554
3867,80,826033.0191341436,4554230.064845845,7411.204625539081
3868,80,822635.4451435654,4554115.125915397,3930.36347242393
3869,80,793861.2410919,4538690.188995675,3938.409445937059
3870,80,793431.7589550684,4537940.266178858,3604.608388988049
3871,80,774326.7897197985,4509379.717889857,10362.110469957159
3872,80,774968.5892057072,4509769.526251885,7313.901599948481
3873,80,788528.6375910224,4519332.184535052,7526.256010171417
3874,80,788385.2170881465,4519595.733510944,10456.805217952846
3875,80,787003.5929297658,4520463.690247234,16292.403354814302
3876,80,787789.0584749236,4521101.300848482,8024.843160485089
3877,80,789029.5139120248,4521464.217523142,35858.1676366575
3878,80,789142.0519776319,4520811.358294356,4618.231327763033
3879,80,813775.2044723086,4555599.787419195,12362.652082980578
3880,80,786029.6104545627,4516220.880557965,35649.701261106515
3881,80,786887.1957490743,4515558.598852562,7639.097085750197
3882,80,778083.792306535,4547784.306808046,4051.446694688242
3883,80,777438.1419607254,4548297.41573828,4685.34907663792
3884,80,777367.1518143717,4547725.041671069,6431.7307995947685
3885,80,778134.4797559887,4547480.097786856,6139.514757040233
3886,80,777799.4183659683,4548100.796040039,4359.742525165208
3887,80,778912.6049555676,4527856.768958976,24622.528965109435
3888,80,779509.1083036767,4528742.283809873,7323.641104576469
3889,80,785388.671924301,4520482.607663972,27726.538439539618
3890,80,817719.4004140515,4524243.144328681,8610.46758540872
3891,80,814996.9308765713,4521682.992961867,4398.371939765951
3892,80,783517.7194865874,4515092.922541625,22090.38348308575
3893,80,783046.3869054163,4514901.90992673,8280.838258662556
3894,80,783212.9728071697,4514679.987945429,5255.418387494976
3895,80,781938.1481735383,4528429.7651514495,8479.410896084122
3896,80,775349.354620139,4509279.674066454,39306.25318187722
3897,80,775270.1207238926,4508679.297508098,8370.751154415222
3898,80,778045.0139133909,4509481.265743308,7502.594334414546
3899,80,775889.6146855026,4509593.711374047,11031.42111966754
3900,80,776348.6619117334,4509344.030190344,4748.534362669396
3901,80,823574.572149732,4551065.195407327,5519.808590087382
3902,80,823601.1809641641,4551840.92012705,8120.2134049465085
3903,80,793840.9452657036,4537993.911276445,6788.52148549709
3904,80,793992.615557221,4539189.419393643,6966.762480896874
3905,80,775110.2645118682,4509928.421694197,5109.834558632664
3906,80,775980.8287778609,4509359.200323913,12974.324900416073
3907,80,777197.9761606568,4509026.45807632,7745.982513137587
3908,80,813093.8756156813,4555817.326472699,18207.297892145114
3909,80,813391.1475563813,4555695.700398781,22077.938355849066
3910,80,813476.1227153266,4555927.550381352,26422.090765569497
3911,80,823946.6782304114,4554330.529487546,2302.9824690909672
3912,80,776094.2289438425,4527917.312833075,48817.170473380305
3913,80,776999.3681036048,4528345.803651613,23034.401709470098
3914,80,779547.7363355143,4488672.592438411,3169.9705086457093
3915,80,779590.6971042777,4489044.412257093,3034.494498705347
3916,80,778990.7684930419,4490730.3257621685,10284.60578590544
3917,80,769437.133498953,4508692.812158886,11224.713080839672
3918,80,769129.7907758765,4508144.244267413,10005.144205854449
3919,80,793529.8418019351,4538195.910910212,3702.735190162192
3920,80,793616.439002091,4537809.131903969,7941.161672529352
3921,80,779790.0379055182,4528592.527666938,20915.856656268254
3922,80,780355.3349341705,4528765.248501671,9395.14092772002
3923,80,781889.8740281739,4527941.315293151,16377.208035338786
3924,80,782324.6854399726,4528084.353416862,9130.65602079144
3925,80,779066.3955515974,4527759.896114288,7750.683623221083
3926,80,780343.2028451664,4529276.514652025,4887.506715425843
3927,80,777937.7431751328,4547987.106559314,5353.127673488966
3928,80,808902.1220187357,4557497.296095872,27169.986769548363
3929,80,811892.2260752652,4556503.125387934,6103.563275927194
3930,80,779483.9660746017,4490695.595773746,9342.237737390346
3931,80,779569.9495685627,4491193.19534693,5847.131137686099
3932,80,780821.7300340931,4490983.996044069,2773.516582816166
3933,80,780834.4254408143,4491584.443080796,7269.711604748678
3934,80,778262.7901840187,4488153.102866879,4615.815804980449
3935,80,823786.9279713694,4551779.499768898,5658.888452436433
3936,80,822507.644801297,4554468.958883763,2037.5701019815453
3937,80,794375.3718130644,4539547.030574674,8574.636609239265
3938,80,789394.2382306525,4554922.672981485,1682.371282849235
3939,80,808509.4601519606,4557556.265466868,14443.081108633274
3940,80,810159.1888300033,4555810.92734082,14940.868601159016
3941,80,822662.1970227304,4554431.737103451,10839.823590253642
3942,80,823505.7632877565,4554201.216132932,9782.949472868706
3943,80,824396.5201936641,4554153.278147859,4618.115345819575
3944,80,825119.4010872727,4554115.927537007,2052.1857958852825
3945,80,828452.5159957003,4554062.627602274,2911.445084485926
3946,80,762455.1482059606,4482892.625650847,1514.818878339336
3947,80,758261.4712790579,4482686.047478456,1238.2079427286885
3948,80,758882.6782986507,4482299.265303983,2524.5689318913983
3949,80,763832.172106026,4484245.139214849,7460.372081388017
3950,80,763961.7617130951,4484242.090507422,2778.288471771468
3951,80,770806.4632206927,4509779.492377052,5500.1943522549245
3952,80,771202.9140646165,4508981.161606782,12243.892043263215
3953,80,793168.9491357246,4538002.089496622,6436.320603644574
3954,80,793993.7123592416,4538566.223721187,4267.97291209816
3955,80,794073.2004330216,4539512.351873313,13704.785276202289
3956,80,794727.2291034103,4539577.856145865,6372.339113367154
3957,80,777311.1141195759,4548107.827034744,4915.207445005417
3958,80,777760.1229079368,4547813.025545994,10184.214460601039
3959,80,775858.7392150285,4509780.919367343,7797.039054524977
3960,80,775729.8087662717,4509501.526627613,4531.945347362499
3961,80,777743.5819643445,4509947.523659765,8801.809131367425
3962,80,786410.2438952468,4517028.4299163055,11083.88478660675
3963,80,805986.6707036995,4508580.906541023,5841.796996033637
3964,80,806086.3612093028,4510306.243138522,8039.330678419312
3965,80,806499.3455708942,4509821.34310437,10503.948216982342
3966,80,805922.2710483589,4509818.014529566,23658.35245729534
3967,80,778213.9828553473,4488383.845997245,10315.151770987584
3968,80,778343.671013128,4488720.633614095,11202.379983974924
3969,80,822328.0122924731,4554113.007863887,3788.0887469700147
3970,80,823212.976944526,4554060.221644876,5088.681818518619
3971,80,823937.3276639686,4554162.969227922,2377.2853372606037
3972,80,822367.8671493127,4554439.189982752,6831.162315035234
3973,80,823149.3723802785,4554359.9218775965,2398.7819841351375
3974,80,823741.7777912725,4554350.93374897,11043.897577341944
3975,80,779468.4382778597,4488804.785467627,3698.6089990097894
3976,80,778511.9716938487,4488734.771147832,10517.741312981645
3977,80,779000.0884584537,4488638.130964438,13945.939561490784
3978,80,787534.8457669778,4515803.577957567,17364.46489816846
3979,80,787808.6123273554,4516303.555769483,4597.3617343475535
3980,80,788150.0994684859,4519230.180225028,25647.210360535944
3981,80,787572.2794394622,4519057.70725052,16158.66092398658
3982,80,786757.5610760166,4518898.574767946,27813.709510945795
3983,80,763562.227419659,4484473.569980288,936.6009940671249
3984,80,763506.7954858984,4484221.580221583,2141.8542093699175
3985,80,769752.7854370554,4507597.194811938,17677.475530578577
3986,80,770232.3242388194,4507928.865741603,10107.681473644489
3987,80,771756.4530710366,4510227.1255764095,12196.25064001231
3988,80,772101.2632587688,4509986.283804288,4168.867088031936
3989,80,772828.0315298823,4510426.282380279,6278.026078488218
3990,80,774539.8477916782,4509082.245895246,6900.937408191817
3991,80,779159.1236832986,4490355.428925681,9242.869427478803
3992,80,779110.2994364838,4491154.652243328,6585.465980484347
3993,80,779120.8681503037,4490632.165366187,2948.1297899950046
3994,80,783096.6832324162,4519687.570126397,27499.172557467988
3995,80,783825.9178531134,4521473.316540924,14388.551014750294
3996,80,784657.743992995,4520406.404879341,11099.345670187264
3997,80,785057.670442617,4519237.358137854,39479.8487362143
3998,80,785065.0586887731,4517596.920249462,53934.810777549676
3999,80,810752.035356065,4555937.965254248,13328.103639771341
4000,80,810628.888521066,4555971.1207109885,9479.279523111929
4001,80,778549.7522214303,4489117.844556083,16639.377656501398
4002,80,778799.2310268711,4489768.628805925,6035.630484282827
4003,80,779194.7443982986,4488510.6528161075,8908.221147584522
4004,80,779341.8978462889,4488720.3216420645,10663.558586865693
4005,80,778740.6875985789,4489289.936825223,12121.31517165792
4006,80,779179.0081612059,4488912.107722394,6571.366020696281
4007,80,762471.0514495816,4482712.766759295,1313.9287028971153
4008,80,762424.0754310179,4482522.053241858,1039.2094255868665
4009,80,762637.2333969601,4482718.738297191,1324.0033901221004
4010,80,769086.1091204906,4488965.147145384,9089.328778195793
4011,80,768479.2720026695,4489123.45821055,6852.959388383711
4012,80,768418.7081442748,4488776.939481215,13885.403228487588
4013,80,767749.491098286,4488799.32110943,4495.734195353517
4014,80,768773.2791120523,4489512.339187655,9843.796173861898
4015,80,786075.2901803209,4518418.4435736,15270.441077563395
4016,80,786464.6212192775,4518298.899745626,16300.107173219092
4017,80,779405.81794222,4488970.779320282,9280.171933607166
4018,80,779075.3973500438,4488731.608928249,8300.959657620353
4019,80,778772.4931860286,4488814.906501741,6422.308155855921
4020,80,778618.2204827934,4489826.729261494,6536.0961074662655
4021,80,778996.8956913167,4489796.379745553,14602.023719620704
4022,80,779513.7062846968,4488541.3341901265,6473.662096794075
4023,80,788228.8855199978,4518087.415107875,10362.635467641017
4024,80,788149.1778530151,4518284.462475991,8942.50497168307
4025,80,786957.9299556225,4517896.300459939,39768.67468977041
4026,80,814597.1707003312,4522058.92277488,8016.028263014545
4027,80,815123.3120966183,4522927.135878043,5173.690383025749
4028,80,815507.6787071348,4523621.630913501,3582.538676542699
4029,80,767735.2589327617,4489119.601208628,17505.2092438265
4030,80,768993.6131672612,4489375.704350435,7871.950801420195
4031,80,784905.8080408758,4518106.117322759,14880.263615205204
4032,80,784825.4263748758,4516633.143089268,84254.60541924281
4033,80,810156.5357846885,4557115.837873291,13406.66078342059
4034,80,810432.1170255401,4556978.383955614,11159.944787346865
4035,80,809385.1400417826,4557544.502812675,17105.42920039301
4036,80,809225.2968998153,4557577.874343874,7043.648789313609
4037,80,811099.1529905831,4556970.475157153,17481.379489474726
4038,80,810441.691438774,4556626.697338069,17006.83889843071
4039,80,786138.1657944442,4520307.953842997,15536.183257297405
4040,80,786855.6792882236,4521877.4953344,13645.067922172027
4041,80,786792.3421016523,4522582.312424715,17062.304865630857
4042,80,816315.3717952529,4522903.928341879,6815.136162450043
4043,80,815656.8415190594,4523318.804603172,15948.490182768108
4044,80,814478.1690584694,4517993.038752031,13158.505705319129
4045,80,812701.2746919906,4521515.427130206,41928.19204188124
4046,80,816218.2280315084,4523488.523925838,11172.966274740542
4047,80,768064.1403521799,4488942.5301510105,5157.643005504972
4048,80,783012.5299656824,4509873.903319822,9103.127901327667
4049,80,785861.6682075771,4517497.920215281,11003.86369140039
4050,80,786621.1682340348,4517305.846574885,15067.237525605566
4051,80,786507.6527424221,4516279.830884644,19494.343410414927
4052,80,787984.1540751631,4516975.344912099,13006.19648489561
4053,80,788031.2052818598,4517455.271950835,17127.73595158775
4054,80,787852.710485916,4518246.784790917,39369.34118596492
4055,80,783012.5600381793,4517711.425473174,12361.81381922711
4056,80,783483.5594104129,4518609.070326084,9561.785984958791
4057,80,783287.0850968944,4518088.978264341,10829.82467661076
4058,80,805971.9159223741,4510646.754114393,7180.324202125643
4059,80,805274.3389072826,4510763.12948008,8432.905123471119
4060,80,806411.599060776,4508750.812278709,16358.57430244887
4061,80,815550.4908086262,4522883.992781652,34067.218835305815
4062,80,817021.152340013,4523091.599548243,20308.68188870678
4063,80,768576.5333465133,4489671.060056048,3676.9401176071306
4064,80,768644.0321127108,4489313.2071073055,13949.721710171267
4065,80,787543.1760264278,4518081.047463937,19397.085326317134
4066,80,788052.1633889647,4518931.795203099,15212.613699851507
4067,80,787504.757314707,4519783.637239278,32795.425100898356
4068,80,786908.0860809063,4521155.346437719,42443.68253339775
4069,80,789121.9544969905,4520439.043126311,5848.3903678007755
4070,80,787512.7891143226,4520213.221469949,21976.107894455516
4071,80,767893.1731098733,4488716.256636247,9804.874370121808
4072,80,768199.5888580235,4489039.208287579,12096.74110847357
4073,80,768654.2153014861,4488856.578340419,21029.021269799552
4074,80,816061.4530131882,4522396.010693086,4058.487154542466
4075,80,816372.2312418837,4523371.341500492,3545.310944894396
4076,80,816616.1881194365,4522688.577460439,1900.0785544959685
4077,80,806126.1509624906,4510963.402495573,17246.647114179086
4078,80,806499.0447077876,4510601.463218259,2772.0111588692785
4079,80,816103.6415594687,4523134.902276281,16919.56712331281
4080,80,816667.1750683485,4522509.640249338,17378.017988343923
4081,80,783146.9006176984,4510122.985008305,7879.851792067679
4082,80,783378.1270603762,4512814.997040487,21347.652281700637
4083,80,784156.8191580203,4513104.025770262,18931.539454458398
4084,80,784914.7799124664,4513688.244850598,13793.03070539752
4085,80,784448.8023910262,4512993.30055159,14158.563614305433
4086,80,785412.5887182768,4515940.7466007145,26209.75010785258
4087,80,816940.4942403369,4523386.049300244,3795.007246445353
4088,80,816551.0409717483,4523735.168891799,4229.414600009321
4089,80,814317.6020809801,4521932.906039387,4818.047521212533
4090,80,788515.7640012243,4518349.838790694,21866.444307639405
4091,80,787291.5299920723,4516614.144514471,14307.923246437611
4092,80,788075.8705829278,4517663.34993624,10535.923761243963
4093,80,783551.5182601591,4517789.292700247,3142.5681988891133
4094,80,787450.719890044,4520503.05920033,6881.856079489398
4095,80,816250.7431549373,4523657.083612197,3112.766278359693
4096,80,816810.228958446,4523790.721308639,5685.995243149734
4097,80,768952.0820705655,4489158.773813405,8499.485106029977
4098,80,769347.8165385517,4489059.299692779,6478.062461797678
4099,80,768311.6803450866,4489578.509036626,5323.856776123136
4100,80,768853.2304149144,4488628.3706007935,7138.847344684133
4101,80,768637.3083504171,4488535.530087293,13466.97459160111
4102,80,768366.1705343286,4488471.765030174,11394.366073175825
4103,80,814781.0493267914,4522364.536755828,8086.510164205452
4104,80,816045.9393521162,4522700.270217819,15319.249726656166
4105,80,817067.6258664032,4522893.652336301,3583.578449907944
4106,80,783685.3487963452,4519748.355937084,3482.7164010688466
4107,80,785733.1696903682,4519061.977096392,6757.857499039453
4108,80,784211.0040485841,4519885.333238268,8731.558691152464
4109,80,783698.3645545479,4519599.536343817,10913.831801407747
4110,80,786987.1121374053,4519903.351554596,6525.9480026622
4111,80,806488.4193138176,4510168.528389861,10301.442967832381
4112,80,806563.8333834221,4509129.68439722,4498.003138845643
4113,80,815680.8323716485,4522303.185740458,3753.8069188590525
4114,80,815140.245844955,4522337.150791942,13723.139733067757
4115,80,815313.1796215951,4523154.767504958,5581.296896698357
4116,80,814781.6638341951,4521956.283556435,35832.88519616834
4117,80,815098.0215884933,4523437.22796278,6062.3879210049145
4118,80,816562.6423170457,4523312.097081353,7120.857250153941
4119,80,805461.7096931012,4511509.295213794,40751.96324281491
4120,80,806654.6310375516,4509987.276644624,3637.3014786707745
4121,80,806534.4478812633,4510371.52678581,4238.3805898905475
4122,80,789240.0930352401,4520597.525581171,6807.764180311419
4123,80,787307.4759863185,4518960.268210119,18425.408072042268
4124,80,787885.8250189195,4517770.098195572,4874.513223028737
4125,80,786952.498338527,4516719.896953962,13016.286768506056
4126,80,788449.6470410438,4519140.349307433,9336.070311418527
4127,80,787599.4847898831,4519364.029475762,17315.538667860375
4128,80,815537.6139819489,4522342.122175411,8539.407239590873
4129,80,816666.170297631,4523008.984580699,2816.5795810962227
4130,80,815268.7918737924,4522459.8832812905,20504.434314145074
4131,80,815304.9429444898,4522129.975393231,21024.074437774703
4132,80,815174.9259258742,4521867.294797121,12304.060116692901
4133,80,815263.1819763801,4521611.901000893,10604.168753592838
4134,80,814962.5287835612,4521506.17574035,13214.198047147363
4135,80,816272.2432029677,4523073.403440477,4452.3010811152735
4136,80,816255.0394509012,4522589.448944701,7046.209111017473
4137,80,815787.2978545468,4522092.298397561,8514.317583034246
4138,80,788264.9736148434,4518561.631898227,11298.48027117945
4139,80,807036.4581724005,4509182.636070604,7334.943654297555
4140,80,806993.2828394935,4510534.05184667,4953.4378786255265
4141,80,806397.2829167629,4510643.972764601,1895.5684773912944
4142,80,822123.2226681239,4554259.179263164,2010.624271272245
4143,80,786749.5778165706,4520421.685270599,6537.467026864091
4144,80,788901.9221681015,4520297.1667395765,6355.644334451002
4145,80,806228.6926481826,4508979.212089456,5561.200438775436
4146,80,806300.9214945419,4510304.683972977,7201.585383316177
4147,80,806165.4281940982,4510077.156298475,3681.55836561551
4148,80,806761.2019541612,4509679.374165478,7648.529650581237
4149,80,806254.6788306324,4510585.38473661,8877.482937820405
4150,80,805816.5922664119,4508791.246459616,1607.6194791071134
4151,80,785952.0695553522,4520636.996753509,15141.59893740086
4152,80,787641.8222895336,4517132.890684992,7330.070233589022
4153,80,787528.8564362873,4518516.946434841,5211.609078073335
4154,80,787329.572161985,4519272.31821277,7255.963815700785
4155,80,783123.4280098131,4519369.913661333,3221.8429279563316
4156,80,783457.4298029569,4519222.943761892,5658.791785174902
4157,80,784090.7645279799,4518807.538943446,6795.002253467787
4158,80,784543.1025125101,4517884.663144322,3151.157931700482
4159,80,788096.567060879,4520865.979202086,2611.870679273764
4160,80,789492.7248404305,4520663.171809203,4789.9766217372735
4161,80,809506.5855203496,4557453.252711095,6249.376286403387
4162,80,810890.4110978821,4556810.590266785,9234.415750216993
4163,80,811743.3814281593,4556759.742315838,8843.726158955722
4164,80,811897.8497963772,4556705.217316234,7189.97004563638
4165,80,811811.4473417449,4556355.537522824,6009.781493014782
4166,80,815132.2534016815,4522581.281804768,5608.4494811150325
4167,80,783770.8061669265,4518450.492048163,6721.602977231139
4168,80,783855.9938795515,4518032.597773471,4982.796946610924
4169,80,783560.8003776617,4519761.6124633495,4684.3435981103485
4170,80,784871.1396907805,4520664.998685322,4500.5847751494675
4171,80,784520.5100979306,4520793.871092037,4598.986210573549
4172,80,788149.2901547223,4519928.872497049,10487.05355153045
4173,80,787983.8677973563,4520083.629479236,3335.494084600864
4174,80,787169.4496844206,4521015.716611174,7034.392058485882
4175,80,811338.6009469605,4556563.305920509,10972.252238061612
4176,80,783316.4140384342,4522056.105166366,2892.9776509760886
4177,80,788405.0741823488,4517875.907970532,12036.552240410645
4178,80,786408.7639806465,4518908.039251356,11180.988847781802
4179,80,783752.3085519422,4521016.95251134,7177.535181837813
4180,80,783554.0889882892,4520251.0799039155,5276.822856795577
4181,80,786112.937415291,4519669.15032053,12542.621604195589
4182,80,786461.0396209294,4520099.166563328,32693.665312789766
4183,80,783718.863336072,4515365.172672805,3987.636253583772
4184,80,782339.7271106597,4515067.191321248,2400.1587407485254
4185,80,786837.4585764541,4517388.237649362,5318.595168295146
4186,80,793219.4440362528,4537849.670975406,3416.8192796806993
4187,80,794122.0870965675,4539024.51711875,2628.920913369616
4188,80,793858.4960071531,4537886.801332896,854.7813415091223
4189,80,793255.6432225875,4538341.831115391,2081.525606718789
4190,80,785953.5655301121,4520862.761408341,3410.397429675527
4191,80,787909.0906271226,4517935.407679743,10352.120339304405
4192,80,787868.9532639821,4517237.364838124,6121.568061559832
4193,80,789260.8476278001,4521279.778477122,7340.523494021137
4194,80,788763.0206737039,4520015.483429334,20350.436430239555
4195,80,786852.7375107838,4517038.0156135075,4515.21620174362
4196,80,785448.1804771066,4515189.659593058,15698.843443401041
4197,80,785205.605622475,4516682.293740029,7169.605751654181
4198,80,785680.3963208507,4516417.093788308,8968.686431602662
4199,80,805893.7396060545,4508995.215872336,2329.11471221054
4200,80,786794.0599634284,4518136.155858903,10886.332849071594
4201,80,787040.2692119522,4517657.773877176,6738.153280016255
4202,80,785467.5355266065,4516320.95607814,8723.067466796228
4203,80,785169.9519992258,4515300.243396867,10067.179870614844
4204,80,788828.9651338028,4520678.611937313,8799.66278384779
4205,80,779844.012931429,4488707.893991495,14725.889796663858
4206,80,778137.4866311322,4489366.0031879945,4846.132590274695
4207,80,786730.3150966516,4522101.841231593,6952.522523493751
4208,80,783624.4997616571,4519917.923999321,3589.432658691208
4209,80,783424.0872954411,4521749.3955885805,4388.186350221359
4210,80,784024.0867509085,4521748.154203646,3262.8414936723525
4211,80,783580.9148279825,4521057.059713672,2788.3089831979473
4212,80,784216.9471461135,4521541.344533031,2703.656500453723
4213,80,784416.1055707477,4520023.378981321,2951.508077049499
4214,80,784478.0508752201,4519678.581610155,2232.2949280303483
4215,80,783421.0754814536,4517585.38261484,6588.35891385696
4216,80,784096.4524133367,4518173.639166865,4048.4409131640314
4217,80,784674.3740258574,4519953.854170375,14213.168022705831
4218,80,815349.9441341477,4554685.318294159,36.009275210894835
4219,80,819116.6216813126,4554802.0408372795,3741.2865231699902
4220,80,819033.1791678587,4554747.575683052,371.44632243467504
4221,80,817903.9689341959,4553431.949833737,263.63566215653384
4222,80,817964.2967358168,4553531.12499412,228.87783051675834
4223,80,810015.2976987807,4557177.518792289,5765.255615350448
4224,80,773318.0726484961,4509916.372500082,4554.652566336742
4225,80,785894.84505225,4516674.511480428,19961.816065642735
4226,80,783093.2468591672,4518468.031891668,11275.793738415572
4227,80,784414.9760414208,4517473.5201923745,18793.67817372253
4228,80,806147.7955285583,4511196.3108752705,2576.707010351626
4229,80,806681.2919132533,4510316.364278447,3228.3754733824267
4230,80,806165.7613555002,4508334.885990706,4556.2312730867425
4231,80,788411.6989756476,4518921.623179316,11685.27338498225
4232,80,788120.9473235135,4519491.408981424,9279.591484672634
4233,80,787796.6963925437,4520508.470028436,4814.475250678846
4234,80,799118.0808907658,4505192.266780476,81.55882085769977
4235,80,798924.875056339,4505192.874154104,106.84738587294298
4236,80,799005.9347222932,4505588.411825142,104.59208698853554
4237,80,799054.588964864,4505580.065637871,315.86791335462345
4238,80,798735.2817589983,4505696.506776828,221.6493419324774
4239,80,774732.721460092,4509145.909721991,4643.301843084033
4240,80,823755.3838633663,4551094.631191785,2806.721770161907
4241,80,784383.7505826537,4519560.632563983,6016.742413039486
4242,80,785352.1502117106,4519639.253203282,4721.99371185812
4243,80,785457.9037177564,4518809.146410103,3559.528121405338
4244,80,783862.0209136315,4519838.048571207,4554.110403698541
4245,80,782502.0587647057,4519295.978128507,4206.491047516521
4246,80,782860.9747961224,4518937.151578855,4211.864928033316
4247,80,783982.6105952737,4512798.891155623,2650.2001267248024
4248,80,775347.9585700493,4508310.937500271,5066.506529524041
4249,80,776160.780816529,4509666.79019318,8762.43046740947
4250,80,802450.340272953,4504187.62468378,63.972053925297445
4251,80,802473.9428360959,4504157.607565399,37.99685428276498
4252,80,802622.9398353361,4504078.785271493,15.084584307001807
4253,80,801655.688178275,4504411.580641637,147.61285324746555
4254,80,800905.1147533986,4504793.756765793,758.4444906839886
4255,80,816789.6010318722,4554964.833427017,1776.997367718483
4256,80,816794.4006667138,4554990.3139631525,612.9713233167524
4257,80,772992.2575835544,4510645.972975733,1980.3783083029439
4258,80,784348.1540158329,4511286.804431399,4402.671639492044
4259,80,785929.5496439453,4517926.572488635,8013.169798349035
4260,80,785690.3622367947,4519626.723847133,14719.821696896905
4261,80,785480.070415535,4520948.859853481,17667.23154925403
4262,80,787180.8436843542,4518280.84321437,19800.090619791237
4263,80,784292.8064484876,4521225.134094341,8415.674041031622
4264,80,786295.716463636,4520971.846640089,15388.926835670873
4265,80,775737.7274689677,4509905.498523992,13956.209916943133
4266,80,806993.40441155,4507489.731920067,75.05568546140725
4267,80,807020.4693735882,4507516.313363113,43.36340234431712
4268,80,807137.7527162613,4507453.684669164,66.43045005164481
4269,80,807170.4193983049,4507412.6403221525,132.38332066883544
4270,80,806798.1683244377,4507064.428373078,140.4262751627861
4271,80,798821.3815016679,4504620.361864297,109.71895369013997
4272,80,798841.5719117837,4505857.460202198,360.33640240793414
4273,80,823778.7537696729,4551917.941097333,5559.325057169216
4274,80,783895.5829303629,4522243.135658072,6399.0599046559355
4275,80,784078.0704305348,4520946.799193539,7480.59100392587
4276,80,785794.7703121202,4520430.9238156695,7476.782797938642
4277,80,786327.2007960328,4518529.343775638,9043.970640779433
4278,80,790169.4133321877,4521341.966764538,9380.46896338369
4279,80,799647.2712182639,4505163.768184077,62.512736413465774
4280,80,799830.1522423873,4505270.008508217,91.89600801727322
4281,80,815125.9582216714,4555221.814793192,57.53222120222203
4282,80,811535.3808794168,4510532.904749976,74.65706050147625
4283,80,811327.9012935023,4510335.224467621,20.96372624713104
4284,80,811296.7605052979,4510301.341521167,260.7607966232632
4285,80,810982.3446334861,4510100.529252862,48.33220290558147
4286,80,810928.0045027788,4510031.06383958,66.13073686502624
4287,80,799249.6979192316,4504916.206834709,200.74181626965793
4288,80,799145.4421407102,4504841.319392769,80.72597758448096
4289,80,816731.7266216087,4554968.453232002,546.9328950013369
4290,80,816658.8119413932,4554978.953047946,602.9436805861144
4291,80,816620.2078027276,4555001.704076309,608.8454694073441
4292,80,816617.9232005051,4555029.87835735,434.9980089859516
4293,80,786315.7867973718,4516754.751476613,55758.92016487614
4294,80,784691.5462414302,4517499.517827395,33197.4861057463
4295,80,799434.463660803,4504870.880882095,75.54888795430256
4296,80,799319.7359769804,4505140.913310635,116.39062004155528
4297,80,799289.3027084649,4505217.065487649,132.81633233392148
4298,80,815611.8462746083,4512593.5284521505,124.83307836488055
4299,80,815827.7851239959,4512646.633527448,283.4236972909285
4300,80,816266.7400762545,4512740.839431474,77.80064732108418
4301,80,817140.1390938293,4513017.562060981,102.87305212202577
4302,80,817307.1922620854,4512934.191228899,79.11748253550448
4303,80,806737.536641327,4507095.63439805,587.0786149707515
4304,80,805939.4708243993,4506726.071705072,143.30953859907893
4305,80,798249.4612485988,4505855.190940235,93.64222992002838
4306,80,798190.0949679362,4505786.486238962,93.84840765696975
4307,80,798235.7104182498,4505660.784516001,80.86533061954742
4308,80,799288.6863654936,4505019.781743797,84.17251130212836
4309,80,799372.7053463281,4505069.6030982565,74.3097325770849
4310,80,799550.4682066538,4505153.133871948,41.07961446532248
4311,80,802658.4828640793,4504161.164935864,37.260477368774076
4312,80,802509.144121465,4503949.809940058,101.99550023301333
4313,80,802224.9030956572,4503890.060170528,32.97530407900452
4314,80,809502.460913292,4508766.843730801,107.23292660574234
4315,80,809717.449975874,4508907.801098607,90.79359682090377
4316,80,809802.5774998622,4509017.476703078,96.77396765102326
4317,80,810050.2735189464,4509462.676733062,62.33680844540835
4318,80,810693.2840254782,4509796.2249444015,55.76009791508589
4319,80,810458.780695506,4509752.811003549,59.67435378860437
4320,80,809689.595931018,4508759.858136317,134.97954620125776
4321,80,798980.9265150387,4504865.648086059,83.37338925068399
4322,80,798944.8018289765,4504854.3511566175,90.23027727141779
4323,80,798947.1538189292,4505009.815395431,43.76748487740966
4324,80,799049.6115629448,4505005.531197896,98.86900926903154
4325,80,799061.5847176621,4504987.200035461,70.44359172206056
4326,80,799150.1399655314,4504949.254056766,47.12096595928977
4327,80,807981.0382422758,4507460.330225094,69.78551159488512
4328,80,807177.7312346208,4507348.313133541,26.72582454224429
4329,80,807113.350230152,4507388.030987255,97.56059139356749
4330,80,805603.7338149948,4506933.6822991,126.79220914941841
4331,80,805694.9597035683,4506965.760902538,118.53089971964916
4332,80,805588.6409792192,4507096.240424245,96.04589425460809
4333,80,805431.8323333018,4506732.3919826485,142.94244187043816
4334,80,805399.5703472414,4506361.993708026,144.20935451207419
4335,80,817372.2791912286,4512863.625820568,100.59296777161613
4336,80,817075.6791809297,4512800.7088691285,63.09463112066586
4337,80,805825.8445343481,4506591.8317344785,94.54506932488665
4338,80,805500.3102595536,4506287.802678177,100.72643601206566
4339,80,805405.0489837286,4506180.629021332,47.58228205958149
4340,80,805303.5057646857,4504911.088453027,26.333854294588058
4341,80,803083.7653870949,4504385.918692407,132.00518502311945
4342,80,803079.0146019751,4504276.4638546575,31.32982788882373
4343,80,814522.0534516239,4511860.915156129,34.70673031225772
4344,80,814264.3429696037,4511811.284501706,96.48574071880496
4345,80,811518.2928138599,4510585.045257522,366.8187101219253
4346,80,764426.784886134,4482665.780510024,17019.45419856393
4347,80,774492.5264337432,4551848.579168746,1271.3813363652753
4348,80,792417.4465414259,4558956.459510709,406.2459019580376
4349,80,802527.2857182326,4558753.043040886,54859.405370424574
4350,80,823504.552400409,4551445.618692051,3922.2499679706166
4351,80,810850.1103153426,4509790.704423519,109.81772005301393
4352,80,811131.744181341,4509863.326147589,90.58646848821965
4353,80,809690.8277757242,4508617.369823946,63.80768908184692
4354,80,809020.278699488,4507930.636647404,104.4537343895271
4355,80,808551.0944692574,4507542.79093554,76.02922932094023
4356,80,808460.0880592975,4507513.123153895,50.255771050168015
4357,80,807829.8081148196,4507260.393947848,118.23617717661041
4358,80,807750.9556653348,4507331.634849005,66.42864902362783
4359,80,813926.6466096042,4511557.402772964,68.64315221859037
4360,80,814181.0862054412,4511775.5141613,120.19469786986777
4361,80,814727.8730394461,4511876.344989414,91.00160704909777
4362,80,829754.5814667116,4548164.547090501,673.3567487122682
4363,80,779293.3111522937,4545262.17557873,820.445717271587
4364,80,779726.0822556679,4545816.287534335,7558.054906810574
4365,80,780630.0964661918,4545979.402695797,2543.1930312334116
4366,80,779515.5486692231,4547812.133051068,923.3144851164818
4367,80,805383.8967056159,4506210.376182782,78.6766050560508
4368,80,805943.7343224769,4505971.414390971,55.08639964573518
4369,80,816848.1889553844,4512826.452090692,129.84556082438115
4370,80,816858.4744905115,4512782.70488018,88.88022023829282
4371,80,816171.2099194541,4512933.840336151,165.48624334540602
4372,80,815419.0281684985,4512576.917099036,88.1062962327278
4373,80,815552.9609381951,4512455.921791626,51.293109382168595
4374,80,815406.5059782785,4512474.206088731,89.680027065885
4375,80,808798.6267498565,4507866.185797936,85.1626939771106
4376,80,808836.252167735,4508066.865626799,102.10047924004964
4377,80,808943.8691693422,4508169.102125001,75.56150111714048
4378,80,803017.4706578387,4507659.350373935,152792.02618827057
4379,80,803522.6721285706,4507537.484137535,43764.942144747285
4380,80,806277.0814732607,4509801.890575333,1937.830152921928
4381,80,806234.4913166822,4509638.567774613,1959.8600612005807
4382,80,806159.6850538177,4509466.1142249275,1382.8847913006393
4383,80,833259.5949406443,4551835.1432661405,711.2472976984138
4384,80,829327.2746043996,4547800.7999760425,547.7881452044759
4385,80,811358.9746274276,4510026.972038491,104.86198687169673
4386,80,811603.6023028069,4510413.572166456,85.94868414247082
4387,80,811738.2158371978,4510498.268743134,83.00574724673429
4388,80,812066.6313501591,4510431.551926098,84.30218452236467
4389,80,812362.0195936525,4510374.606598525,31.17708740075576
4390,80,813588.8979816454,4511243.608261318,112.54586395771565
4391,80,805948.9108468218,4506940.652529592,130.7777431767785
4392,80,805727.248704897,4506867.046386327,227.7783899613336
4393,80,805583.4792565134,4507019.701203004,150.81022095075718
4394,80,776034.0931883488,4509827.410186819,4643.134342021553
4395,80,770674.3383325682,4509963.32625545,9865.346943097431
4396,80,776118.2191924696,4508546.999161712,22423.795212127276
4397,80,779595.0973146625,4528639.508498114,16000.87002995694
4398,80,787139.4105800785,4515903.044443936,2642.265827053711
4399,80,778384.0324520349,4487805.456445309,11902.256197278393
4400,80,778823.0609268309,4490055.213612508,6225.46293677782
4401,80,806344.1742497382,4506957.0261306595,188.5117092969567
4402,80,806625.1156921269,4506994.467134371,124.97231948485472
4403,80,806835.7151384273,4506760.163876163,128.75513100024313
4404,80,806807.4314812359,4506698.90584739,127.7832775791396
4405,80,807404.475885103,4507103.786594017,129.12964455944987
4406,80,807883.1046837455,4507675.067263103,83.19177117790268
4407,80,796164.8917348988,4533518.9167365385,40413.873473843
4408,80,797427.5350023604,4533455.678712221,97680.7769497667
4409,80,787562.6029469293,4541763.625786343,874.6382634958311
4410,80,808303.245397422,4519169.558620227,193034.1737451501
4411,80,808433.5467565671,4517995.943604271,43171.678733541856
4412,80,808021.9903787218,4518249.794601165,42145.00156581315
4413,80,807795.4254066577,4518576.651141478,89641.70429548075
4414,80,812109.5573664823,4517710.599796671,37385.61161846215
4415,80,814325.6436091354,4521223.309466907,27166.360666732933
4416,80,815640.8863589381,4522566.153496194,10648.883266304736
4417,80,826299.2649446881,4547957.297621315,1020.6754894569863
4418,80,799656.7177347479,4543034.029351071,956.1099377983401
4419,80,804815.0478549625,4545457.569909301,825.5519997758684
4420,80,805330.3665076371,4541243.049966057,1566.9956591223452
4421,80,804988.5635387787,4539416.73369033,3070.66052055832
4422,80,807641.1171967279,4536768.996814857,1587.4301130202066
4423,80,801821.8724355426,4548188.640161452,3593.911523856732
4424,80,802632.695042462,4547604.394928716,3734.689791244169
4425,80,829831.308947495,4547928.56039924,2463.1399115644517
4426,80,823030.7999329586,4551187.500802511,7163.389221944704
4427,80,823155.9135899929,4551362.968573919,5501.605489451365
4428,80,823066.0643895522,4554064.558437804,3187.6158626202846
4429,80,823014.2145226498,4554194.210712114,4656.52209428208
4430,80,822183.609405303,4554293.031107161,4070.7271210399103
4431,80,808850.817458096,4557968.325187454,26339.32172082262
4432,80,809066.6480646143,4557792.409761963,23131.964964003455
4433,80,782622.5627988715,4510030.179812302,12260.369686161946
4434,80,755994.3521730342,4491960.577583205,2409.9303137483557
4435,80,757990.4735927597,4492118.83349859,2250.622974262492
4436,80,758115.8731964128,4492023.730271514,1002.5400000282864
4437,80,784023.4317314596,4506651.636601817,84805.61803176856
4438,80,784371.584357314,4519122.425437678,10648.880135329284
4439,80,812170.4692677767,4517977.388252835,40404.71128032596
4440,80,814647.4722332219,4518263.990943699,18352.40641710375
4441,80,814217.6667895989,4518425.998504346,47859.23727735262
4442,80,805453.1026270702,4510223.769187414,3859.7791300464146
4443,80,782352.130957543,4517866.22580363,5226.109247584216
4444,80,784059.4998859967,4517867.955314606,5167.151031818692
4445,80,784480.3939214321,4518746.0794765875,13787.211682919444
4446,80,783177.9916734678,4512484.396724433,8315.679728045508
4447,80,783440.5628370402,4512495.219942382,5947.693739899038
4448,80,784272.0535504284,4512742.951235679,4189.298213861373
4449,80,805270.5837190239,4510112.667094209,4412.792225719814
4450,80,805398.7058966729,4509730.9626667285,2976.6085229342916
4451,80,805402.1170837167,4509816.822441822,883.2732935761632
4452,80,805473.1833489112,4509817.619248436,737.5566675709231
4453,80,805595.048124665,4509739.04162301,3309.909387734982
4454,80,802214.8629909082,4548238.477355858,1439.223818952429
4455,80,772525.4990129995,4509938.667566216,7708.359779615592
4456,80,774445.4162092174,4509463.073898528,6984.132763928056
4457,80,774902.9320740576,4509054.503527351,4950.540248486783
4458,80,779213.4509258756,4492658.344845481,3659.7469793147648
4459,80,779027.0534006169,4492133.904856497,5105.025642649331
4460,80,779363.1820968008,4490925.895794682,4399.029671400389
4461,80,779718.9269634166,4490729.229681955,2795.033619518006
4462,80,786958.9413469016,4522247.599263629,6456.176166804524
4463,80,787058.6798812912,4521453.259584947,6922.617789201624
4464,80,808146.8086330134,4557831.439865911,56820.622146821675
4465,80,789128.8882528517,4516892.676855586,6231.563702037129
4466,80,786130.9188412218,4517805.737443888,3369.7386408171747
4467,80,787405.6424800255,4518317.030041384,9890.912336907968
4468,80,810806.8870819239,4555725.728657586,10834.54521216364
4469,80,810446.9747516738,4555638.868398507,11348.326435782355
4470,80,810437.9748286055,4555891.698117748,4844.208087655247
4471,80,789253.9242658376,4520094.867739194,8187.151640675954
4472,80,789611.8641369215,4520081.657989811,91438.70781936534
4473,80,807487.1566717098,4518900.394221839,119151.68911878006
4474,80,809569.0469586676,4556276.813759803,29572.359180486546
4475,80,809891.0035458751,4555972.983327917,36257.86070761397
4476,80,810186.958554988,4556553.130374361,37381.0547123522
4477,80,812043.4656913354,4556284.111292809,25159.740539456634
4478,80,810800.5309968962,4557106.489039212,43330.15237553352
4479,80,811479.1370766225,4556860.871745126,21595.677150194388
4480,80,812409.4589219174,4556195.229314564,28527.879979963713
4481,80,818183.5867145581,4524534.5299723605,26670.366817367612
4482,80,821722.9002654593,4523851.384080166,2553.5580257839174
4483,80,821451.6744491233,4523909.848135986,2063.531394277979
4484,80,805851.7309120859,4526637.8443257725,6470.911762058351
4485,80,806159.8232556434,4526586.996095786,1452.3584176730274
4486,80,806139.0512010839,4526021.664070303,2709.952981375785
4487,80,812207.1922767485,4556472.296850136,6655.717657949707
4488,80,811634.3462361292,4556417.6452965755,10834.36616379443
4489,80,813677.6941736317,4555788.754007146,19652.272902459998
4490,80,826016.3942245907,4507004.430317335,9785.913219869086
4491,80,827288.7522579903,4498706.270913647,20166.320403607537
4492,80,801952.3851627214,4470157.115762992,16483.189273978012
4493,80,796377.6842137129,4477774.356704212,14840.626164198686
4494,80,771292.1473164877,4509754.0103446795,6273.55625168118
4495,80,774863.1398217138,4508839.332404618,10007.411996501854
4496,80,775839.6645495556,4508988.81448025,8242.648977402083
4497,80,827174.8368502695,4554185.013453209,7090.090552896233
4498,80,827925.4612818,4554213.919298401,1416.7879366244579
4499,80,786407.1121839072,4514132.805453723,8008.280872536252
4500,80,785266.4340126588,4515480.131556775,9000.600563935168
4501,80,784660.1979403084,4515935.010769262,13256.938193367858
4502,80,783390.9729587024,4514826.099504773,7956.953332155029
4503,80,806250.4752870373,4525972.968170071,3617.786775878572
4504,80,815888.0285713285,4521111.4029986095,18370.626460855245
4505,80,805709.369458516,4509736.731891573,6136.724761568343
4506,80,812960.653751386,4556188.439867051,11899.487464292404
4507,80,812212.3696212715,4555789.923742702,13189.833535864745
4508,90,800750.8815447732,4558417.6675239485,156.63444153003297
4509,90,803667.4143368865,4558226.417395353,138.7643419064343
4510,90,803319.600900748,4558201.2858186755,134.15705111092376
4511,90,802886.393620438,4558247.806153167,227.84627771998373
4512,90,801737.3890413049,4558378.542977454,144.17460418976765
4513,90,801554.8959970509,4558387.273267797,105.51118845933689
4514,90,801434.3204006255,4558392.688898478,123.42879245187993
4515,90,801301.4588503946,4558401.9036444845,125.88484718590391
4516,90,801150.0732829731,4558405.3524123365,159.04518877638236
4517,90,801029.1453689606,4558409.326269619,126.02926010576816
4518,90,800888.3955978053,4558414.309075497,184.70242142101642
4519,90,803831.0386274803,4558204.076929954,141.47176784575458
4520,90,800570.4334657049,4558420.539174779,165.81748902848773
4521,90,800071.0717470628,4558432.02539312,86.86778789898146
4522,90,799986.3074340237,4558444.904813225,130.4055235481502
4523,90,799796.0279517224,4558483.507646261,122.92275802880947
4524,90,799648.203790346,4558513.850229958,149.96832244778162
4525,90,799500.5795921226,4558542.71685711,158.1912391786367
4526,90,799369.4406695712,4558557.258597332,109.77620856825085
4527,90,799222.4139852887,4558571.959549039,138.22163280079326
4528,90,799087.4013119753,4558581.261141313,136.85266220559873
4529,90,805952.5563824766,4558373.904209376,164.77435571407833
4530,90,806909.7976451643,4557917.929527943,97.14993668984744
4531,90,806854.1911676372,4557959.823651849,139.29392829712629
4532,90,806783.3015263262,4558013.895570811,176.74795638677244
4533,90,806654.0258214812,4558108.405453835,82.5274513518444
4534,90,806372.225410985,4558258.480760894,111.54440574675495
4535,90,806305.5728006703,4558281.203116819,158.1890145713012
4536,90,806082.7491364029,4558363.303587605,36.557391971245316
4537,90,806150.959396784,4558338.083673022,49.469953222698365
4538,90,806113.740976636,4558352.103694902,71.13538663511291
4539,90,806049.159975144,4558375.268727965,94.52359325991867
4540,90,798952.8175190233,4558592.474533709,149.91397845814464
4541,90,805399.8009762523,4558252.43867418,98.43237600565635
4542,90,805069.3018248539,4558218.559929068,193.88801528579856
4543,90,804941.5476480495,4558230.12234175,167.2592219995122
4544,90,804856.3411664935,4558236.902060584,53.33292469261303
4545,90,804756.3132195749,4558238.133323184,238.10418817110667
4546,90,804466.6601579243,4558214.574149821,161.28530706482488
4547,90,804320.2245967973,4558205.778810774,148.74551923429715
4548,90,804165.4027712689,4558190.753773849,170.68453669195162
4549,90,803963.7842313568,4558189.233581239,177.493794250304
4550,90,781636.3549195519,4495691.232820571,474.6639419101987
4551,90,782220.9006804302,4497698.995706397,113.88191077253614
4552,90,782133.8802087934,4497887.127646511,98.60323938356923
4553,90,781967.7023940763,4497864.632774449,344.50910443877086
4554,90,782059.3544369471,4497698.439369003,292.49497348690767
4555,90,782110.2060192906,4497574.292394781,215.76484439970585
4556,90,782173.5749732386,4497488.452049837,158.0088885506619
4557,90,782213.8255293363,4497407.515174507,180.8333766241362
4558,90,781851.1177617211,4496599.056855433,198.791547261546
4559,90,781775.9591845729,4496532.1168238,258.4457683326718
4560,90,781645.8183035222,4495904.024593987,308.7965209570112
4561,90,782347.8125811792,4497494.038980223,109.86614303373035
4562,90,781644.508066588,4495793.687196136,214.3445401740656
4563,90,781572.6372417061,4495493.938820185,383.3864246001218
4564,90,781221.2193566306,4495046.371050922,312.75872769436734
4565,90,781147.8221302495,4494957.206786669,398.50612737743666
4566,90,781092.2241711923,4494871.723938537,356.4975606669302
4567,90,781013.7378704115,4494784.554211171,230.82870987422803
4568,90,780946.4288881618,4494684.657607093,243.4373156155235
4569,90,780865.4556135873,4494595.674851452,473.7576734854488
4570,90,780820.8843634888,4494542.032752465,241.82895313897126
4571,90,798366.8747227126,4557307.829421284,41.893014372628066
4572,90,798828.3081590448,4558599.09978343,98.01317510200077
4573,90,798735.7381343506,4558604.806394972,147.46819490637526
4574,90,799663.771466351,4557254.65836939,20.537821460392742
4575,90,799418.408664385,4557274.147768113,39.2454373070175
4576,90,799264.4675153946,4557284.549508848,85.19916916793038
4577,90,799188.4708789116,4557167.2182186525,56.551525949487825
4578,90,798704.3203877091,4557147.585689817,48.352064261065316
4579,90,798564.7356805558,4557175.055781055,65.93124341353277
4580,90,798469.4350109297,4557220.425583433,43.71184501392496
4581,90,807053.2667646067,4557808.7087465245,110.91854043429927
4582,90,798181.9634330529,4557400.275546758,122.54039611954494
4583,90,798025.1681308278,4557381.9171456825,96.85540102286723
4584,90,797950.8094177342,4557388.651527355,133.19095264212066
4585,90,797831.7877639581,4557414.587744774,78.14821434721915
4586,90,797772.6870470081,4557429.856959142,55.88574616331563
4587,90,796745.8963669143,4557059.039885386,173.91517801317235
4588,90,782620.5552155465,4497051.879026566,207.24219915223426
4589,90,782532.9068528448,4497272.15644993,107.33153575388806
4590,90,782453.2802543355,4497353.0394677445,58.49321300333219
4591,90,782289.6922505464,4526005.3281160565,69.59795708456883
4592,90,783229.1302158323,4528379.791757378,242.4718781978296
4593,90,783331.2398894329,4528268.619702467,264.1630704216906
4594,90,783308.5405802976,4527954.7513117185,274.184904615457
4595,90,783265.4194811764,4527830.231817624,500.40594796842333
4596,90,782259.5929791536,4526607.739096205,281.0412456419304
4597,90,782222.9557094508,4526268.473554442,101.89356075727119
4598,90,782204.6485204892,4526338.492815326,119.07907024615214
4599,90,782202.4725371775,4526373.165240687,143.43544567367485
4600,90,782252.9981907252,4526163.064495113,103.18225415268715
4601,90,782279.1136494561,4526082.341973519,68.34703483511495
4602,90,782867.9076755315,4528666.654279899,244.5017108551134
4603,90,782260.0506623993,4526015.760067894,117.66664608798139
4604,90,782123.1678416796,4525897.566407549,302.1283046137453
4605,90,782061.395959153,4526017.893731097,224.7260483502768
4606,90,782019.6598236355,4526103.799716079,254.38346106977215
4607,90,781943.1555101728,4526198.5080131665,156.7734187115402
4608,90,780855.065730392,4526843.821720323,237.0721051393584
4609,90,780685.8071477017,4526901.974288098,248.3111613724285
4610,90,780596.3245490956,4526962.106433432,191.35065132322921
4611,90,780482.9221450001,4527033.561741721,195.95742153901992
4612,90,782080.1089363132,4530404.896593532,179.30204212060988
4613,90,766813.6089349419,4511089.013354305,179.4140919374947
4614,90,766684.730298044,4511169.49644499,314.7581688081178
4615,90,782265.2509181518,4531888.563662341,50.63159727060494
4616,90,782173.4214377856,4531659.264559613,111.23829996385061
4617,90,782153.661164236,4531547.724492914,203.6964236361601
4618,90,782060.6548813086,4531229.396248295,226.80967768752078
4619,90,782052.1796549894,4531146.69540438,158.12088036863491
4620,90,782012.4717922349,4531032.896100725,169.78036894490359
4621,90,781976.4018987971,4530755.005477662,84.17823753269072
4622,90,781995.2142576124,4530731.456361722,20.993090842462394
4623,90,780336.997068348,4527126.68841408,163.33387190435096
4624,90,782175.8530813322,4530169.009782291,185.9730188540468
4625,90,782285.6684225316,4529865.357189435,276.72249857071665
4626,90,782291.6154789224,4529779.451841057,106.99297598201353
4627,90,782497.6440403237,4529357.334038567,188.35283868213315
4628,90,782565.7320278508,4529273.09130018,439.18758369719956
4629,90,782594.3171899543,4529102.805989764,363.14448939288206
4630,90,782614.0633376878,4529072.0000287825,265.398932770955
4631,90,782616.0887422203,4528943.300540221,234.89205086708688
4632,90,782782.0555435029,4528713.335868035,207.62860375322091
4633,90,777086.7422756156,4527567.481425503,100.74211522426073
4634,90,777913.1921159778,4527839.764916764,177.30738628281873
4635,90,777808.3862182106,4527818.860368222,150.38374011754922
4636,90,777759.1708745677,4527790.96181643,198.5841267884778
4637,90,777672.2974728339,4527777.2454495765,145.0888515284922
4638,90,777604.0102717971,4527765.462636322,117.26905268487945
4639,90,777511.3683137228,4527765.316685223,148.6736266813305
4640,90,777432.033870686,4527759.65758687,196.94597846510905
4641,90,777342.5173460725,4527771.22738903,160.23654420686327
4642,90,777237.3827308477,4527692.159714042,128.57982391293507
4643,90,777145.6633926465,4527639.300073566,195.21562110760496
4644,90,777921.8109927126,4527826.41233825,150.34834154678208
4645,90,777049.5734142986,4527536.293025658,151.03295582113796
4646,90,776969.6006416946,4527497.807519647,107.62715260443944
4647,90,776900.6659140905,4527465.603222683,141.01748758375422
4648,90,776768.5267502387,4527405.69724279,118.95514479694583
4649,90,807783.490740534,4557561.1542773,71.64515594026162
4650,90,807547.848466829,4557608.054338946,209.53279270916448
4651,90,807258.8062588987,4557685.372268575,195.33841907816247
4652,90,807175.6212778701,4557728.003796139,129.64683232159373
4653,90,807116.3968180671,4557763.807613382,162.66354739641147
4654,90,778857.0139905366,4527658.817152362,179.97733361394893
4655,90,780230.5917163747,4527234.942834715,139.04017951989738
4656,90,780130.4182092928,4527280.771588554,219.87307416514557
4657,90,779936.9146753057,4527329.402965066,149.1037315854422
4658,90,779742.8601380145,4527396.094625486,167.47581986739556
4659,90,779460.0706945839,4527537.8663361,99.83210844931612
4660,90,779335.5210009693,4527562.649892327,56.65437575833652
4661,90,779219.7781583652,4527576.818489379,204.32624484137443
4662,90,779095.3339695565,4527618.5609683255,42.5576439925518
4663,90,779015.111074901,4527622.831247142,171.16318460352224
4664,90,780759.6670560901,4494512.987375959,192.97133567835152
4665,90,778798.3719965353,4527686.217549423,140.3934666131858
4666,90,778714.9574946364,4527702.911705284,145.4307080436025
4667,90,778590.1151881368,4527705.769143192,157.6783459177267
4668,90,778460.7915718885,4527694.652732123,188.46040650866956
4669,90,778362.9482858909,4527686.603644112,184.41018196433632
4670,90,778262.578045149,4527691.561503131,149.64799391758214
4671,90,778210.8684923484,4527730.318700704,151.406901182779
4672,90,778124.7152568741,4527776.427243527,229.73323259850855
4673,90,778017.7471371474,4527812.481774873,205.93969905586837
4674,90,779795.8078042865,4527654.702639583,3896.67898498433
4675,90,803061.1973634383,4512395.912367991,268.20015647608847
4676,90,805206.937211921,4512747.179143741,745.5519929487546
4677,90,805368.145930648,4510457.393084725,655.8781285012943
4678,90,780349.4863307645,4508491.410857765,649.6346247337722
4679,90,780273.9582991657,4507279.0782038625,387.13713762966415
4680,90,774485.2748421226,4507964.81568643,776.8513995133692
4681,90,793687.2930894408,4516363.833700255,8958.760400126303
4682,90,786328.8835960573,4531860.974693726,493.2781151045844
4683,90,782396.5135628157,4532162.875320803,2282.6062175230236
4684,90,781160.8188242915,4519550.49778068,617.8736055118119
4685,90,799331.7082305881,4513201.006925588,1984.7405595435705
4686,90,774893.9239587775,4479532.83480109,273.67496454963305
4687,90,788752.6198715292,4519123.548773259,1322.4759704051587
4688,90,804389.7155175096,4524273.595967633,298.9654816058841
4689,90,785986.0016436575,4550746.879505851,635.323911451474
4690,90,783278.5577782185,4542881.916946439,113.07236527219288
4691,90,774932.6385485432,4550070.982571803,320.26596304172745
4692,90,776115.1008925968,4548765.0354191335,442.5094389307899
4693,90,792325.4729091736,4533565.9683611095,244.5068836082077
4694,90,792026.305141278,4531140.598913401,318.2181331720169
4695,90,781351.0413343458,4501187.519961739,3991.308879829422
4696,90,799398.9694472475,4559048.482849025,349.80926831336046
4697,90,797685.318251436,4559036.168534598,367.9794630432123
4698,90,788625.7866491731,4541363.966614265,551.8792477661659
4699,90,799191.5676307682,4534834.2041930845,822.0250678402942
4700,90,782857.7617778978,4516052.559115968,3155.5373033508376
4701,90,774702.4234768158,4488237.824350092,2371.560073227511
4702,90,776817.9715164031,4487655.387690362,552.3993961722214
4703,90,779068.6418657386,4485155.777160365,1326.739415118074
4704,90,815498.389253837,4512600.139061505,798.1498387472534
4705,90,781990.7787983879,4496694.0272747595,2392.7798186019
4706,90,795716.3826761293,4526411.6219204925,385.07332280897486
4707,90,783010.4072505387,4487486.59086091,777.0872821637518
4708,90,771135.9419009762,4489243.358966919,4253.390148041808
4709,90,811544.0532419479,4549071.649936059,290.4090527920779
4710,90,831024.5108650242,4546812.653234891,332.96100242522425
4711,90,821053.6960175134,4545310.402418885,378.87991627465885
4712,90,817217.2706507234,4524133.221973275,4920.201403584524
4713,90,780680.3934720405,4536411.349082611,3908.393096330603
4714,90,779773.3516755564,4537932.197644494,3670.2918814593204
4715,90,792086.6550667695,4522703.390728763,8764.6508183649
4716,90,830825.1201031855,4545537.859814925,603.2557569286386
4717,90,777691.7042548192,4548207.65819103,229.69726269709477
4718,90,777284.0174992023,4547490.69004846,445.32499994866515
4719,90,806936.3947529229,4555988.5326054655,4095.141060867223
4720,90,805675.1966752777,4551899.905978142,1478.6544765185765
4721,90,819477.9431411765,4552758.051002549,294.39924984265025
4722,90,811338.6059657118,4555584.778029981,1837.6131752655338
4723,90,795139.2234933075,4556253.575431795,1900.5709404135996
4724,90,827525.3108786122,4539105.950118918,159.66560021560815
4725,90,825020.44685664,4538721.841826346,251.8041917917064
4726,90,820260.690543248,4539882.841476889,528.3872211582986
4727,90,795676.2329102427,4550715.297444176,238.1678954058631
4728,90,822785.5828824443,4549971.095626742,88.92534103533593
4729,90,828814.1284724218,4551213.326408444,110.06921268908235
4730,90,823995.441957152,4553051.059288526,1171.209998402768
4731,90,823360.508383048,4552795.430415911,828.0737007442369
4732,90,823283.0073925324,4553022.589759209,621.6961006187142
4733,90,823588.3611499087,4553856.624468125,5707.503470546058
4734,90,813211.3940515887,4498925.192862759,903.2623858694187
4735,90,807248.0774467208,4493338.485372736,421.56066865459843
4736,90,806324.520377398,4504783.018724758,7895.720274337647
4737,90,785474.8863484733,4485797.991030997,307.3612821407202
4738,90,794932.9558651096,4524540.777621832,248.1755664082491
4739,90,758130.399676635,4491736.03223933,259.5417235645602
4740,90,756654.4319708752,4491081.853278041,193.0491048735919
4741,90,759802.7849951776,4492621.000689624,386.799444586788
4742,90,776288.8971739482,4505891.808477523,127.30136162858751
4743,90,816332.8467787523,4524513.3218784025,287.54616662062585
4744,90,811731.9639532919,4521498.011669214,6576.14343336607
4745,90,777468.4303121231,4496923.2001548195,366.16134669077417
4746,90,787552.1709136195,4486787.585421383,159.2665176919527
4747,90,812459.5379339096,4501172.269179913,1362.8669243062388
4748,90,784798.3259177295,4485536.300245348,1880.7533253066658
4749,90,780016.8475511858,4489378.778084491,1206.303519439435
4750,90,778716.819497996,4551463.088691446,228.95676879422103
4751,90,797027.9643438286,4540938.337848377,724.4915293121273
4752,90,794716.0456164052,4539351.069081929,3105.437299611982
4753,90,793689.6675983861,4536826.476152912,203.43167961445573
4754,90,796453.0330259503,4542455.715154055,2988.545760661263
4755,90,798615.5139636894,4547478.9118477,541.6504784049297
4756,90,797512.7190379814,4548110.07805587,24.079983541186404
4757,90,774758.9641479515,4489874.578862338,363.9651006739492
4758,90,776147.5970143125,4490266.0175033435,434.6252525052946
4759,90,776061.6898326036,4490340.6076144595,405.5593936371468
4760,90,775550.1743718503,4490090.744918685,217.86883569332957
4761,90,775466.2837417977,4490068.243318706,174.15243568134116
4762,90,775354.897361772,4490026.248272507,167.60205909611525
4763,90,775194.4248106978,4489976.09271871,246.54805359560834
4764,90,775119.9960223603,4489945.638844999,261.2207757824178
4765,90,775047.5635253717,4489939.986808527,293.86705992255656
4766,90,774931.8797686249,4489916.806137758,256.8084355553119
4767,90,774835.7020182586,4489900.362068963,343.7962913109875
4768,90,777205.9221362743,4490679.57053485,265.6788029305178
4769,90,774659.5407706293,4489868.991416034,301.4367138951622
4770,90,770907.6803516275,4489198.368087554,163.65854717366634
4771,90,770836.121113064,4489199.573561179,178.76818926983682
4772,90,770743.7313463397,4489183.981250749,192.60282304063082
4773,90,770661.6743704607,4489170.486945715,257.848040619809
4774,90,805306.5785428663,4519284.607088617,286.00290290984424
4775,90,805653.6509646038,4519415.934609313,453.9882598580449
4776,90,805443.5184598748,4519344.14420502,386.4750675898056
4777,90,805179.1247656961,4519254.589795632,402.69215158754196
4778,90,778383.6553312966,4491786.427088384,151.61310444149478
4779,90,780606.9136891715,4494430.2225919515,307.88090522929474
4780,90,780425.5914043235,4494332.683375012,302.2314064188814
4781,90,780372.6450081543,4494257.376683948,245.6723515274326
4782,90,780271.643483692,4494249.768734829,206.7772228661051
4783,90,780205.7922540068,4494212.909874027,132.8427027699882
4784,90,779985.5909422727,4494081.694858562,4.716317270461872
4785,90,780034.4542774716,4494063.695901462,192.19330815076583
4786,90,778802.5186617333,4492004.193273174,119.72298284077422
4787,90,778417.2776250881,4491785.583565816,128.6884593291376
4788,90,804295.1340822756,4518939.963303362,385.2676435923639
4789,90,778248.7085267291,4491716.418530817,361.54610790477625
4790,90,778124.8819327961,4491571.517695234,301.83165293096124
4791,90,778037.2419271127,4491455.86575704,190.28232349710623
4792,90,777928.8878801829,4491314.878270122,170.81055661496234
4793,90,777921.147010575,4491348.325669567,137.63790986751266
4794,90,777859.698894277,4491225.206247358,108.47043277378856
4795,90,777716.3260476146,4491034.056433109,212.64229907297414
4796,90,777140.2776560339,4490542.413419203,200.94221370184172
4797,90,776845.1547534986,4490582.609232785,142.64766112970912
4798,90,794534.3332655627,4516533.113482788,332.08145283146456
4799,90,799028.4764609947,4517381.112110797,166.86214891408233
4800,90,798766.498221037,4517331.55983279,110.24839692023791
4801,90,798374.6645741328,4517257.28586288,136.06468540172568
4802,90,798082.5017004212,4517201.043515257,113.06632881239051
4803,90,797391.6644586027,4517070.29103914,130.0581465719753
4804,90,797052.0098209144,4517006.4143094495,136.4048205454128
4805,90,796662.5849824265,4516933.740816729,109.10409856057167
4806,90,796117.5775064074,4516830.434561702,348.11335745085836
4807,90,795721.346831668,4516756.061980149,284.69455131200255
4808,90,795406.5859830189,4516696.841123307,263.41995825684586
4809,90,799324.2682992117,4517423.707015171,121.2361369263545
4810,90,787895.0940757138,4531819.838903577,26.297311541596123
4811,90,787714.474669938,4531699.9168223515,30.05911259104932
4812,90,787531.8474195778,4531634.704139733,85.9552714199055
4813,90,787304.7806248588,4531729.21218085,31.90707066490853
4814,90,787177.8209848866,4531780.91177179,46.97062251800993
4815,90,786908.579270052,4531717.40356674,42.220550968764066
4816,90,786575.9263069715,4531772.481681644,56.7975698966722
4817,90,786068.4832218089,4531848.724740619,52.28913909244546
4818,90,785917.2013673254,4531807.370015283,35.85847947106697
4819,90,803021.7247128808,4518507.439086087,233.0414701080481
4820,90,804209.9554635393,4518924.43577379,317.2288896277834
4821,90,804128.0270524806,4518883.6125836,428.6686215880747
4822,90,804010.7571595097,4518856.977843724,451.1464050614109
4823,90,803908.3890547619,4518808.986446362,479.6250513296028
4824,90,803791.7203426963,4518782.563399233,751.0397270326406
4825,90,803662.1080260478,4518722.012672744,472.39640176489564
4826,90,803245.5937699117,4518597.5449946225,584.2454533144759
4827,90,803170.5593474895,4518559.041933129,230.18273224755535
4828,90,803089.4184392432,4518543.768187133,507.2542598499162
4829,90,766973.0689282786,4511119.165016906,269.0428926114236
4830,90,802915.7009398852,4518485.8666689815,432.4867005341182
4831,90,802763.5815413032,4518419.712057303,372.8830769798063
4832,90,802527.6092308593,4518355.28784842,1314.8255372281465
4833,90,802170.9190056556,4518231.420406999,533.7475967920446
4834,90,800927.8396385539,4517809.015227358,75.65170403198456
4835,90,800680.4632642735,4517727.433931556,168.22954509408544
4836,90,800357.0713170503,4517634.953874017,167.54444713039317
4837,90,800138.838450513,4517590.612021354,203.91418495431049
4838,90,799749.5989840662,4517516.454807019,105.24569344460305
4839,90,822376.5351829529,4553834.758124583,6.329320783266244
4840,90,800254.195835266,4558422.666850253,48.44867791894567
4841,90,799387.7532181563,4558556.69945772,82.02907185932727
4842,90,798865.5553924382,4558595.217232214,66.78307449245462
4843,90,823108.630082418,4553860.822215084,117.57788523120433
4844,90,822982.6008227059,4553859.4628738,123.73134272842812
4845,90,822877.4203047749,4553845.801407034,107.80667986269653
4846,90,822797.6719251596,4553856.750812348,120.39604613454021
4847,90,822680.2720190655,4553841.849645105,133.3184565114689
4848,90,822606.1646752479,4553854.075997599,84.48462386019332
4849,90,822451.8040823851,4553853.173796124,8.158972461806322
4850,90,800315.6584984014,4558425.245717473,53.35149429349208
4851,90,822235.3913262092,4553850.562550722,109.1948954274802
4852,90,822150.3472073629,4553838.519718317,178.69744471957046
4853,90,822077.8624928722,4553850.710683228,161.159355192773
4854,90,821956.7966003848,4553838.015295443,150.35300117099587
4855,90,782272.805857466,4525556.835505712,129.28011012507937
4856,90,806460.9090318823,4530047.330892346,52.762937283329514
4857,90,806309.1237856473,4529876.207388979,48.39144410277348
4858,90,806314.5916341469,4529887.423677127,64.45072640826575
4859,90,793013.6965049551,4540580.125825701,17.716676847030836
4860,90,806825.1811174933,4557982.087865707,90.42866242076411
4861,90,798026.9121190318,4556908.997759392,117.03413667551081
4862,90,798188.6643953838,4556921.802229522,423.1440336489805
4863,90,798991.11183081,4556668.576277142,175.1478136440397
4864,90,799047.2807339494,4556698.485617754,178.13809707220253
4865,90,797422.2557390967,4558633.768217625,17.002343080412203
4866,90,797668.6809336506,4558579.7117942395,35.86478152458754
4867,90,797804.2780706234,4558527.603580054,59.58565176602092
4868,90,797759.1174251153,4558539.794956146,20.816919651350933
4869,90,797730.6139191127,4558554.831281697,25.615053530535686
4870,90,797713.8325936898,4558562.912748678,32.07706585116063
4871,90,793127.6733788598,4540697.038684274,37.79470471425095
4872,90,806754.1534042072,4558035.860546158,70.11873696465176
4873,90,806681.6296710225,4558090.461198497,62.942144835090204
4874,90,806344.3938633656,4558268.264952538,125.17830153335322
4875,90,806262.0849048551,4558297.350233358,55.00471756967289
4876,90,806235.8390971518,4558307.200769686,38.97146393154315
4877,90,800934.2718501096,4558412.84716057,33.738005777368215
4878,90,800685.6206679783,4558418.341801501,39.68983495520253
4879,90,800621.2763387102,4558420.639780493,171.73738251739732
4880,90,800462.38510004,4558420.386471479,22.426878251806126
4881,90,793222.0383939707,4543439.246756438,85.28158815724215
4882,90,794583.226457353,4543305.229976661,27.55227109754357
4883,90,794452.9387520469,4543331.335351708,31.270877925467865
4884,90,794297.6939926487,4543279.733176395,24.919169178004214
4885,90,794235.626736043,4543162.054785051,23.130874888190917
4886,90,794127.1662383247,4543139.108906474,29.752229046066592
4887,90,794035.8865934521,4543188.475806768,23.098542583103285
4888,90,793930.870820096,4543272.994592289,25.175078408131522
4889,90,793813.9286612604,4543310.554492161,8.97551992440894
4890,90,793533.3387868818,4543338.661958179,19.250548261473817
4891,90,793305.6780965456,4543407.022373503,17.47022940170431
4892,90,794648.2391269665,4543234.707814508,39.09120628615335
4893,90,793068.2447290189,4543575.281897872,65.32751416796063
4894,90,792903.8165024333,4543642.16939194,111.38870734560679
4895,90,792845.2975930974,4543645.444441092,41.76666579217063
4896,90,792687.3416178676,4543705.206178563,18.2268237757717
4897,90,792524.0406617029,4543754.362866712,18.554034723203344
4898,90,792396.1928069992,4543802.22198193,34.16125550171717
4899,90,792167.7500217616,4543841.895754636,30.250801955964892
4900,90,792039.0030995711,4543864.033314546,28.96364815922353
4901,90,791575.3177461759,4543887.318340685,43.289567560931175
4902,90,794346.0571584535,4541232.7877290975,22.685569167329575
4903,90,793163.4901190788,4540751.035061231,31.170017711204
4904,90,793263.8925719534,4540854.623767279,37.210327933873245
4905,90,793570.590718752,4541084.5428407965,9.683829518769178
4906,90,793659.3808259818,4541101.376360208,22.41618240309665
4907,90,793742.0254569126,4541120.984541241,28.460365194109983
4908,90,793987.9681658067,4541187.866759429,31.605985297156543
4909,90,794025.9242020204,4541200.7791846115,18.25820356920066
4910,90,794131.1282163293,4541226.027710914,22.61821589552604
4911,90,794251.6242634481,4541232.050471231,25.363655753310006
4912,90,797976.7452283045,4556915.621209382,162.42734991396995
4913,90,794429.4111484572,4541282.06721168,88.30360501847547
4914,90,794474.0376702247,4541736.643646228,118.3727365198471
4915,90,794561.1196025086,4542074.398870301,59.812139067668596
4916,90,794557.1499733916,4542276.67441914,12.937559337828477
4917,90,794623.8037863539,4542249.108716158,25.75992513318831
4918,90,794648.7490827193,4542316.044536206,28.494749505220266
4919,90,794751.9016110107,4542618.258050497,41.37152725521973
4920,90,794782.4064765825,4542982.108987821,1.0746042137722265
4921,90,794800.7808197718,4543170.3595974995,75.13997651028967
4922,90,806320.1535197053,4553645.577657466,6196.8657489781235
4923,90,830515.6959216773,4553670.708730865,1828.002408011011
4924,90,830607.1421610077,4553678.414666009,1024.4755521078223
4925,90,830560.2449942095,4553589.931933115,2191.200056663588
4926,90,830600.6598423986,4553518.814081315,2130.041328671778
4927,90,783971.2042396978,4550852.841638051,233.69834511282372
4928,90,812273.8999809477,4556605.690088989,1829.679271284068
4929,90,813323.0557183162,4554458.3674223125,45.679830092941
4930,90,804831.9501479807,4550209.079581734,4653.245143275
4931,90,805602.4183108984,4551626.753206986,3902.0331651333163
4932,90,806111.7206016763,4552559.83650472,2212.2242523042323
4933,90,830652.5075138592,4553891.36115533,2760.3774224122044
4934,90,806407.5644238692,4554618.921838027,3222.90195865691
4935,90,806351.1134396691,4554911.800627937,4538.932615977305
4936,90,809506.6833045644,4555035.769063746,643.9183840454722
4937,90,809422.7089596116,4555090.31669859,266.65573109643003
4938,90,809534.5365936756,4555150.995278594,410.9363780627694
4939,90,809556.7230631983,4555315.014026219,241.54130728207767
4940,90,809284.302011937,4555656.544118133,708.2349417647747
4941,90,809473.0996694429,4555605.433162717,418.9332016573057
4942,90,809342.6284629896,4555921.927508888,2556.4709453891205
4943,90,786198.1169545661,4531865.362324167,254.52765419822427
4944,90,811817.7746574259,4555128.862397403,287.84591154403574
4945,90,829543.627510911,4554008.500649119,3487.4164015671017
4946,90,830692.0572118518,4553513.593129418,759.0052750105157
4947,90,830495.3156593608,4553519.228377468,699.8421638806548
4948,90,810306.687079322,4542386.215507541,227.78754306120487
4949,90,814322.1056095248,4555596.665714797,75.25584652326805
4950,90,778819.8914656896,4545436.684332046,3775.735851253198
4951,90,787133.8013472905,4543860.505791594,258.8720664027461
4952,90,786569.3969340659,4549853.245928752,298.6324141174356
4953,90,784626.2128908542,4551281.115278813,289.4021719069097
4954,90,811184.8951344381,4556703.570360213,710.7034537521356
4955,90,778807.5831287346,4545926.753307147,1947.5418588292473
4956,90,780707.9532033422,4548795.402836244,1992.2038192041605
4957,90,782149.0632379653,4551481.288360037,2779.523954089315
4958,90,782858.395745283,4551984.462831764,5229.743267556333
4959,90,809489.3307437407,4556533.489731807,655.7899664781785
4960,90,825915.4122564942,4553552.15733766,332.487668052233
4961,90,826187.4605424941,4553609.254997453,352.485469195536
4962,90,826074.8133859452,4553591.690165,336.606797847656
4963,90,829333.1211113365,4553764.585885726,209.6211866457372
4964,90,808904.4090358007,4555221.139865125,106.15410357530011
4965,90,810016.879758916,4553827.930274291,66.86316366727763
4966,90,808735.3691408474,4555995.975250652,107.29377605553026
4967,90,808762.2013428411,4555976.092711814,103.94529891400832
4968,90,808790.7085437402,4555955.614877924,133.55267788622675
4969,90,808977.1603531264,4555783.955108099,131.58867964909442
4970,90,808999.2350554805,4555769.758473145,67.0620826683687
4971,90,809110.6915357283,4555723.63055897,161.7542564308467
4972,90,809159.4328373277,4555725.884701247,172.89157505784038
4973,90,809190.085020221,4555717.151810656,109.44119494237484
4974,90,808726.2712781758,4555227.290881167,124.16070600857643
4975,90,810008.4238711772,4553727.882336295,69.40261116325061
4976,90,809113.8652540573,4555343.239817233,233.23966310001992
4977,90,809189.9855694178,4555497.086765647,301.51168994952246
4978,90,809170.1777856055,4555455.021609956,277.73758568279936
4979,90,809231.3832118876,4555699.228836394,187.3896630120923
4980,90,778315.0686714745,4546776.574928431,863.0388013115812
4981,90,778443.4589973786,4546733.6178931,558.3910847257887
4982,90,779613.0095317577,4547569.294242277,1984.5458638317373
4983,90,795341.0219591444,4556484.402048088,347.40750263992084
4984,90,797938.6631896542,4556896.767521042,138.8342316174769
4985,90,808378.6883735463,4558304.108149991,717.7860014056649
4986,90,811166.1029819218,4556845.289047996,354.6732887679483
4987,90,809796.6270694592,4557342.465642443,727.409397168843
4988,90,809755.2755585976,4557533.604930382,1543.3558379924343
4989,90,809327.4141531512,4557859.745410231,671.589184025668
4990,90,808149.2827988396,4558399.923878763,567.5029825401166
4991,90,806869.6484696227,4558506.632732469,559.3182100516246
4992,90,809559.9988388865,4557115.138633016,793.9804190718306
4993,90,801386.0453174735,4555916.431815253,7399.979809691442
4994,90,800296.2060110092,4556467.739654454,3083.1287095751254
4995,90,791358.3614774958,4544037.1647053575,55.534468531869294
4996,90,808710.8209097928,4558154.946063517,528.2457260898889
4997,90,808968.6338600246,4558035.383641509,351.7712114198157
4998,90,810072.1270480454,4557379.721493048,1542.0739726343936
4999,90,810144.461777468,4557543.545585103,784.2076919863322
5000,90,810282.9852035446,4556691.553544781,472.20719801152717
5001,90,809399.790923119,4555969.212969362,306.7250696079358
5002,90,809346.0668703062,4556005.567344138,767.4821058722562
5003,90,810104.3408819741,4556255.068010451,851.1873815987865
5004,90,811965.4443216884,4554681.175368011,37.03637861450062
5005,90,777525.4871770226,4509792.558406199,151.67375546823436
5006,90,778763.0649616864,4510452.909261039,331.9444830350196
5007,90,778662.393432258,4510433.209468883,282.25158633597914
5008,90,778552.6047252651,4510407.091989276,346.775985031514
5009,90,778421.6752631596,4510417.203396302,335.2924872095809
5010,90,778268.2790415061,4510411.882394146,179.32395296225602
5011,90,777945.3305752773,4510312.32355109,388.5050107202096
5012,90,777820.7715122579,4510234.8757644985,198.74982453516304
5013,90,777706.8339427126,4510063.772097749,222.73877868001085
5014,90,777620.3529890915,4509940.862527906,144.26718604822233
5015,90,777583.4520172196,4509858.089189199,133.33814059490118
5016,90,778880.5115904938,4510470.976547726,141.21932934499412
5017,90,777490.1942523412,4509727.962053783,299.6628807809536
5018,90,777373.7901402786,4509602.2654427225,302.8840258095439
5019,90,777303.8777642996,4509539.7518920805,174.17288640007874
5020,90,777199.4449091338,4509454.1527135,136.19744508625655
5021,90,777232.9175967008,4509499.953934087,280.96728840524196
5022,90,776427.9742758943,4509051.700596591,91.54881658872895
5023,90,776127.0281673569,4508904.956702957,166.8192015926387
5024,90,776060.6045112186,4508863.9498087205,278.3721496504378
5025,90,775975.5709782277,4508827.435568192,109.9775580463005
5026,90,779732.5259088196,4511058.338169284,150.14370819373008
5027,90,780755.359411866,4512019.483068034,138.1841399293978
5028,90,780886.9555017701,4512045.845396151,169.58848702939568
5029,90,780624.3220980057,4511856.601566991,250.91966631548763
5030,90,780419.386827388,4511593.681936656,399.7297924434655
5031,90,780336.6278176837,4511504.74809824,98.79588538270994
5032,90,780276.2961884879,4511419.573134205,130.41281453771256
5033,90,780188.6442580259,4511340.599177028,441.90088161692347
5034,90,780069.5917952616,4511283.927095431,334.4049524470835
5035,90,779984.4662787939,4511233.343436771,249.2736618848416
5036,90,779814.8191902963,4511126.790212969,340.9866305889873
5037,90,775930.9691968664,4508779.297650542,156.86627887375138
5038,90,779611.6681712834,4510920.332353279,323.6655707137044
5039,90,779533.0148953844,4510839.574567314,205.41914421146743
5040,90,779460.9080186862,4510789.468078665,236.59749612642202
5041,90,779398.8929196743,4510719.431693988,149.82008092517304
5042,90,779360.170722651,4510709.680386233,245.69472544636
5043,90,779278.3419768146,4510656.593798731,210.80645121671532
5044,90,779165.8328027789,4510597.697390262,368.94277371149224
5045,90,779065.0358155767,4510535.753736569,207.46795658601033
5046,90,778984.6027546187,4510520.493394328,262.7457920198045
5047,90,769357.6236940033,4510854.360817045,412.20423243441746
5048,90,771393.1913109197,4510787.969809032,255.1192854325271
5049,90,771306.4913924793,4510788.085262282,218.18715804720281
5050,90,770905.8956514192,4510835.832458074,182.01110947209725
5051,90,770783.5378878955,4510822.866157358,334.40188371843584
5052,90,770651.5664128446,4510822.68868201,259.8115279739071
5053,90,770575.8575830405,4510822.475428697,275.62424109791044
5054,90,770449.2066182417,4510822.863150135,278.58994740093954
5055,90,770352.4987324709,4510837.528703691,300.87342511904035
5056,90,770221.9418810345,4510820.990964593,299.9904650154708
5057,90,770128.871185596,4510820.529909863,389.1482507841444
5058,90,771537.2821837891,4510750.8625548845,181.99142757331128
5059,90,769244.9557096869,4510861.652176397,211.47402690095834
5060,90,769180.6516840887,4510853.12582929,179.45408863425882
5061,90,769076.4742639933,4510877.35884655,323.62203006472475
5062,90,768650.8842565131,4510926.968614609,344.1277411529638
5063,90,768530.2965059916,4510942.695864041,225.73791792997392
5064,90,767905.4605033695,4511018.73755761,295.53482950692035
5065,90,767766.08884988,4511035.964256316,417.8552226621829
5066,90,767671.0387260552,4511047.676944929,327.63069412585526
5067,90,767577.0570858137,4511045.163038363,357.2372720427664
5068,90,773135.9594325745,4509795.599987257,146.40431433069233
5069,90,775766.1356071421,4508688.341493509,192.61796421249747
5070,90,775613.7984193414,4508583.0114972945,217.0094677314367
5071,90,775504.2030595745,4508537.683884985,269.86010375484517
5072,90,775358.0853702511,4508513.652127748,436.354460471123
5073,90,775222.3390035229,4508496.664197181,202.2213869978391
5074,90,775138.5622215051,4508481.491142281,142.88578885705132
5075,90,773417.0897427389,4509612.921906642,162.6317601103645
5076,90,773312.066202599,4509698.7299960675,123.92029364947643
5077,90,773209.4304446485,4509741.514817817,234.50700661067586
5078,90,780909.6540398215,4512103.388083748,87.07304105645748
5079,90,773012.4857410127,4509841.185149069,126.23264444736097
5080,90,772921.4099062949,4509888.762984012,128.4831614178117
5081,90,772869.2027157651,4509930.825228443,203.24859529783728
5082,90,772722.8405176393,4509998.622872583,166.4653535583737
5083,90,771984.8243313886,4510542.391464393,211.39398994650628
5084,90,771892.6773230301,4510593.258427863,233.60531827075155
5085,90,771796.2203088445,4510638.016021142,250.69214701078226
5086,90,771715.6747945691,4510672.337033902,255.7004293758934
5087,90,771617.1733039917,4510709.899844271,271.40865667351443
5088,90,788917.595949685,4513124.586081659,325.95636130247345
5089,90,788996.9987651989,4543935.1928858785,19.418361040066692
5090,90,788923.6832908009,4543892.326621995,23.610948971219212
5091,90,788796.9575178345,4543819.034076919,35.531034470705634
5092,90,788690.5530001085,4543756.16452548,18.52972792720701
5093,90,788621.2733903821,4543716.605335293,20.84352606966203
5094,90,788541.0492199019,4543672.146975375,8.761698182175891
5095,90,789613.3370280045,4513131.342514951,157.33718645508944
5096,90,789548.8648334886,4513146.95451952,331.86107859559513
5097,90,789182.1417570061,4513116.366733268,235.76133761075675
5098,90,789067.6430320168,4513128.747882726,330.2578258027816
5099,90,789031.7267929767,4543953.240007629,31.351020236582084
5100,90,788814.1184841375,4513106.129168276,234.16641771227552
5101,90,788692.7266347761,4513102.282989778,237.17114608017397
5102,90,788599.2401087915,4513115.159216821,282.7478001283745
5103,90,788231.9592815705,4513102.350399275,237.93032819137213
5104,90,788136.6849830298,4512850.163895193,128.12806144361423
5105,90,788130.0567916912,4512963.086434916,81.51630926468346
5106,90,788124.2873613128,4513008.924045492,147.73797041710515
5107,90,788041.6901124544,4513040.966106282,177.99364965377268
5108,90,787500.3187590751,4513018.070869856,275.80463189232853
5109,90,790150.4247495105,4544138.579099654,16.165385970183685
5110,90,791202.3682984019,4544077.175750511,57.277324543110254
5111,90,790740.0536820451,4544099.923169448,33.17005435765294
5112,90,790656.6196584547,4544072.5446388945,41.429561863461544
5113,90,791055.0595270784,4544082.898168549,46.50695755546407
5114,90,790983.7494890016,4544111.194464778,46.651182465862306
5115,90,790917.3955567696,4544142.163694192,60.629175240692014
5116,90,790306.0020484873,4544105.765423386,34.37904154090384
5117,90,790263.4500528879,4544113.66973931,28.848231788098346
5118,90,790199.2477845956,4544126.777068693,54.19437254582746
5119,90,787380.808270166,4513006.360227182,518.4845285062048
5120,90,790117.6395641542,4544146.323747129,38.68275605984897
5121,90,790069.2936871304,4544152.603664008,34.8124321189273
5122,90,790008.2732293084,4544134.056492002,82.10811129173766
5123,90,789683.4958716936,4544064.5988901965,29.917737339947653
5124,90,789568.9341666378,4544114.4439054625,70.55043459109491
5125,90,789417.9631673904,4544160.540945159,47.44491386982714
5126,90,789287.1003985549,4544104.492250891,21.50592000115033
5127,90,789196.2063150473,4544052.043153527,30.720378978945305
5128,90,789142.0392769452,4544020.490470199,41.56680406928538
5129,90,782509.6691417699,4512146.669390485,98.32406096804827
5130,90,783877.8498762859,4512243.8444302,113.29729791905903
5131,90,783669.4302319803,4511971.466713972,353.5348712586276
5132,90,783822.2869409046,4511896.3356725285,245.6485726441664
5133,90,782976.1273415184,4512076.989785914,236.8409642888145
5134,90,782981.7068730574,4512044.3973039,49.623681507847685
5135,90,782860.8979096193,4512067.907814702,55.291266295408164
5136,90,782788.612687453,4512079.568460474,43.68140275827285
5137,90,782705.9068871841,4512086.755447437,31.09662607970832
5138,90,782683.2760256213,4512140.415459844,86.01143316479695
5139,90,782619.3776755567,4512138.778609931,131.75362737080255
5140,90,784053.1737099369,4511845.21157294,146.81173246169746
5141,90,782367.7253727788,4512170.662048358,142.63361249707242
5142,90,782237.3284542982,4512166.457641013,227.889518606789
5143,90,782142.2418761845,4512186.505371429,121.4867197353133
5144,90,782016.1137703331,4512179.768227109,246.70687086174004
5145,90,781797.9873648885,4512204.224047185,555.613528236718
5146,90,781686.5237135562,4512231.765649838,108.26859079170474
5147,90,781526.4285258368,4512246.140290435,241.49961979301963
5148,90,781338.2048802344,4512186.48443447,254.6755751973197
5149,90,781148.5884115524,4512153.6278258,276.4071572872341
5150,90,785555.7559870613,4512182.712597997,344.96294912305825
5151,90,786858.0625060031,4512795.442498516,622.2742671325337
5152,90,786739.9253304991,4512726.963666707,234.90345835178377
5153,90,786666.9695846064,4512660.083090536,155.15432636881897
5154,90,786487.4824151346,4512556.054050577,716.2498850418632
5155,90,786430.7881963652,4512495.686670208,303.27171526752596
5156,90,785978.2613965656,4512191.632054996,225.86566850012025
5157,90,785823.1669775118,4512560.955004994,158.23727542944954
5158,90,785752.746890228,4512550.894982566,157.38267742584847
5159,90,785703.8222642152,4512365.200846101,108.5612097146564
5160,90,830722.1426714698,4547047.967976616,268.415498356038
5161,90,785445.408582993,4512091.7085086815,231.9454872631192
5162,90,785305.2396962144,4511998.441885939,207.37559470746876
5163,90,785191.9775913706,4511895.195692842,295.80023839146446
5164,90,785130.9843941106,4511824.68688402,231.23436486587204
5165,90,784944.9552237712,4511793.695567428,456.46117261350804
5166,90,784799.6590149665,4511779.868356779,454.224464815318
5167,90,784425.0885994291,4511786.548743001,171.68621396110902
5168,90,784303.11356881,4511801.893644742,249.5943972970302
5169,90,783951.3263430118,4511852.883762588,281.3458185655781
5170,90,800630.5320469276,4508946.7489820635,312.5760236004696
5171,90,781090.7439665425,4489687.977773998,654.3880997922361
5172,90,795466.6303984668,4510242.780511948,284.5165011186257
5173,90,807949.5106764307,4503876.537316358,1076.0557547127225
5174,90,796099.019056581,4510083.804085471,469.90531042391484
5175,90,797227.9587200469,4509835.511274477,403.5702242932963
5176,90,797758.0608888791,4509496.4480420025,279.29416949200083
5177,90,798932.4423793542,4509402.947349663,545.6213345738615
5178,90,800015.1551839698,4509216.607265947,340.16233927463526
5179,90,780310.4303554524,4490790.306907388,553.0095172090258
5180,90,801042.6366347075,4508724.037877175,185.88811530248634
5181,90,801757.5359183133,4508308.715719966,232.76115255632553
5182,90,801006.7562134297,4505684.724108956,193.44363628054683
5183,90,755412.1681330929,4492825.8948861,94.7353343984492
5184,90,769311.706009588,4509671.980881017,279.4623217686184
5185,90,768617.2394889072,4509781.541004718,815.0982436318637
5186,90,767889.4831704014,4509700.6026888415,723.4004989571963
5187,90,805768.8240722589,4528693.950075152,321.3121582066756
5188,90,780356.7182111996,4490548.800696922,564.5013258763565
5189,90,780041.4601559987,4490281.602332177,850.1256759631834
5190,90,781446.5595040969,4495315.737081915,3433.4820045999572
5191,90,790823.8427049092,4478144.425785518,1224.6375304143862
5192,90,794908.4705980634,4485854.728174795,211.2440102311979
5193,90,794592.5744122512,4485603.9131345255,158.84299219369214
5194,90,827536.5775373384,4544028.854194493,217.29536758864236
5195,90,825867.1370368361,4543511.443060068,558.7046011244634
5196,90,820540.5118288905,4538874.633161065,229.3472918524543
5197,90,810963.9177265038,4548036.972531172,129.5247828346528
5198,90,812317.1495905182,4547381.062160368,241.8364108993822
5199,90,804216.2649176109,4534333.762667145,252.5487471591149
5200,90,786154.7538157734,4482552.043948351,971.948505307716
5201,90,806141.1308682135,4529280.395543562,287.9031385755446
5202,90,774841.4973314839,4478208.230034358,280.3220605132473
5203,90,792985.504264753,4510077.210913582,531.6860752807484
5204,90,800414.4077833814,4505610.071206174,274.4468575896775
5205,90,798769.1133044977,4505832.304875106,472.9810901713204
5206,90,799199.0076384741,4504706.180797984,225.31317689606186
5207,90,799960.6693681044,4504020.43289998,193.46421530824082
5208,90,807348.4696497438,4503495.779227645,451.4809224138276
5209,90,807507.1253681273,4503401.168064156,654.8450800336332
5210,90,804137.4605841561,4504367.871620058,207.68105199443954
5211,90,802384.1429014644,4504973.1482547,482.37625727431407
5212,90,803438.6957047308,4504701.678036669,506.92919598246544
5213,90,801100.9681648395,4503264.652647858,380.53656536620844
5214,90,800851.5329019639,4502945.72680799,207.43865577990556
5215,90,805140.6450468038,4540213.192927628,120.30916268499365
5216,90,804323.2439808892,4540688.3549783295,261.4875169727543
5217,90,795672.4254119733,4510207.781430479,402.5449157394739
5218,90,802180.65872556,4544083.597886753,211.77738264623508
5219,90,803513.1622485318,4477940.5239303075,808.8744198717577
5220,90,792225.094955734,4510480.949433909,295.7532444973815
5221,90,792499.5558358878,4509497.642078884,163.47638852552134
5222,90,790042.3024184871,4479534.737395276,1198.285122019708
5223,90,790300.7101462547,4478555.206399338,1062.1729038294795
5224,90,817671.8633049179,4513529.317326476,225.98891838134688
5225,90,816555.4095463714,4512936.607253626,467.71419112064865
5226,90,812025.353760184,4506941.440287204,270.5905776020531
5227,90,811213.6121735255,4507220.686349866,283.93006456389384
5228,90,810738.2604209548,4507464.510278211,230.6953588944129
5229,90,810222.0820114856,4507606.996478522,242.4240813415144
5230,90,809450.7405491956,4507847.458083691,205.72863027059776
5231,90,808692.3789100848,4508191.791496285,465.8247907758023
5232,90,808169.85399119,4508912.915959963,833.6185514650956
5233,90,804624.4851054493,4533839.0073275035,297.45177470448624
5234,90,811944.2534599953,4510815.702493824,407.9772706990745
5235,90,795728.4639686873,4477194.097925722,696.8034385075405
5236,90,792551.9966388606,4525478.449082062,15908.637525576938
5237,90,775624.0793974105,4526697.516791209,12388.219724314476
5238,90,798478.4511811956,4543156.899183257,2444.662545432821
5239,90,781385.6325536665,4526761.959095838,16257.55282441863
5240,90,795308.4591011554,4533603.4220450325,2018.3836871266994
5241,90,793744.5031598916,4534503.809520001,4208.366375648121
5242,90,792300.1780096692,4532561.808822855,3987.4085492844556
5243,90,795347.5150695031,4477197.375135247,676.6644234007942
5244,90,792243.195467199,4531292.267239305,14575.340135442204
5245,90,797553.9786110426,4477746.85047539,845.136663673374
5246,90,799523.3399129262,4477906.234952585,554.6941992687827
5247,90,800327.4537382365,4478094.8418878745,468.47445999757963
5248,90,800719.3786699488,4478399.648984438,624.9739967998861
5249,90,793238.7953648207,4555975.466388211,3543.5471095777702
5250,90,803545.596308234,4556168.0984658105,245.9091464404383
5251,90,807538.3179521388,4557825.375338279,3650.0030558980056
5252,90,807958.3047675005,4558276.788082525,4078.739211953534
5253,90,793098.1630644727,4533420.899780546,6989.690264135774
5254,90,779378.3394642163,4538766.021485702,15766.497046575896
5255,90,778738.0946189872,4541533.746480379,7937.729369521618
5256,90,787416.187098448,4553908.749133011,8064.446664610434
5257,90,787015.8162824564,4553599.861201405,8890.220351159142
5258,90,791530.5719318726,4555625.6090978235,4758.532618497295
5259,90,754179.8749134976,4490303.518808706,76.46721413109458
5260,90,798767.2192749073,4467524.466495468,146.65945816198126
5261,90,802798.6704834003,4479275.315638365,61.45816163494407
5262,90,798780.3025677537,4478615.056875862,408.4495584308836
5263,90,809505.3344932232,4516696.60549805,7685.2434618562265
5264,90,810616.2588589006,4555775.387942235,2430.0753417089063
5265,90,805920.3851618532,4514462.789357104,8592.341395419333
5266,90,796637.7222752795,4512674.068378498,9302.244711426512
5267,90,803020.9726410828,4545228.713247223,4177.07474842955
5268,90,802706.0185649906,4478060.269572556,407.4237320257812
5269,90,801793.5308074637,4477961.60364488,567.1947598782248
5270,90,801057.9519868142,4478414.380887939,362.96869058926745
5271,90,755780.867889768,4492597.321103847,160.66960016245787
5272,90,760839.9479136169,4494215.699718509,367.47296754754336
5273,90,761085.5670007125,4494478.746450814,266.949088799358
5274,90,761463.009850747,4494628.279116918,360.0833161860197
5275,90,762278.8128036635,4495487.852658936,470.43803062570794
5276,90,815490.3935502057,4499049.611739687,97.99266591276194
5277,90,801929.2308776646,4503501.21199338,269.698543625058
5278,90,807176.4045635602,4504331.455047587,3229.293783861975
5279,90,808465.728546654,4503397.750126657,1036.0321832433472
5280,90,795432.6889686882,4540381.367165783,3136.1671633614856
5281,90,781511.0156140323,4489094.102678499,654.7141837764439
5282,90,801338.6900333618,4544224.226647568,2190.4126944158643
5283,90,812515.6399728484,4510929.0233480735,390.39573481087314
5284,90,822755.203680931,4542824.853611991,678.3338361472021
5285,90,826839.1259681712,4543892.512158565,231.97402546476087
5286,90,827245.4704034314,4543982.778057205,360.5413661125708
5287,90,790240.7312042116,4480527.716535444,1340.513981717609
5288,90,790600.1387380254,4481349.716271789,1484.0571813231109
5289,90,789824.9688758975,4481995.116276397,623.0312358218395
5290,90,789445.9715123047,4481943.785014246,948.6794972069242
5291,90,788906.4644558553,4481823.9208047,787.5572842825869
5292,90,788400.7277812958,4481794.415460961,628.2312574665444
5293,90,788052.9181802779,4481966.70502047,697.7072869059316
5294,90,787388.4497105561,4482025.720646237,701.1375365705594
5295,90,786431.701034317,4482493.941567519,722.8592073021629
5296,90,811034.4286960339,4556265.677623746,1069.5200272958962
5297,90,774875.8093049023,4477981.273537116,187.146902823086
5298,90,808686.4946459411,4557352.6320214635,3610.2238913233136
5299,90,792090.7624744009,4537001.024144536,285.34824725153453
5300,90,794897.5209325739,4548937.879960259,255.4468732705866
5301,90,802476.9635985768,4547886.96825077,287.6075608723079
5302,90,797006.1309378004,4537048.362974175,429.8797161475052
5303,90,795093.2752766822,4536611.297268702,235.50352748756723
5304,90,795569.887868431,4536801.508412709,225.386798662101
5305,90,794114.7179251146,4536557.433675378,254.11425649167955
5306,90,793269.4995372286,4536154.358026001,535.8306813942896
5307,90,793017.0094067232,4535582.883214494,630.5332206561225
5308,90,795718.6082730575,4545634.436254652,326.3063910448444
5309,90,791729.0765564691,4537445.408759459,123.28896791092416
5310,90,791984.6584253833,4538010.331887096,283.36990050655373
5311,90,801169.5223146903,4555043.836404225,299.19648553940397
5312,90,801458.8027709774,4555245.4739700295,174.69705669100358
5313,90,797838.130400925,4554544.5947271725,289.1933153467537
5314,90,793721.2979082016,4553654.409581685,298.9347457969563
5315,90,793477.2292480227,4549734.058317979,275.32214129636105
5316,90,790855.3742984217,4553217.209642237,215.6906621567241
5317,90,795340.368360577,4545282.265009403,399.0195180892877
5318,90,784927.1326910447,4555749.92982026,351.2914930396203
5319,90,784464.025110062,4556370.340449761,238.79194717855754
5320,90,783619.1328061585,4556939.927453656,382.46436119133443
5321,90,799104.0385451061,4555378.441781901,309.85533748618855
5322,90,796915.779824988,4554479.430077752,440.17392796437696
5323,90,796024.6382706211,4555338.333472326,269.75966162665674
5324,90,796775.6065659476,4552041.757224296,538.5721661850255
5325,90,796542.7711699492,4550359.740360987,314.9120633354731
5326,90,797082.3069406092,4549623.224455654,339.1236749272862
5327,90,797046.2020314548,4548397.4741261555,409.51978840007655
5328,90,797500.7518673565,4548131.069475586,354.02354419473795
5329,90,796008.7606371613,4548412.867946684,294.1422017838513
5330,90,778744.8387908034,4552199.201011948,401.53568126881896
5331,90,793032.4170389834,4550420.728260576,499.8480335757093
5332,90,790878.0379291109,4554929.141094905,1074.313850590651
5333,90,791768.922479158,4539683.633006536,407.9379887996456
5334,90,790916.2605711182,4539259.343218841,255.07991948142651
5335,90,792342.645201509,4538641.952688386,431.0893593131086
5336,90,791930.3369254695,4538956.514034699,549.4239624943243
5337,90,792957.1220643022,4538191.742297852,261.05160685099816
5338,90,792608.7317264884,4538402.694921836,528.2812779097976
5339,90,787232.8105422023,4543530.560450783,331.6405205247735
5340,90,783117.3200991196,4542570.3667257745,405.85960024402794
5341,90,781759.450875536,4541222.103549502,505.783939406459
5342,90,782394.5011771548,4541852.35171749,243.57593481739514
5343,90,785268.26562826,4542464.888925987,375.3181466420133
5344,90,786047.6124419839,4542611.953455175,382.1019579785282
5345,90,787553.6924720637,4543099.370461725,573.0879551143321
5346,90,786087.2221319469,4542019.783280632,200.60728419281534
5347,90,786805.3460010588,4544757.659007519,567.4570804268523
5348,90,773528.9401561514,4552127.882125707,637.0262375427225
5349,90,786888.0769042097,4533015.013284205,220.88849353648055
5350,90,788090.3093073027,4533146.2691419935,349.7897591902658
5351,90,790131.1713527215,4533843.994841906,483.8302045256323
5352,90,791381.6658913553,4533109.612264425,568.4679101804452
5353,90,790924.5375574579,4533638.573044859,304.0961168563697
5354,90,789254.427595112,4533960.345542793,832.4930056552042
5355,90,787935.4409504436,4532329.140898484,577.7986620915179
5356,90,784821.3854398961,4546111.405678371,187.11363326439286
5357,90,785513.6049025179,4546143.634139137,434.68555127587706
5358,90,786137.7291264645,4545803.619794312,399.82661724475156
5359,90,787488.2513639331,4545547.273808089,425.67172981582263
5360,90,789057.4557115112,4545764.728952361,194.05577297373145
5361,90,789140.4252560557,4546110.4706677655,251.27893686938768
5362,90,789032.5007963576,4545339.654782596,355.30201569415146
5363,90,790076.558131234,4553678.314003824,282.84849151058563
5364,90,802180.4968041682,4543185.339700798,244.02069304139354
5365,90,815764.2163529577,4499591.993664427,700.5979071910966
5366,90,814195.9970700956,4499974.612819255,435.87896059691604
5367,90,813086.5595932243,4500353.661072238,825.2743673636081
5368,90,812347.31645385,4501356.704459052,796.353818966106
5369,90,827167.1618722648,4550356.432079633,218.2308519839145
5370,90,827559.8715038128,4550949.98707996,225.7607969932701
5371,90,826339.4536018737,4551718.577968406,143.97497448160843
5372,90,826561.805471749,4552551.96347525,205.2799352608042
5373,90,827055.9247426488,4551686.73311698,198.14013696504423
5374,90,827032.5169787676,4552980.713701795,401.9844279709578
5375,90,828973.132286984,4553007.710308266,319.6713371631546
5376,90,832078.2942714395,4553407.474833646,242.62540897263608
5377,90,831643.8025908003,4554045.218148124,316.95902259026184
5378,90,803333.988892,4542332.783337209,215.39487224578826
5379,90,832251.9220055626,4553262.98165941,354.3738043441426
5380,90,826716.1030310073,4498850.150948604,2774.373016979775
5381,90,802442.6418920257,4543062.414051719,214.07338312682472
5382,90,802729.2284195824,4542943.264096062,185.5006534325302
5383,90,816015.1554863027,4516208.587917968,145.43481109518478
5384,90,816580.0816277832,4515999.783595446,259.5360044319975
5385,90,831667.3126256332,4551208.571368035,168.724313900516
5386,90,830959.7878995419,4551279.184026001,290.404540095095
5387,90,828794.5357943818,4551252.412120667,102.7148143647354
5388,90,825952.2230668442,4553867.901076882,2985.778128468205
5389,90,824572.879083317,4553336.27878762,301.69866527619575
5390,90,823272.9986625047,4553401.025416009,940.7803662401468
5391,90,776042.0417731662,4482398.419939717,256.2474910840145
5392,90,776044.3346269052,4483120.838406545,407.26526920414875
5393,90,774884.6860467225,4483559.369548115,452.7430420891291
5394,90,807611.0836618522,4509216.420242234,591.1457614620631
5395,90,776190.3249240712,4484759.520249234,215.9742853584919
5396,90,835335.8504183025,4550019.003100453,211.05074175699116
5397,90,773766.1043419766,4551465.558410716,547.6811589564998
5398,90,776422.820953912,4553051.038541915,285.08778801909
5399,90,776611.8933067159,4553401.65387915,190.6565483771837
5400,90,822601.643902063,4551229.6237813,278.6287487755014
5401,90,801663.9129079394,4554908.969942648,249.95493250643307
5402,90,801886.8198943158,4554197.369886147,210.68533623168935
5403,90,802909.9356345962,4550695.407795878,319.26912264589066
5404,90,801092.9314303651,4548731.02244017,86.58985251992937
5405,90,801399.3046406809,4548582.851413543,189.2295300952476
5406,90,802595.9828800657,4549356.240964311,195.49867903272568
5407,90,802899.4993305146,4549764.019342018,432.11827625336855
5408,90,802716.6000130721,4551776.55514523,317.01262001844
5409,90,803313.9901460911,4547925.077729312,340.4248300398186
5410,90,832499.1580360811,4552837.2551742755,350.1212493638852
5411,90,801001.5760380857,4548605.519005002,210.40786551026994
5412,90,811559.799882169,4556293.676344715,2570.426311509016
5413,90,835562.5544289602,4550806.853038303,298.8353631123706
5414,90,835886.7795700326,4550763.332405208,343.83021377283194
5415,90,833630.2247637457,4551688.210539735,448.24854454687886
5416,90,832515.0023207465,4551476.704666139,313.41163833455
5417,90,782798.8892379373,4558616.431538056,243.97594275815547
5418,90,782007.3512922609,4556696.175849122,253.3039872757406
5419,90,781794.5991562221,4557078.640581397,317.57965205487506
5420,90,780736.8310222062,4555523.51391623,393.08641817744115
5421,90,780907.7253787653,4556017.393662272,329.22624976002464
5422,90,780151.0684307602,4554159.808343519,290.53164822438316
5423,90,779572.9742921372,4553611.779306776,359.6165084164172
5424,90,779183.831786455,4553246.947610084,289.07354042284163
5425,90,779094.1096611738,4552757.3531953655,287.76909867023124
5426,90,775705.3402945814,4484065.147344185,310.945421078992
5427,90,773582.2402655921,4549995.825519956,354.889224242658
5428,90,803077.6809706888,4516776.420682296,8619.287938739979
5429,90,781717.9224604659,4500322.505282892,599.3287441931218
5430,90,781289.6018274009,4499519.81184696,2382.0885548373262
5431,90,781385.7215419195,4498354.098194535,4136.470248435631
5432,90,782024.0914246906,4498104.772360355,851.1475289937364
5433,90,794990.1888765446,4477265.886377451,411.0373050336172
5434,90,782406.4314830698,4496694.803209724,1030.5305983872754
5435,90,794625.576184711,4521468.980605683,14828.547947226576
5436,90,810810.5723212941,4517329.769550772,7197.595101161091
5437,90,781492.5075261834,4499843.342703276,2587.5721120843027
5438,90,802164.7042174026,4517388.871035956,10511.318403478741
5439,90,772974.2281994688,4510540.093959507,7805.903210210789
5440,90,768834.2217929815,4510897.71169615,4873.076630462718
5441,90,767562.3007055713,4488414.456305551,3675.084469152515
5442,90,765417.3346033312,4487921.712546472,3321.9192742786367
5443,90,811997.4465721231,4501237.103845385,516.9828591791666
5444,90,809722.8369111643,4502834.00643857,497.10593912288414
5445,90,810103.8481425244,4502734.897310164,572.9051801380954
5446,90,781351.8093420755,4500591.076846145,3695.1050942471616
5447,90,781742.2349069956,4500989.207135446,1242.0009530038199
5448,90,781191.8620504806,4502123.614166805,3230.534395779144
5449,90,781454.8337918826,4501755.120032025,871.003009266016
5450,90,781709.2950223458,4502651.00360538,2357.37522262963
5451,90,782181.7732986973,4503969.8760365145,3712.7863365566996
5452,90,782297.4666362286,4504618.513793644,2914.6369027162505
5453,90,783136.3301058691,4505775.4683251595,5798.763190983036
5454,90,799718.5306918423,4505284.255827385,366.7696846152997
5455,90,792410.3298924064,4555990.0359245185,3331.3215575801332
5456,90,800943.8442293858,4505462.233598674,409.5096554490317
5457,90,797355.8512900808,4536735.183592746,305.05643213369945
5458,90,797788.2599939298,4533982.993737798,486.299349134895
5459,90,804133.2641085535,4549141.638875642,3311.7643312124337
5460,90,798580.1350482177,4554635.157105655,251.97510412562283
5461,90,782675.3206625385,4526133.686615055,3061.722967101167
5462,90,783330.2724769104,4516583.429447664,792.7351033832795
5463,90,783041.8540360841,4516548.878331469,1315.731808508098
5464,90,783522.3720866485,4517534.643973944,4033.752303445383
5465,90,804249.5916028483,4558199.032531576,428.0172079181496
5466,90,807350.8002524585,4557371.875734254,3960.8282797399484
5467,90,807996.3730728308,4557510.458539588,4432.490659614725
5468,90,816532.4894168731,4554581.026857493,3897.289635272783
5469,90,815157.4196437816,4555119.298724713,5872.477704385147
5470,90,816773.7031649427,4518974.64786594,2616.831440198041
5471,90,807585.388420748,4520065.771357069,5279.208626874751
5472,90,792545.2196083068,4530122.670117815,3834.8100222105913
5473,90,812499.4137608904,4517931.582322189,1580.033278760627
5474,90,783400.5114651045,4505087.243087669,528.7453625794046
5475,90,786959.2762244137,4518707.115810833,1370.7590200284455
5476,90,782654.9982169883,4524826.601262285,2963.7408862653742
5477,90,798721.7718170529,4555119.674605183,318.2834872338831
5478,90,782740.9848594592,4525408.623851981,6156.757029521438
5479,90,778685.6784946804,4491869.354039616,2721.8018168613075
5480,90,779019.4447423102,4491660.027394747,856.8640553230983
5481,90,778440.9106763388,4491184.095669182,718.4435092974786
5482,90,775640.1383658614,4490070.078625946,896.1211874709005
5483,90,774063.5459668189,4488996.558900463,678.7741773522991
5484,90,772511.009867246,4488564.92022855,577.0572876550193
5485,90,776292.5761463738,4508998.821057168,6577.5675239760285
5486,90,784954.5889237755,4511309.619730882,5297.504816217529
5487,90,784599.8387097941,4511769.932722104,5126.213592110814
5488,90,799976.8060682822,4505425.972356168,454.3280553947393
5489,90,780809.1673390509,4514597.34837267,2726.5182436230884
5490,90,801822.2020396758,4505211.646149135,601.2401516769487
5491,90,804236.749615507,4506837.221558527,3519.086421267586
5492,90,807102.0675702032,4504111.777330746,955.361671837145
5493,90,814306.3964061744,4555518.225494176,417.2249545227595
5494,90,805916.4434965192,4541260.592950409,409.2330866688428
5495,90,784113.3865912933,4551656.01789634,345.35445094283
5496,90,830758.5201990653,4553594.156511559,2166.7199508905114
5497,90,830831.1324917132,4553670.371116388,297.4149796312809
5498,90,832765.6209545918,4554149.09198364,697.0255503917563
5499,90,832836.8030770882,4554111.470031681,380.6329503585295
5500,90,831213.0563964994,4554011.656070919,430.8586334738486
5501,90,831100.5233811429,4553747.15620995,1542.6578566135609
5502,90,831072.3635046933,4553657.798983037,3060.990182436219
5503,90,830072.023010179,4554077.789955992,5088.286041987962
5504,90,828504.6481260323,4553894.518317814,4376.008363466084
5505,90,827468.8797571854,4553881.228742946,10428.437965452027
5506,90,826173.9158850882,4553870.0874853665,2969.0011311680196
5507,90,824912.2283019574,4553860.143564562,2009.6139135079834
5508,90,824487.3580316462,4553855.364557887,3781.166767135786
5509,90,805853.8157784072,4542277.889852767,146.97318520861245
5510,90,780704.5780688045,4546184.773231189,438.52150789268575
5511,90,779907.5619574973,4547169.775125996,553.5087498449969
5512,90,782999.6068819782,4532326.886147042,192.513496943448
5513,90,789271.2101607572,4550027.074313782,201.0506196400281
5514,90,788240.105793641,4549719.802868174,291.40376465055215
5515,90,787850.5545284379,4547195.794328075,620.7371253718519
5516,90,783555.6639435203,4545993.095646887,422.4571363002428
5517,90,781881.1643188337,4545727.233730899,454.4234763354959
5518,90,781588.3007787586,4545803.559014311,326.35865628261166
5519,90,781115.4455403743,4546053.340783442,695.4696672879154
5520,90,792901.090304757,4540503.484092019,215.7234884910291
5521,90,833210.827219933,4548330.327238321,210.48761723819914
5522,90,832343.8489427239,4547685.60217004,156.7511826657538
5523,90,831420.1282221053,4547277.678402872,190.34243476028476
5524,90,830956.5815006577,4547016.797395498,402.6846515045918
5525,90,773295.0422116844,4489625.058473775,3753.2765751328634
5526,90,798319.922178962,4554469.766304786,216.3003246513363
5527,90,789458.5518954208,4544154.778881588,179.79720481600816
5528,90,788928.0649370959,4542853.994998787,79.31744762154925
5529,90,789939.2380217032,4542795.644855486,287.6461255693878
5530,90,790455.0419346774,4542223.315861505,315.8721948503477
5531,90,791964.395529498,4543856.030120913,325.1028887427965
5532,90,794670.3246290716,4542377.107681358,340.85513899080706
5533,90,794785.5598403695,4542991.055785577,602.7661409129794
5534,90,793900.5747712394,4541162.552580648,286.86053268403475
5535,90,793335.9471998572,4540929.739303776,292.0690120262405
5536,90,782392.9636882801,4497022.242874663,3309.1463383666814
5537,90,790525.5108979793,4554711.678832327,3855.359325865369
5538,90,763866.5812939783,4487993.23545603,3811.1652731844642
5539,90,772237.6496722304,4489439.931487328,2983.3212147839386
5540,90,771836.1939169917,4489368.968704467,3359.5166136990474
5541,90,792829.0984620159,4513486.028620352,3805.8972412346584
5542,90,774429.5630756416,4489822.866573902,3875.1935551533543
5543,90,777052.348610707,4490632.567211371,4133.253655555881
5544,90,777744.4772717294,4490779.819504725,1105.4700277131737
5545,90,778735.2162301469,4491407.4255950125,1646.8542300990025
5546,90,779331.9396075375,4493050.02139498,853.0608458227437
5547,90,779421.2525542588,4493317.615629389,3611.205499372754
5548,90,780077.9635809312,4494132.879441927,4826.235595845227
5549,90,781118.1695146478,4494577.6835445985,1428.7379927486645
5550,90,781627.9006575156,4495322.512981748,2466.43624949677
5551,90,828853.84252712,4544430.122057642,423.8939128299172
5552,90,796916.2833462395,4537155.178756633,282.14283205517194
5553,90,803267.0658605455,4543594.128527757,237.25819075492652
5554,90,803252.7495350654,4543966.582975465,92.74532444204351
5555,90,806032.6992607017,4544229.308891706,88.57336929061061
5556,90,806323.6470692944,4543725.65291916,131.27641111810814
5557,90,822400.3166939212,4553844.188087728,3069.833495296542
5558,90,774093.1914933949,4508977.215940007,7267.729203788131
5559,90,774551.2344890778,4508657.3437217325,5547.030104900266
5560,90,793644.2520809,4529630.0001684055,3051.1972712022416
5561,90,799526.5110713254,4513233.442337169,6434.3720789918225
5562,90,799048.5350511179,4543356.38869876,1921.4203311509602
5563,90,804598.583935732,4549889.8978282735,2538.704983231276
5564,90,803855.2292397475,4546985.995050305,3153.8249808501864
5565,90,805806.2798779702,4552107.487849372,2624.341280918002
5566,90,772158.2321902881,4510431.629379499,4047.0186282264767
5567,90,825179.7572384297,4553869.819011147,2596.0422216780926
5568,90,828548.5938163059,4553892.660419386,2694.973642491784
5569,90,830643.7116806612,4554154.884076242,2007.515776150817
5570,90,784052.5060827356,4526395.028161065,16825.934411099563
5571,90,785910.5764207523,4525395.269754364,11971.300140097173
5572,90,788732.4127290563,4524098.334469918,17330.90021655665
5573,90,804643.3051428512,4516213.58284609,9924.92634058785
5574,90,782279.5714761479,4531939.1218245635,2040.114893861528
5575,90,771049.8861178491,4510823.073595389,3782.174915520517
5576,90,767242.7578284184,4511093.803110319,2957.655251321851
5577,90,770514.5149966478,4489136.844471564,3749.2665795065836
5578,90,764714.5508773386,4487907.815606941,4673.517147518476
5579,90,763067.2468495531,4488005.1179474685,3389.47626736669
5580,90,761235.0696316992,4486970.543277154,6913.206485756911
5581,90,759884.6074481588,4486156.663927297,6288.101619923364
5582,90,758855.04813437,4482892.357429157,28341.582306028653
5583,90,788735.486552659,4518822.292412191,3680.8365380209016
5584,90,779102.1331226266,4526627.477780919,10899.279414008228
5585,90,780296.4615345336,4528392.272081639,5245.828106088945
5586,90,827396.2623183127,4553889.083831637,946.5949168591053
5587,90,782308.1846776821,4529768.025896349,3500.192750562628
5588,90,826159.5563558947,4526915.481626676,1533.0147889039124
5589,90,825749.5146296315,4526862.285636971,2636.999208464852
5590,90,793820.4165646823,4535099.487720018,3018.251405929319
5591,90,784215.1144731308,4516037.99864828,2552.2478402680435
5592,90,794458.6550176112,4513098.856701632,5932.72070994573
5593,90,791329.7709369614,4513395.807172428,3458.8693412640337
5594,90,789352.9993361819,4513124.660445209,2553.6239106652324
5595,90,787796.5065179486,4513069.806597546,5591.1063729061525
5596,90,786224.1292818028,4512354.820990444,6543.136513205878
5597,90,798555.139180537,4513021.600527634,5101.089707528286
5598,90,800960.2658772323,4513748.565782544,5836.389321224633
5599,90,801081.3767840918,4515141.033384594,5151.869313007974
5600,90,800504.6551023892,4518257.134039514,25819.83756492965
5601,90,796408.1174868554,4520742.936070036,21671.38364611486
5602,90,783075.9833043552,4527446.203047029,10824.928842301711
5603,90,798127.841688997,4542976.407908963,2406.1200148561593
5604,90,777943.7188144069,4526631.829580197,8220.534802436005
5605,90,793973.8694295322,4526896.061030187,2956.5760354926747
5606,90,783424.8517076384,4515035.8348057885,904.2096318809383
5607,90,793844.120084779,4537022.94249675,2586.960137714257
5608,90,794910.0504113121,4539599.175398281,3284.71053071593
5609,90,795215.139508528,4540854.633047466,1963.3481247874024
5610,90,795932.4953877983,4542234.885974234,3719.849463330054
5611,90,800261.2681899136,4543424.728506366,2724.0084491447788
5612,90,817133.7761781301,4554344.180736972,3060.9597959326657
5613,90,823248.0503840836,4526566.565080214,3984.177130081654
5614,90,801930.5210576153,4544524.59273544,4093.1661423319647
5615,90,806577.0890935282,4555311.631021045,2112.40401521354
5616,90,806161.3845306422,4552703.060164309,2739.658664046874
5617,90,805424.5515624761,4550742.197365763,3378.0225927404217
5618,90,820670.1931497563,4521359.952361314,6979.463316885454
5619,90,781463.6714645494,4527924.151308828,766.4552236757335
5620,90,807530.9773262144,4515710.224757845,7681.633456711759
5621,90,781993.3728442458,4530712.0532076955,2768.3169466327204
5622,90,782518.9052050158,4519219.07801801,932.8864164277851
5623,90,808560.9792682428,4516291.536642611,2488.8583422205543
5624,90,808012.7293197302,4516085.782543548,3081.3220307866436
5625,90,811983.8854721418,4517821.572434986,1966.503025242832
5626,90,780098.750056138,4514899.963276879,4407.457617684355
5627,90,804679.7185817986,4519079.1409413945,4031.280278877397
5628,90,777907.5111037382,4514878.579861055,3504.1255363427567
5629,90,776127.8042672655,4515182.4530155,2962.0574640719833
5630,90,774922.5382070881,4514601.1498016585,5447.938197502539
5631,90,807969.3547066632,4516257.728672342,1898.9857813962628
5632,90,783269.805543619,4518860.376556768,655.8419072158447
5633,90,783930.003142779,4518550.846692686,4712.163372419622
5634,90,784324.543516491,4515367.734743952,4945.876513031596
5635,90,785547.5175104158,4514864.274925518,3323.040134207573
5636,90,820630.8730932985,4525350.637993266,5641.196215197761
5637,90,821854.5618308332,4526184.304318291,5135.215214150014
5638,90,818530.0485993501,4524846.573572983,1405.7585261167198
5639,90,822864.097947013,4522245.937687809,1743.129577140247
5640,90,807562.2993099659,4516158.654946526,2264.5788265858423
5641,90,805061.3407987676,4514224.112474746,2228.337292862993
5642,90,803051.2853500125,4513759.537210238,2494.5421160105598
5643,90,801912.9195677957,4510811.3834835775,3923.4393209819273
5644,90,801411.2953145364,4511746.157919457,5586.2854059065485
5645,90,800540.0750842118,4513368.421534069,10139.937768481013
5646,90,793960.7848602908,4537631.327213935,5134.4883812307735
5647,90,797164.7501181823,4542648.630018547,6652.4827768367395
5648,90,803784.0861788102,4545904.680926563,6078.7725585534245
5649,90,803966.5292321505,4548254.181859205,3930.6094221691715
5650,90,783388.7587831441,4511989.964668226,9866.87855180353
5651,90,782752.8536336279,4533775.453157429,4587.5766482819035
5652,90,783616.2443938685,4514568.478528518,562.6284632461958
5653,90,783358.7328472516,4514531.165918297,874.6859303179139
5654,90,823191.9453564612,4522359.57824338,1678.4845559505134
5655,90,813028.8406171028,4521978.206220538,2207.2786341928404
5656,90,815962.2370167415,4523490.554662202,6364.176538499735
5657,90,819018.0401043944,4520216.2523237,2023.0977723085605
5658,90,818297.2992547898,4520116.073607516,1045.1099418526069
5659,90,817666.3954792513,4519864.25966797,2407.483945813478
5660,90,817350.8142689149,4519574.497139056,1478.1124191642766
5661,90,816243.6465709371,4518613.854503373,1634.0196204973597
5662,90,815553.3688977533,4518323.43015227,2212.042343948058
5663,90,814603.6611165872,4518160.36703955,2772.523087880001
5664,90,813158.0213414676,4518009.577977817,2999.4901727878805
5665,90,793819.6450020565,4521794.348716743,12179.393182538024
5666,90,791853.3651058034,4522840.457423685,10230.970501368567
5667,90,778893.0236397187,4515023.670864568,3069.3762648623956
5668,90,787168.4584804068,4512930.629302724,4571.801674753361
5669,90,782277.6919813574,4515851.5128022665,2063.126967759494
5670,90,784874.5468723581,4520784.058806648,2609.983829227913
5671,90,776935.4488957971,4526659.86355525,16924.607250890036
5672,90,789380.0243531395,4521324.7136530215,1480.7410777523446
5673,90,798590.787105593,4519282.61483954,17524.852252137614
5674,90,831978.2486894478,4554262.509939375,846.4721932172619
5675,90,781498.8746383274,4535258.623217616,4367.4848302361315
5676,90,826270.4619331926,4553878.914952137,588.7417848349844
5677,90,823692.9802947105,4553862.190102137,640.2759464084706
5678,90,821171.305392265,4553827.350596989,3458.9818665153334
5679,90,819965.3909249132,4553581.042209776,3539.2848324730935
5680,90,818205.779295836,4553850.727099192,4789.989598868947
5681,90,812281.981690027,4555942.030057239,3703.7862528416654
5682,90,812617.8133654462,4555780.423779559,4054.8024356717806
5683,90,813389.5885494604,4555403.813283815,4104.284515609716
5684,90,783332.058424012,4528077.650649091,5267.618087373223
5685,90,782722.5239710615,4528786.8849149505,637.6991554980743
5686,100,787431.344447967,4556110.587703938,37.18140936960502
5687,100,787363.4442316433,4555790.948045956,54.07384211567054
5688,100,787343.7462312973,4555715.486025448,30.72190311973004
5689,100,787324.5893156839,4555610.017559741,16.887941644315166
5690,100,787306.7464646483,4555517.470707171,23.283342807265942
5691,100,787293.4471721172,4555437.033575799,16.029258364077048
5692,100,781864.5606298535,4562605.996891892,14.44669012748765
5693,100,781845.6986476886,4562599.655966372,33.320931154625896
5694,100,781812.9663092843,4562584.800148271,11.26618578295573
5695,100,782059.2490721433,4562728.035421675,96.86720947802226
5696,100,788439.1188129159,4557862.090414728,63.58637870218159
5697,100,788384.0765994288,4557807.724562244,77.93843740854271
5698,100,788345.5563078782,4557768.095867918,121.89347804451957
5699,100,788294.9137534308,4557721.6617352255,78.78639407352874
5700,100,788236.5315754369,4557671.33078202,70.82013621033339
5701,100,788088.2427056562,4557540.126679155,93.48117413917596
5702,100,788052.6353801751,4557508.009950917,185.23039716488182
5703,100,787872.3097383843,4557360.595650329,163.79779965542193
5704,100,787598.9374475306,4557022.971796523,48.55244366065155
5705,100,787364.7902212966,4554233.549908255,6.473934923617699
5706,100,787378.5118991575,4554104.701749714,80.47961118558909
5707,100,787420.7317864544,4554039.486752052,77.03679690943925
5708,100,806227.6534226688,4558914.973127374,6119.949321911281
5709,100,806158.051658574,4558521.996859301,3094.0758145543246
5710,100,806025.1639200342,4557768.762364598,3307.622947051718
5711,100,819404.7738287194,4554844.870280781,455.46128067468806
5712,100,819357.4661275318,4554749.8474078765,575.0089507893392
5713,100,787447.9880110988,4556197.501725008,26.93464309019442
5714,100,787587.0213078044,4556968.646364672,21.78269740392239
5715,100,787567.9469199508,4556849.505927597,43.46815198904209
5716,100,787526.4398607718,4556640.188979357,43.10752649447615
5717,100,787506.1959212094,4556521.909889977,31.987565845893904
5718,100,787499.1122400777,4556463.4005543245,79.24585770780826
5719,100,787477.4839080558,4556368.557961926,45.14484726717575
5720,100,787469.2741541171,4556322.373542961,28.869571360258462
5721,100,787458.2119255739,4556249.5287063075,35.401372388325406
5722,100,801026.6472043984,4512724.288564618,72.50446237582283
5723,100,798989.0416587545,4514089.639821166,52.832000221831514
5724,100,799032.9823916317,4513915.956379621,65.62206015513519
5725,100,799060.9468806738,4513778.105250744,12.391276064837056
5726,100,799145.9334126232,4513727.898858829,30.289452759139802
5727,100,799284.5700935908,4513651.63479665,21.437978378570733
5728,100,799333.5471733816,4513624.17650763,65.08408543726146
5729,100,800535.6375394956,4513101.906954406,147.06380064502682
5730,100,800728.367518398,4513097.9869663175,134.30814319547721
5731,100,798801.8134745006,4514455.567573855,36.281173494373604
5732,100,801304.3695294734,4512036.149363519,107.40276356742788
5733,100,801345.0284817818,4511712.983857423,61.78290646273512
5734,100,801390.3885230434,4511495.542163901,102.448467043937
5735,100,801557.8361531689,4511252.37391817,26.24982621025525
5736,100,801739.8385202314,4510946.702017516,74.45094420917265
5737,100,801941.3772783991,4510542.453323261,174.3268794288224
5738,100,801979.7521203428,4510460.647972359,19.725080958631793
5739,100,802001.181686,4510134.245198634,298.6875595155193
5740,100,797685.9262449243,4515780.352747725,50.072819873684494
5741,100,787703.6575461904,4557214.603570534,40.090419105127594
5742,100,787612.9951153963,4557101.513370764,70.92427918445526
5743,100,797610.6703214922,4516970.539528851,160.9258405316369
5744,100,797602.7210656742,4516784.666771213,155.61799965617232
5745,100,797597.9796380986,4516645.317515354,90.18014775566452
5746,100,797581.092139511,4516546.416824359,91.5765354899696
5747,100,797570.3327489782,4516425.6032704115,96.61303028162523
5748,100,797539.9395501746,4516082.616274879,123.25775260880042
5749,100,787761.7832382725,4557259.434169207,49.92524037432645
5750,100,797823.9719617324,4515553.65909306,96.89909761672817
5751,100,798131.0167510135,4515311.236316832,73.18491825035791
5752,100,798200.2178986646,4515047.885360025,88.70198580553188
5753,100,798195.151024232,4515000.119345314,112.33176389192113
5754,100,798168.2012743201,4514736.612335502,95.18493935386141
5755,100,798448.3488004298,4514500.38324621,74.4754527778291
5756,100,798627.3615972738,4514483.815368946,53.75487300952305
5757,100,798687.6743515017,4514475.796664845,72.95901414981324
5758,100,798841.5163984194,4521226.2585057765,287.06198466790397
5759,100,799180.2661774319,4523072.112846484,162.66577912964914
5760,100,799130.8875705198,4522785.236664774,354.8914669315618
5761,100,799063.7530914088,4522421.438359896,166.90695106658626
5762,100,799023.0123667162,4522202.978299235,228.24692772660043
5763,100,798981.0978453358,4521974.688572477,183.61084340502163
5764,100,798960.3672829854,4521865.4184529325,188.32613529837755
5765,100,798926.4552372776,4521684.008366155,271.39403201587913
5766,100,798906.9231068664,4521574.200364464,320.0547154127384
5767,100,798881.1785300599,4521436.356376918,244.2270418100444
5768,100,799196.9667052875,4523156.438620484,109.21308720058582
5769,100,798815.0227600399,4521059.006251404,263.17596927992514
5770,100,798787.436562259,4520922.444456419,200.56979630617292
5771,100,798757.5881117664,4520767.458504756,177.24714008055574
5772,100,798731.0351096096,4520622.635576911,212.90670179739232
5773,100,798701.6477320516,4520466.01732193,232.9381349169902
5774,100,800019.733698122,4525463.8253864,166.86613633216842
5775,100,799982.708776267,4525408.010135599,191.92938028175297
5776,100,799856.4800707449,4525218.941418003,162.97977469164422
5777,100,798109.8569807851,4518743.896678135,268.50068043849103
5778,100,803175.9041971322,4508442.679155599,119.66843935319156
5779,100,798678.8495083498,4520359.822012994,394.8103523740473
5780,100,798601.7288687,4520140.378194653,157.9294938570728
5781,100,798546.1044182474,4519979.786876978,249.51397828156723
5782,100,798474.6454734721,4519763.086339037,518.382449854603
5783,100,798404.5172626202,4519568.883608948,204.45373734347172
5784,100,798293.3177079887,4519255.774951797,93.20651888214576
5785,100,798159.7145335153,4518878.033060845,151.31807562340123
5786,100,799788.1267103431,4525119.953917536,65.95988857455055
5787,100,798033.013431832,4518527.673767921,278.8442651589387
5788,100,797886.0874814597,4518097.9080680795,41.21581519062219
5789,100,797814.3036056027,4517897.633207155,76.25910218338396
5790,100,797751.7517716453,4517729.059255307,46.79253925165751
5791,100,797687.8585655473,4517556.961738302,18.4079516202261
5792,100,797644.4231621699,4517426.156301511,76.89260120941105
5793,100,797620.7864850991,4517221.495834429,171.95214464794515
5794,100,797613.3018085351,4517054.6918207435,149.83140548945104
5795,100,800122.3326584873,4525615.5848205425,68.8960354790243
5796,100,818995.6369805862,4554357.563712628,118.08282168439248
5797,100,818920.1975709435,4554323.437598985,41.68142166056647
5798,100,818762.3972162484,4554219.987956718,49.44905558505747
5799,100,818272.6390788611,4553534.2353010755,76.39960077979282
5800,100,818414.8428637997,4552305.43139194,67.25810030022672
5801,100,818316.4583017654,4552101.140375024,34.60156814736773
5802,100,818488.4174986915,4548820.76779392,145.95556466534913
5803,100,818129.433025744,4547978.470148081,20.844367600127146
5804,100,819148.8437295519,4554359.612258199,175.29231673984555
5805,100,800068.7571532821,4525534.676678753,146.33169197934672
5806,100,787294.7003219619,4555371.209612343,26.793138216356546
5807,100,787300.1487472339,4555312.164221024,39.635571097118444
5808,100,787310.3729525169,4555173.186604105,37.428401797727886
5809,100,787313.9634825627,4555048.196202063,28.069286443497504
5810,100,787332.7676534435,4554897.883490317,21.23750541946277
5811,100,787341.6579310523,4554842.914370624,11.849430619996328
5812,100,787378.238124201,4554633.907858934,12.969587264108917
5813,100,799286.9276075577,4523654.439789587,108.91353669017691
5814,100,799750.4818976698,4525062.13632298,190.34595302614755
5815,100,799652.4601332138,4524917.283680766,176.6543303919116
5816,100,799590.9978299262,4524824.604353664,233.20203226382455
5817,100,799482.7663690352,4524652.515168561,277.75456747458065
5818,100,799446.9560244522,4524532.790847945,237.97688087206527
5819,100,799427.4655573189,4524414.25878385,273.3898226277014
5820,100,799390.1125664272,4524213.325058807,347.1132311046948
5821,100,799324.4387333107,4523862.504339278,179.5078814981951
5822,100,787389.4193876904,4554553.558494547,7.0111587959256925
5823,100,799269.3920214693,4523553.994315444,159.97843087420813
5824,100,799246.6771283,4523425.384696291,169.33858025213496
5825,100,799220.3760262742,4523288.332042712,153.48808441453622
5826,100,819335.0054270807,4554684.950258043,309.69537207530357
5827,100,819314.44880724,4554572.644950136,296.7416410813311
5828,100,819287.8964543011,4554414.602838278,63.88772104992659
5829,100,819230.888349871,4554367.192268572,84.58898755744313
5830,100,819198.841153646,4554361.662758308,120.44085856590779
5831,100,792002.0557023629,4524415.921340415,485.9948499779024
5832,100,789588.1612194004,4521655.688752061,831.4545447371745
5833,100,789857.9351998518,4521764.663553933,1809.1467884596736
5834,100,789970.1965036857,4521830.537328635,2106.1585363779523
5835,100,790106.284216011,4522119.514726744,401.843605944992
5836,100,790241.4624393865,4522963.801619387,939.9463621381436
5837,100,790439.8793271162,4523140.727459081,611.8849558990428
5838,100,790856.168306322,4523802.157355719,728.0867451708773
5839,100,791124.2505752669,4523956.182009319,542.8400780164704
5840,100,791410.1873327878,4524114.040971005,541.4805950889848
5841,100,791661.3929293498,4524203.914665722,739.3753934258474
5842,100,789537.6670724459,4521506.984563057,706.3224415879965
5843,100,792246.2795825257,4524732.319869225,525.9031417345495
5844,100,792472.6106979706,4525079.250885088,229.4527136989833
5845,100,792790.2297510182,4525456.954258552,525.763336937351
5846,100,792992.9094960588,4525706.534906965,839.7912258228516
5847,100,793147.3718461277,4525818.082147776,1411.577690038708
5848,100,793387.9885647126,4525901.26900099,537.7330802542891
5849,100,793737.5480057991,4525940.1547862915,824.232165233009
5850,100,793967.0511055469,4526013.692907366,1147.0768002747957
5851,100,794056.9839069642,4526649.427688077,1741.6623552326714
5852,100,794078.614903012,4526806.048795306,1034.5802062726286
5853,100,789127.5704931725,4518462.151119018,867.0544596729566
5854,100,774186.127309919,4488601.613704711,2186.392943223852
5855,100,788885.3949615618,4515621.45601084,18547.0989184668
5856,100,788934.2977304832,4516036.236484464,8482.89951604677
5857,100,789254.2278458609,4516322.865139447,1189.440834053999
5858,100,789740.5626814072,4516682.94898129,90.73268865222656
5859,100,789752.3420143768,4517185.267138052,214.5354955241246
5860,100,789678.373215088,4517332.452943992,207.92147559571703
5861,100,789472.3984436262,4517487.9644159265,465.38282090635823
5862,100,789185.4688285588,4517703.652324396,499.721090877183
5863,100,788942.285623813,4518006.073719771,105.45531663536971
5864,100,794345.2842038915,4527078.133118514,806.5264523690238
5865,100,789259.2117117144,4518590.359765888,643.070312795608
5866,100,789422.5388218544,4518729.641952265,690.3176190260489
5867,100,789566.0779633676,4518834.88699352,593.5652700200534
5868,100,790098.0732019326,4519457.31531083,1678.0109955156263
5869,100,790182.968589664,4519817.639272957,989.7791662597741
5870,100,790195.313578009,4520187.943498439,943.2300706573847
5871,100,790267.2331831706,4520575.847930037,2014.410053281495
5872,100,790088.5536975705,4521062.849600452,882.394622847775
5873,100,789877.6815710333,4521211.041369398,1309.5793871745268
5874,100,798470.896088924,4529474.075197495,87.57217248349019
5875,100,796868.3185311427,4528394.926745211,310.915805379109
5876,100,796870.1553020695,4528268.776231482,328.22504898549334
5877,100,796905.1858747649,4528222.691479567,355.12383717231535
5878,100,797040.5060919379,4528128.89087402,541.0132154850482
5879,100,797414.3344462486,4528333.324181978,112.28666381062317
5880,100,797459.7751689531,4528592.922665722,609.8423862809923
5881,100,797631.0507846926,4528783.406003987,711.8937422591747
5882,100,797832.7785205056,4528802.074893042,950.5540784259708
5883,100,798090.0076421741,4528833.746936028,198.13416590605513
5884,100,798361.5586331083,4529337.084073097,204.53043126204312
5885,100,796931.8838374966,4528486.126430556,776.6352519466462
5886,100,798574.6184744922,4529596.613227411,234.05190362679332
5887,100,798633.1994692221,4529634.987681039,99.37149753585787
5888,100,798739.1502790841,4529649.630895369,221.62215487028772
5889,100,798982.969311172,4530010.670597575,404.86196039744345
5890,100,798992.6393233767,4530108.78153963,147.64491869531486
5891,100,799038.7957802927,4530178.802749972,65.84850679553745
5892,100,799091.6021975868,4530293.687278042,175.10356604910132
5893,100,799180.3693450852,4530393.3696510885,238.1819099171126
5894,100,799288.5410548925,4530500.352951205,121.3791538203568
5895,100,799353.0778141238,4530566.6369208265,196.3104294830913
5896,100,795862.7000435779,4528602.4143334525,157.01446726207902
5897,100,794453.4766481436,4527120.056400239,360.80033174067864
5898,100,794633.9517276761,4527169.69321498,454.9217538014765
5899,100,794659.7621154658,4527221.678221522,719.152358908866
5900,100,794735.3640736263,4527304.887562135,314.562446494177
5901,100,794840.4036046893,4527463.724827808,597.6257592115682
5902,100,794884.3835564582,4527626.5686320355,708.949153705784
5903,100,794937.3508507058,4527822.3904174995,702.4141460517219
5904,100,795374.2021969603,4528086.096174782,367.58538587303434
5905,100,795539.4986881429,4528347.530240255,760.8896042284493
5906,100,795688.423976591,4528516.552503049,228.8581838217413
5907,100,774015.6743362533,4488374.469609618,2849.0017558430773
5908,100,796053.5141640548,4528619.447842011,357.75905529112157
5909,100,796360.5384620299,4528666.243197547,96.2250513975744
5910,100,796541.6771651134,4529025.393979418,1622.425265907372
5911,100,796784.3456163361,4529242.2497902885,787.7389915327134
5912,100,796928.1323940585,4529220.130901509,383.44807482565534
5913,100,797103.7676742072,4528934.0120258415,444.433072773061
5914,100,797111.49568269,4528852.188612074,365.3805164787667
5915,100,797095.7609192636,4528823.729409464,117.9647418812727
5916,100,797034.7801676538,4528610.627969983,235.6071549764391
5917,100,785803.6402577378,4510220.0896400325,846.2290780579245
5918,100,786565.4800645725,4511732.100717602,572.3199826937664
5919,100,786227.6598834862,4511847.173098387,1413.9740915870627
5920,100,785803.1562956998,4511814.163291466,452.5002866194151
5921,100,785517.7570658801,4511650.319358105,712.6304531698795
5922,100,785407.4437862593,4511484.513323038,582.6898197168014
5923,100,785322.209274719,4511216.812655676,1339.0055478871118
5924,100,785359.7360113852,4511140.884852557,581.2566541682219
5925,100,785728.3678204103,4510875.974914639,931.3522214959942
5926,100,785762.9239602822,4510788.066164452,1836.1737552567852
5927,100,785781.4196969339,4510529.6764413575,1887.2835468392793
5928,100,786881.6790592003,4511377.739659802,1189.3110124288146
5929,100,785888.6340002641,4509939.166985274,552.7465343929159
5930,100,785930.722099002,4509776.104029958,1421.0531055757501
5931,100,786114.0976055263,4509483.778402275,1526.2809774692073
5932,100,786203.6016658662,4509417.6291645765,1428.7473122811796
5933,100,786149.6791650724,4509152.892467274,964.71968252429
5934,100,785961.4317550628,4509084.533840752,830.9160884295451
5935,100,785812.1511358194,4509028.694896011,1279.5921815405509
5936,100,785345.548612352,4508810.069352753,1067.3005854157636
5937,100,785156.4663453582,4508779.284140076,769.669500394004
5938,100,785021.9449915255,4508693.858222741,703.629051690294
5939,100,788807.4741372801,4512535.2461379515,1066.4899168830166
5940,100,789456.5243762855,4514503.506747441,1349.9937427018406
5941,100,789288.3344072414,4514324.777604552,1435.7793499518539
5942,100,789150.6045744647,4514208.585583918,814.9081140695334
5943,100,789033.9904095597,4514120.8951086765,726.5190277184804
5944,100,788820.2941959064,4513972.981901805,957.3166138943338
5945,100,788642.6063361344,4513756.864141514,1949.1999162408008
5946,100,788856.5110536641,4513183.681818962,1350.5917541771848
5947,100,788747.6319355207,4513373.726996157,4288.365990481199
5948,100,788890.5020401537,4512986.261898432,682.4930098307656
5949,100,788908.5571915109,4512778.316956761,2064.6548483797774
5950,100,784952.36014006,4508473.5855585495,964.9721517862109
5951,100,788707.9027837507,4512416.286653132,990.1930362934002
5952,100,788565.1642336939,4512312.080651567,1274.2461531539257
5953,100,788424.8508524813,4512257.004350412,1316.4738462693936
5954,100,788270.0688911062,4512199.1375747295,977.5108620978768
5955,100,787934.4390285328,4511992.227262193,594.4790749583271
5956,100,787693.3516829954,4511747.341147615,1233.5057011268245
5957,100,787610.2101597622,4511636.064420488,2473.849021587036
5958,100,787499.3711702903,4511513.492022182,2160.7997110756905
5959,100,787306.1602203774,4511375.654771305,1354.5581046893774
5960,100,778280.2974119765,4491358.5095942905,5529.471786009473
5961,100,781282.1894763362,4499146.737797752,2310.6644335330934
5962,100,781238.2900441294,4498807.008794725,2743.963036320819
5963,100,781593.5340619714,4498308.614572729,1360.8259079332602
5964,100,782444.3128744208,4497270.17893699,7984.81194562917
5965,100,781979.9583306557,4496561.081086129,10889.230952337244
5966,100,781780.8238936294,4495635.033603517,2037.840277523326
5967,100,780959.1237472687,4494584.180199002,862.0622951521428
5968,100,780318.5480232369,4494127.815098086,2064.596403358009
5969,100,779898.7846791244,4493357.39912958,925.2318351947641
5970,100,779628.367618958,4493128.0003741225,1418.2178532798944
5971,100,782019.911184709,4502916.956193519,2565.2884100335577
5972,100,778139.8333062244,4490776.366962399,2068.2734636744935
5973,100,777221.551483756,4490500.804153313,527.3523594738753
5974,100,777112.3378871747,4490378.727978748,1672.627032103763
5975,100,776373.1022092004,4489987.120296529,3900.0304898869117
5976,100,775767.5389337544,4489562.191689401,2221.4854160061604
5977,100,775037.3931005171,4489273.259004959,860.4432412574179
5978,100,775025.0484475867,4489075.930098681,1747.978914975588
5979,100,773775.5457599285,4488006.76876626,830.8888676230232
5980,100,772996.8378431855,4487783.664866866,6568.1272031424505
5981,100,772799.4698976087,4487183.765301937,25378.01554592174
5982,100,785115.2663284447,4506560.146854328,1204.30548250831
5983,100,784942.6110843016,4508357.505245769,1577.1435962675243
5984,100,785064.4375538304,4508134.463413079,1591.4353688412089
5985,100,785694.7740420367,4507503.634214978,872.1595279897728
5986,100,785656.4214131467,4507643.377885309,702.5646915567087
5987,100,785741.5318786418,4507330.808399096,821.1907388290497
5988,100,785847.5359252241,4506820.7442759555,910.6148527077522
5989,100,785825.6378240169,4506986.751774795,351.962056883972
5990,100,785600.9498510581,4506476.409466043,748.5294374324538
5991,100,785385.128366186,4506527.493317034,727.7955657549428
5992,100,785525.4642404863,4506494.928740818,763.4422989635873
5993,100,799428.0049739742,4530654.057428503,135.137028434352
5994,100,784884.8631028183,4506472.369389893,973.1772774659938
5995,100,784676.6410423346,4505895.223267203,678.8000550455299
5996,100,784733.8308963416,4505431.048748934,2588.2823022765115
5997,100,784491.134407128,4504996.8255329775,1197.0446680041814
5998,100,784148.4729055176,4505046.140778525,1647.8601060899323
5999,100,784317.1519998601,4505026.188058807,2505.483387680375
6000,100,782794.8688666982,4504465.890847484,1315.1306311632686
6001,100,782600.556781103,4504302.484308483,2092.8939970321517
6002,100,782389.5828083166,4504116.372328157,2720.1630820550627
6003,100,803020.2013987335,4553317.618545114,2037.4980802937982
6004,100,803236.4776574718,4548986.576545442,838.0967447878643
6005,100,803458.7741380935,4548879.185712719,1153.6089533743204
6006,100,803702.5442654755,4548849.184388959,797.8824644799049
6007,100,803935.9972720088,4549544.306913904,825.0935313005584
6008,100,803755.5959113096,4549691.512920177,1575.4394995054165
6009,100,803436.9911213233,4550123.038793549,1280.8495917593511
6010,100,804147.7825029943,4551383.137828934,1197.2307499278138
6011,100,803771.9994235634,4551392.121327367,881.3450102177504
6012,100,803579.6206985004,4551610.57915846,3079.312885139753
6013,100,803285.8952077329,4552118.774390426,1181.5389142169222
6014,100,802539.0853757008,4548994.572735081,981.702227384382
6015,100,802546.6659814374,4553846.193196101,1115.9456307277342
6016,100,802503.1912340655,4554495.762716996,2218.593460618588
6017,100,802019.0913949626,4554736.892672587,1769.3065614329566
6018,100,801745.6075303768,4554870.113413557,858.8951579578119
6019,100,801724.6704834271,4555004.176658073,889.7390801083131
6020,100,801695.676973349,4555366.479516936,839.6913463681593
6021,100,801606.6278036986,4555572.7131993035,708.2693632491832
6022,100,802703.8066805353,4556209.759100394,1105.4352021280438
6023,100,803043.8649857974,4556170.175258746,959.6901035499676
6024,100,803329.9861732073,4555303.820719706,866.7240532444305
6025,100,802982.9001398215,4545650.7608980145,180.12565729348051
6026,100,800881.41210487,4544971.947203254,1120.8435943691402
6027,100,801012.8602818949,4544856.249387942,535.6117556927563
6028,100,801186.7972850717,4544803.631670173,594.3630682776791
6029,100,801409.1887806752,4544710.895002999,1180.490015611141
6030,100,801577.5406384728,4544718.206173813,896.4108185329711
6031,100,801825.5368984888,4544828.493721658,700.3441655463039
6032,100,802040.3174124969,4544864.849033453,383.0572187994084
6033,100,802266.0946577451,4544953.649744077,276.19897512448017
6034,100,802441.2360357966,4544935.621818786,619.10558461035
6035,100,802581.3431422188,4544897.423442043,1475.8096673593386
6036,100,803482.0108280008,4554557.165263642,1330.9357228319718
6037,100,803090.1577859691,4545823.931127873,552.6797433023415
6038,100,803408.2630519221,4546141.832957938,1306.4503996162377
6039,100,803325.5334039375,4546495.841725771,947.6334715492127
6040,100,803422.2597310464,4546977.025568775,1096.2999700408943
6041,100,803331.4796706269,4547023.474013568,319.00010531748984
6042,100,803034.0826751199,4547122.052749571,724.4485126076258
6043,100,802890.8039096902,4547260.715198503,909.7279278394496
6044,100,802883.0312930973,4547807.723827325,446.00467204864486
6045,100,802624.6827107815,4548264.984433822,2499.089943442811
6046,100,806149.2819793661,4503185.431750881,258.34452003998
6047,100,812529.6627228158,4498936.032311861,30.813456750374673
6048,100,812416.7444260746,4498883.691429616,43.44368435641512
6049,100,811915.6485977634,4498654.952072027,601.1495889996056
6050,100,810951.6713056517,4499635.387294453,121.85812529506971
6051,100,809939.6677653709,4500409.127425026,250.38287475489935
6052,100,809718.9324565704,4500801.50569528,103.61075251711245
6053,100,808691.4011097932,4500987.791813151,93.35427449682282
6054,100,807791.2488095697,4501281.03717133,492.13710210752726
6055,100,806541.196872517,4501900.8888633605,134.84098975968246
6056,100,806513.1360294205,4502074.340780294,145.9069301842654
6057,100,812682.1393637855,4499033.247625857,102.07052122670976
6058,100,806076.7018448436,4503301.492309205,253.85834093595454
6059,100,805738.6105858984,4503992.2968186615,258.3886811960489
6060,100,805607.0949709223,4504990.607500109,328.45074540618
6061,100,805394.3055236642,4505559.611263019,466.3882720963412
6062,100,805278.7586764613,4505710.239901371,626.9092619092903
6063,100,804715.1629007055,4506066.245265976,132.33126900165183
6064,100,804361.7345786975,4506498.082302952,82.29229472332025
6065,100,804128.1360682021,4506813.542824668,57.95717519446739
6066,100,803890.0334714564,4507404.087855504,74.01582634046892
6067,100,802127.78270375,4509883.07269241,133.0678236874912
6068,100,806342.6285651447,4554369.739275046,779.8857178368238
6069,100,803816.094192846,4554246.712887576,3102.2245721087015
6070,100,804182.5839780627,4553946.353047314,1137.8479989596408
6071,100,804326.89555845,4553688.084564692,1365.951780550493
6072,100,804240.067756508,4553469.0853879,346.416371939772
6073,100,804302.2134721046,4553435.846984637,964.4896428032764
6074,100,804529.5366851792,4553406.072377522,2127.577798662344
6075,100,804984.7106492341,4553444.3268809365,543.4894926541415
6076,100,805488.962839314,4553664.725473344,713.9359300660304
6077,100,805913.0844779481,4553990.492990919,964.7953961213071
6078,100,806126.5726628876,4554155.388644183,703.0218542482309
6079,100,800694.947147544,4544995.985274703,510.5065394837252
6080,100,806370.5154484038,4554514.672586678,592.1285063574113
6081,100,806293.257685934,4554799.353518452,955.5225315488476
6082,100,806227.9720286108,4555156.009206258,836.1406569589469
6083,100,806196.2680027884,4555524.783157749,608.6938638659548
6084,100,806274.0221202581,4556394.116273453,2514.8068970738213
6085,100,806186.727984681,4556766.365680169,1272.1359712407439
6086,100,815356.743502896,4499440.205704707,55.737241564073315
6087,100,814700.2995936965,4499823.18398273,37.25801833346705
6088,100,813067.9722717105,4499028.987125969,253.02339108220104
6089,100,803126.9850963794,4535915.257724379,6161.583398078181
6090,100,802433.6469383194,4532430.939433173,232.20474835595482
6091,100,802681.7677508543,4532541.727254143,624.4023087736238
6092,100,802854.6591459763,4532751.077000264,264.4430391124608
6093,100,802512.5569963212,4532790.671723215,1297.5092717041114
6094,100,802473.5784236041,4533659.683626965,2314.6769655791736
6095,100,802259.3757640104,4533999.8862450775,1133.7270781420382
6096,100,801880.8488376603,4534642.461149751,2716.2579120379496
6097,100,802106.1353835698,4535178.167652176,373.5861626455606
6098,100,802498.8639005829,4535366.832814037,736.935289339307
6099,100,803171.3948716817,4535588.515254546,1539.0973510488193
6100,100,802155.3946580627,4531896.798676207,1055.4622658342607
6101,100,802784.5677489202,4536524.474642738,550.986669043998
6102,100,802312.9163212687,4536637.613584153,2819.520820522468
6103,100,802387.5461729183,4536903.250365107,2164.444692816115
6104,100,802217.4082260643,4537249.868652721,1325.1832030530984
6105,100,802145.3172202831,4537729.561291315,983.0287654305007
6106,100,802227.2149840264,4537891.69232851,1043.0884214526498
6107,100,802539.8987782114,4538358.339922448,1180.6993197624258
6108,100,801532.7670995477,4539041.260858029,1077.1600622201156
6109,100,801616.6073369401,4538836.522386017,778.9876768011202
6110,100,801422.237864762,4539569.949532414,231.04325264598702
6111,100,801236.735197781,4530223.17129317,407.79524572399043
6112,100,799580.2089991566,4530698.413473225,485.7256403965656
6113,100,799803.2053203614,4530545.749368239,165.53972995930235
6114,100,799892.1096725649,4530486.02611181,331.92382951965567
6115,100,799973.6503705899,4530389.421218682,127.71644768821668
6116,100,800045.7580054363,4530351.869741856,249.4131885116075
6117,100,800082.4764969012,4530296.61685455,127.64268755655502
6118,100,800191.5688947586,4530265.787701136,149.74248635932884
6119,100,800505.5864101108,4530289.682197121,138.65353174456553
6120,100,800665.7911770119,4530415.668325124,327.06260143839904
6121,100,801119.3238189254,4530303.235091224,216.20333724652326
6122,100,801665.399272086,4539969.947920612,537.023858511994
6123,100,801412.3295178195,4530404.1520914445,200.80121888468113
6124,100,801266.3416120464,4530702.096422548,1085.6384006146213
6125,100,801229.1960250486,4530804.101958281,693.1413979765252
6126,100,801354.4387276582,4530997.981347069,1827.3049208346497
6127,100,801567.130459555,4531279.271298864,1086.7892685922438
6128,100,801606.2541791697,4531376.477649863,152.6505958494073
6129,100,801959.3442221886,4531523.981633056,1383.7461517343718
6130,100,802143.1396739734,4531478.011447072,337.37389077450894
6131,100,802283.776032899,4531573.4273370765,191.3142516786924
6132,100,799872.0772488804,4546131.770664862,110.26168001071733
6133,100,796523.314911936,4543910.724938341,1691.0179932985575
6134,100,796581.1330961937,4543494.111999562,1163.8495827652505
6135,100,796588.8857533425,4543279.100534273,1378.6690634744464
6136,100,797114.808942684,4543559.7944594165,2101.8984024850206
6137,100,797469.060493523,4543730.6949945865,429.24750729263843
6138,100,797810.0896376546,4544297.878255037,947.2395194237656
6139,100,798219.4554892051,4544572.08882041,629.3936375931145
6140,100,798428.0494705123,4544750.318574474,591.2124062920674
6141,100,798377.029769697,4545138.341411804,684.9428288431077
6142,100,796276.5337063841,4544203.89489064,732.5925068080803
6143,100,799979.2788389013,4546210.770505935,140.21843434245326
6144,100,800153.0747306398,4546254.956127202,532.5995440427608
6145,100,800230.8303663372,4546171.257942183,388.60322349402634
6146,100,800380.9788621201,4545893.534410359,535.9501507490422
6147,100,800344.538422805,4545680.778618432,417.82146983868813
6148,100,800272.7254202464,4545444.817524417,73.06981172536965
6149,100,800301.043981499,4545329.996971724,347.2169591873246
6150,100,800357.7680602276,4545279.283228598,189.67242435598115
6151,100,800532.3050450317,4545141.580071905,509.2410759290193
6152,100,795220.4287801242,4540615.591995605,8095.578779531682
6153,100,801638.5881099416,4540367.579451626,446.2197878214165
6154,100,801101.9407101921,4540666.524312394,1665.6677702581335
6155,100,800043.818281719,4540470.473868785,1139.6508830426515
6156,100,799595.1040656705,4540624.41372112,2126.1880327102444
6157,100,798379.4601569354,4540746.556593116,1481.2439926356462
6158,100,798116.1763834169,4540779.323659456,2069.9520682898215
6159,100,797915.056240374,4540870.1274309,2775.7364999331844
6160,100,796772.6268187747,4541482.620438124,1258.3704101727074
6161,100,796550.1454559866,4541491.581873093,335.44053172637484
6162,100,796239.9135141919,4541388.930729288,974.0530523047923
6163,100,789522.1730470934,4514625.414051241,451.4115583589368
6164,100,794683.9669684366,4540734.097456094,4505.714925655006
6165,100,794879.1812030252,4541379.203137382,1469.798481757367
6166,100,794718.8693162599,4542089.40815099,1389.1046571981776
6167,100,795239.996684063,4542377.9411879135,1255.960603033709
6168,100,795389.6171187503,4542442.490637812,1185.6312252355106
6169,100,795417.387127163,4542805.133050676,1719.6394236142103
6170,100,795512.9813554548,4543674.680018134,1793.6808312862483
6171,100,795557.9277823447,4544107.882962346,1050.4335023944598
6172,100,795964.2643874064,4544350.8576351395,753.0661957936464
6173,100,802860.8903290974,4547935.547740517,2433.594193767365
6174,100,803549.4437166251,4549828.120482585,1213.8015208313461
6175,100,803480.644996842,4549908.611094636,919.7926288024912
6176,100,803655.9152924722,4549745.935787569,2718.629976083006
6177,100,804020.044830527,4549406.13256664,2171.2970218075666
6178,100,804040.0058863822,4549308.731874304,1826.5647972353013
6179,100,803990.8741921689,4548950.096607445,1237.9116877445833
6180,100,803373.4084022557,4548920.161687127,1571.9870522989427
6181,100,802596.4287530592,4549060.682170656,1129.7331337489525
6182,100,803443.8545257057,4550353.509970585,2427.1122776732386
6183,100,802974.0503262306,4547174.881281446,1241.5401990058867
6184,100,803345.80174263,4546756.837695616,1716.2231907353184
6185,100,803398.6277087488,4546235.424682463,1667.0491742674046
6186,100,803358.4289156144,4546037.147211029,1055.6714620341074
6187,100,802862.613057202,4545431.398423221,1212.9169102169813
6188,100,802765.6043607189,4545120.360057174,852.2751918441824
6189,100,802629.650277172,4544897.244286412,1478.180844166957
6190,100,789479.9450591012,4514889.954286976,1370.1007699172778
6191,100,803587.2723393551,4550669.937528701,1837.0419112207812
6192,100,803840.8129367128,4550895.501190627,2411.0487262987126
6193,100,804037.7052206284,4551051.396851728,1992.535749535913
6194,100,803422.3793527626,4551944.869304078,1737.3453720718373
6195,100,803356.1278855286,4552044.404504922,1893.2816357188296
6196,100,802873.7721812307,4552252.182331541,2036.3856688863002
6197,100,802993.4395369245,4552640.097429887,1479.7546486408946
6198,100,803146.7374932826,4553071.754824854,2859.2373986404314
6199,100,802617.813476591,4553301.355798374,1445.6439794021026
6200,100,802487.2844320042,4553603.251846136,710.2142090474656
6201,100,802534.4126171882,4554081.353719602,3262.957887329505
6202,100,801876.8001454493,4554791.610979858,1207.5823820459257
6203,100,802231.4275670194,4555832.404352482,810.9466569496443
6204,100,801864.2238202569,4555715.65980545,986.9015413165455
6205,100,802440.4389932902,4556047.727216521,1355.642505555331
6206,100,798158.4045328368,4545959.6711184485,569.4026575345067
6207,100,800321.2584055637,4546035.461490669,467.84567509494957
6208,100,789091.2690747407,4515209.514433046,346.8570249638121
6209,100,789084.393201502,4516193.886482183,796.3301442456386
6210,100,789595.6769803533,4516559.910365038,279.4100223499061
6211,100,789341.9174839008,4517588.654656915,203.39829451111908
6212,100,789029.5390354266,4517806.084087711,389.4553493205735
6213,100,788985.2981633313,4518272.725137868,273.6040175649087
6214,100,789508.4402959958,4518793.021756696,855.6794943322404
6215,100,789789.5147099023,4519021.278257582,508.19217951903727
6216,100,790524.9335681447,4523217.619329295,600.7271681534655
6217,100,790773.9370516314,4523627.999584228,639.6279621230765
6218,100,794741.3406572255,4540966.031310018,939.2091260710538
6219,100,794962.1008130367,4540523.274878765,851.9666442967294
6220,100,794915.6102902783,4541611.877335683,1529.6019633699855
6221,100,794825.7589736441,4541833.153640666,994.0804793727962
6222,100,794844.120027253,4542261.912660661,216.75831636637656
6223,100,794742.8061988055,4541961.329802404,569.4985349506879
6224,100,798238.1741861646,4545423.094855869,1330.050413176688
6225,100,798447.0867854374,4544920.846784568,1094.2700555869476
6226,100,798404.4545352419,4545047.996226768,1347.9329248513425
6227,100,798001.4244342269,4544458.311118361,1060.101018049518
6228,100,797611.5081552459,4543927.710918685,1249.7646176003987
6229,100,797280.3880575176,4543607.866101515,411.4476803630975
6230,100,796709.2333915146,4543290.879800128,707.6656503735894
6231,100,796463.098913748,4544059.791824019,979.4358271382143
6232,100,795593.0147348186,4544193.716468138,353.8908028374964
6233,100,795534.1278861497,4543880.283386162,393.0604421030993
6234,100,795460.2587330092,4543450.695678376,850.8482573618958
6235,100,795382.6938184419,4543176.36904918,585.9528239538676
6236,100,796826.345989246,4543346.367728099,654.5129635310981
6237,110,808707.2435125175,4528550.149945854,298.1480385866471
6238,110,812094.3916967349,4554769.317253315,425.77171849631856
6239,110,812390.472691295,4554743.84115378,2671.7171367671463
6240,110,821046.8461295592,4554275.589575356,102.9150592219633
6241,110,821065.6948715455,4554309.154822299,80.26877962405284
6242,110,790665.6029661075,4547585.025294653,73284.1604655727
6243,110,790622.5181554442,4547341.0228435155,49974.75965158212
6244,110,790511.5651008061,4547018.15997012,32321.22360474376
6245,110,780071.9912343842,4543428.599607341,46649.69782317194
6246,110,818593.1641036384,4549796.70563516,374.7597746087496
6247,110,793179.0704705257,4534936.868322325,1618.6344553143829
6248,110,793108.3068577107,4534948.549378211,231.55036718482324
6249,110,792356.1828393153,4535517.221069448,683.6198005721799
6250,110,792290.3429873731,4535563.425014336,356.9991078767101
6251,110,818267.9120606921,4550364.471061472,2459.875293851636
6252,110,818255.5536033446,4550288.173518103,426.2463219604589
6253,110,818502.081003917,4549727.774750851,1268.8395612262739
6254,110,818610.2196774713,4549832.309406916,600.1414395442436
6255,110,793225.4369580937,4512172.54896267,1461.2990571815712
6256,110,818582.7107719451,4549765.438612369,305.689946628403
6257,110,809589.5735875274,4553919.630869728,4587.236927820155
6258,110,811984.4650758483,4554829.794961336,417.3169456505111
6259,110,810533.5474221098,4520734.886175577,936.0041803677874
6260,110,810109.3531285989,4520515.649824191,403.6775774275868
6261,110,818767.842634662,4508869.45958084,2589.5332656620662
6262,110,806086.9400079922,4504052.7065710295,943.7611094468978
6263,110,806423.3829574586,4503133.333587255,7098.3268635128425
6264,110,805870.2013093036,4503336.378390447,1289.2133799628286
6265,110,779716.6370372479,4545121.264489901,2029.196408419351
6266,110,799947.9906962372,4539208.738326683,114.85776594531104
6267,110,788047.8580886741,4543776.194645326,565.690931574187
6268,110,798602.1234389116,4538023.944893016,74.70514981308499
6269,110,800484.469450725,4535241.2653483255,663.7060851427275
6270,110,778185.5914039868,4527913.030464206,280.4286592191038
6271,110,791157.6516980693,4536099.205350404,282.5492646073892
6272,110,783348.187476117,4553469.685848746,75170.44418536904
6273,110,783029.501066178,4553516.570554883,27608.993176154938
6274,110,784117.6403579138,4555842.845183084,24981.643823672144
6275,110,784039.0833443725,4555672.142524443,30170.74811743701
6276,110,783892.2594710223,4555564.028426777,6586.469976110633
6277,110,783493.4422043806,4563068.638749328,2108.0439677366658
6278,110,783327.8040665183,4562987.844676161,758.1339772623821
6279,110,783276.2527712572,4562970.440996595,741.4344871675426
6280,110,792078.7054514705,4535632.870384049,1384.207201690703
6281,110,785255.4436835637,4536715.113326606,8861.180917535032
6282,110,785077.3594345989,4536492.440931305,39875.79331641149
6283,110,785257.1326703336,4536547.538824997,12045.398828341426
6284,110,791132.9109617887,4536212.314325843,432.983479392421
6285,110,780571.8905244281,4543781.599895742,19769.351946002935
6286,110,791682.2088269643,4535747.078750142,764.5021377909334
6287,110,791731.0165103496,4535734.724670008,415.733059326806
6288,110,791570.9973721028,4535758.009013653,291.3937047292773
6289,110,791533.7096705443,4535779.5024069045,422.8000601931771
6290,110,791447.9068723415,4535834.222432791,329.0159379721349
6291,110,791759.0117712675,4535672.11957262,585.9284616450713
6292,110,791917.3134898336,4535696.333490002,557.3986279988169
6293,110,791982.5473836778,4535669.938094522,1075.3846197034002
6294,110,789110.3806112957,4528738.445247169,3391.732696836588
6295,110,779509.510255,4556897.243787112,110.06542656952834
6296,110,786885.7124698111,4527607.312289628,2267.1629379963656
6297,110,793245.4575231987,4534872.397636052,1363.2187907318767
6298,110,793361.7647227026,4534908.915671371,170.7041747385972
6299,110,791151.5417917164,4536550.968615285,411.8546679330961
6300,110,791124.334145796,4536767.389129238,6812.951794336866
6301,110,791148.2779115983,4536680.050465937,2490.196323522954
6302,110,791124.9639678901,4536888.479302908,1055.6539183105215
6303,110,786791.8444693291,4530173.597895014,156662.2279843978
6304,110,786719.0215595178,4529757.327350601,94502.61357738121
6305,110,786621.8438417889,4530400.361684968,55938.32253308945
6306,110,789150.2099243001,4530838.057164347,56153.44917526867
6307,110,789595.5403088009,4528858.195379953,5730.6046765191695
6308,110,789200.4126697584,4528761.409819931,3301.157152892959
6309,110,780067.3555393295,4556645.0841024,18.27559525751544
6310,110,788867.3297585681,4528646.479847149,4479.563657212892
6311,110,787160.2849584636,4527485.1426767055,2311.7413163221204
6312,110,787030.0350210747,4527657.053921424,1245.9355895248957
6313,110,786967.601724459,4527633.984937532,4053.5001872293215
6314,110,787379.7907928819,4527324.981050606,2216.2083277120623
6315,110,787506.4008765859,4527338.14944937,13024.493395244737
6316,110,787868.1293136602,4527536.595221766,5341.710267036971
6317,110,787751.1913341323,4527445.942522751,6371.507181628045
6318,110,790756.8361523683,4529533.628441741,1053.3227296417954
6319,110,790105.959417862,4529043.255079993,108.2379408232107
6320,110,790121.7543172903,4529055.37792166,109.10384041660471
6321,110,788821.2471777962,4528575.2744384995,676.6282291513685
6322,110,788996.8940600617,4528705.334488876,2552.0200176406256
6323,110,792432.4878244948,4526561.533518475,96983.81672475563
6324,110,780257.6332261678,4543125.877171599,28823.22162219981
6325,110,780423.4333853093,4542930.662923453,7138.729969976115
6326,110,796733.6143732978,4529050.085239912,1170.4365855260194
6327,110,787138.214165205,4527550.9031432215,1356.2114763267055
6328,110,787107.0344388338,4527613.14897823,919.9724940097703
6329,110,786179.0356471161,4526467.346896861,6484.552421898969
6330,110,785808.2165519111,4526222.47497217,3125.081463746065
6331,110,785849.6028075124,4526255.322072972,457.91523514901326
6332,110,785683.9813278781,4526142.288591479,6861.17077588455
6333,110,785657.3526771396,4526043.570206595,5546.9071465010165
6334,110,785766.6688940936,4526152.535195045,1824.1153792513942
6335,110,792057.5129053377,4527212.424020965,75613.33910443218
6336,110,792079.7440396075,4526824.785930541,88454.90513378465
6337,110,820708.0596657573,4553075.072327037,11124.557096416356
6338,110,792612.7982459641,4526234.1632042555,87441.67068267755
6339,110,793686.0689897209,4528047.150732534,5016.549891868625
6340,110,793265.4463331223,4534904.686228252,672.6614489374201
6341,110,794213.832360949,4526726.781430904,212.24238993314285
6342,110,796907.0279733062,4535629.62989463,35947.07629570652
6343,110,797170.218845016,4535661.489584225,16331.955766189152
6344,110,797564.3060751344,4535470.109942276,11040.079984587144
6345,110,797776.896826326,4535417.585816254,4806.213434362513
6346,110,803289.4846735297,4534181.803420413,18851.344471825578
6347,110,782581.6051826568,4562878.1748390915,4207.795082711355
6348,110,782533.4514643432,4562829.976739369,1697.4716247611932
6349,110,782381.8389238835,4562701.2211918235,2577.980430281964
6350,110,782261.2427453187,4562706.243766516,1750.8136382031428
6351,110,788523.1835481268,4512805.828713561,15471.043736354104
6352,110,786463.6470599737,4509013.822319424,7233.522809358256
6353,110,786037.0975658728,4507513.8779482,1645.2330280410883
6354,110,788665.7668416364,4512903.776673452,3081.7939114098613
6355,110,786326.1618990344,4509943.740700879,28444.21289773723
6356,110,786501.5404099846,4509859.330734554,14638.686062548615
6357,110,786120.5671875328,4510710.424158122,54617.282634185685
6358,110,786112.0172851976,4510499.09575509,17445.170968151346
6359,110,785393.7691883278,4510978.057704689,11953.343979624458
6360,110,785557.9063561211,4510943.938426531,1260.736988838405
6361,110,785755.8996311806,4511398.79070723,12293.639454902766
6362,110,786613.48657773,4511323.964570613,1311.059946710978
6363,110,787369.6255892016,4511568.097516302,11217.029591835124
6364,110,788743.1146993042,4512306.983143607,3610.057266549868
6365,110,788655.4355166284,4512250.5676262835,2510.193761991087
6366,110,786735.6605920682,4509046.068685638,13690.208834150606
6367,110,788574.9929867069,4512591.413438724,6313.223189572436
6368,110,788484.6834688653,4512694.119279876,7509.492578019103
6369,110,780377.2336465509,4518341.3173204,1372.9407833566086
6370,110,788625.1014269467,4512974.132752761,2039.5763952127586
6371,110,785603.029510445,4507370.039274609,12152.33469073326
6372,110,785471.4914873271,4507344.873981932,23932.34783510559
6373,110,785674.8759767712,4507140.668248847,9578.774527203139
6374,110,785543.8035409751,4507087.76400893,8589.176607650963
6375,110,785752.0811519941,4506912.030771732,5200.479553859346
6376,110,785696.0868065156,4506819.555602486,3830.870098303748
6377,110,785454.595564085,4506753.571027303,3171.361077858171
6378,110,785504.9060294074,4506601.550833234,7339.879310886128
6379,110,785657.1730404105,4506587.514829902,4431.185232475501
6380,110,784436.2369805026,4505390.346989595,26204.429016350558
6381,110,784986.094242827,4505432.602097943,295.1352124559459
6382,110,785292.3939629908,4506331.512712166,2428.576760521476
6383,110,785167.5664779168,4506272.916123551,4660.569400988723
6384,110,785181.0699999221,4506206.36962322,1308.7257269732097
6385,110,785098.1685466656,4506086.743750094,779.7229082783836
6386,110,785001.5708850749,4505920.922096871,745.0585363369428
6387,110,784988.5500994251,4505743.153463369,547.9921332979051
6388,110,784906.6632783784,4505786.339110314,5637.170133209049
6389,110,784922.7345426854,4506058.3647404015,4640.631409873992
6390,110,784830.4932758276,4505932.075407564,7410.825547187486
6391,110,784783.9709309185,4505816.026132366,1543.9310421498699
6392,110,784332.5661487015,4505209.191596045,25792.914188355164
6393,110,784116.2710441548,4505178.419577797,4308.546413751635
6394,110,795251.8484867925,4538217.377319479,165.9612202308949
6395,110,783691.8512501176,4504897.501424247,11090.332084358888
6396,110,785200.601913162,4506472.510324315,5272.647951412462
6397,110,784803.539907677,4506243.042535604,612.2409726370693
6398,110,785070.8312278349,4506294.809485118,504.81378437424485
6399,110,784775.7436313382,4506485.080297878,2467.1334603443247
6400,110,784980.9396026556,4506662.926835993,1649.8975076297825
6401,110,785358.8327516483,4506949.886670958,1458.5163866231512
6402,110,785267.0127075308,4507059.252955925,1474.095177043734
6403,110,785081.3577582358,4506920.540390038,5237.446514113846
6404,110,785046.0460179829,4506825.332396437,6571.749853032525
6405,110,785210.2397128998,4506838.259031209,575.0302804496317
6406,110,785172.7870136066,4506760.196303134,1026.731438110311
6407,110,786348.4552757038,4508685.350863773,61866.12461395964
6408,110,774817.9004453764,4530920.211554408,1285.113127931438
6409,110,789819.6345141312,4479579.0691056,401.3057179077099
6410,110,791802.7356280133,4481858.327323323,231.4252152698252
6411,110,809002.3568993764,4497323.035348411,12702.71908766887
6412,110,814095.2774934423,4499392.84905041,44.348786525315276
6413,110,790498.2422096251,4544569.965158696,202.26761460521874
6414,110,785312.4846590149,4541390.379361231,1256.2463383297058
6415,110,785291.2250409798,4541342.031338452,452.06417006417894
6416,110,785321.0275065005,4541303.73321983,207.7757036359318
6417,110,786248.7818766679,4540000.945359395,491.9770644115663
6418,110,803087.9634398272,4552093.637562323,5884.796905685589
6419,110,803025.1578875985,4552017.249741638,2900.992279160635
6420,110,775064.8293657514,4530509.987356624,32405.6270342774
6421,110,774902.6165092711,4530761.873363268,7920.992248179356
6422,110,785339.9010449279,4506406.407180732,3823.9834202446773
6423,110,787355.1073594111,4537201.476219004,12855.89727985096
6424,110,800009.1023822424,4550715.135493165,450165.18240583636
6425,110,799547.7595220954,4549899.451147792,336722.88147473964
6426,110,790486.9706513195,4544734.75745052,521.7274447305125
6427,110,790489.7259458385,4544616.667752008,226.28024156512535
6428,110,786514.8885821467,4509318.067875232,40995.81130757967
6429,110,790442.696122011,4544720.186711454,221.26267557435696
6430,110,787989.5448591092,4543707.451785053,438.62707960453827
6431,110,795892.4843694642,4545912.785060815,59.333392385822414
6432,110,799481.8646236752,4545941.774717806,234.8525448967154
6433,110,799453.6084830371,4545939.52734477,50.265690800258696
6434,110,799511.6554698573,4545927.367916217,112.13966257373971
6435,110,795300.6968376751,4538229.270746891,48.46634387719866
6436,110,799177.1371211698,4472978.157217334,624.3542276535354
6437,110,785423.4183567711,4506648.435746776,1937.8349611811375
6438,110,785480.511901363,4506390.371965853,428.6272909591369
6439,110,777192.5480517745,4479252.8222265495,1827.8877166751984
6440,110,778250.2874559079,4527933.5832848,584.7252885033763
6441,110,778273.8196346655,4527893.540019986,597.6159421740103
6442,110,778679.6899723967,4517645.971653757,304.57067011729254
6443,110,789785.4905268576,4479525.42697161,658.2355316173694
6444,110,778675.8881516686,4517604.37809734,214.69003322905445
6445,110,778644.9820147362,4517638.021545742,130.8525407134433
6446,110,774075.5630543573,4519287.806483155,934.7671076419407
6447,110,774127.5127055366,4519320.984142764,496.29930498775707
6448,110,774168.9294847221,4519350.385838813,380.90848282674665
6449,110,772103.1556664865,4521371.780603269,475.89925444161884
6450,110,772142.6508625037,4521384.767878653,351.92922119156634
6451,110,789061.3121974643,4514289.62267018,112.10764317886921
6452,110,789093.9524252,4514349.660350363,136.0238371873947
6453,110,799286.9127177311,4472870.621465454,1557.6183673777261
6454,110,799239.4079001603,4472981.847587787,980.3824938534626
6455,110,799079.6951959891,4472934.002301479,1425.9902314599842
6456,110,779639.3432786091,4480025.48727573,101.33055876018803
6457,110,779647.8081573826,4480056.254737567,118.43089532099374
6458,110,777278.4431836744,4479238.54136959,1811.584675519096
6459,110,777226.3642054064,4479129.0539363045,2035.3960489206906
6460,110,778219.0784288569,4527889.335172965,651.8170530007154
6461,110,769310.4039551583,4476263.840393043,528.9583016817297
6462,110,769472.6068116045,4476106.20655944,1209.9789759778253
6463,110,777195.0548514234,4479336.764300035,1006.2961346505705
6464,120,791673.1965743242,4560270.928443132,2001.2159885468895
6465,120,782208.425478135,4562669.957638943,3080.115248756816
6466,120,782504.3166733567,4562678.1832867805,3363.371350253205
6467,120,780724.7134354531,4562296.544108443,3753.969584937206
6468,120,802386.6875823197,4526192.002819435,14079.882322995778
6469,120,814480.2534769629,4554298.649652121,3896.518584004367
6470,120,815070.9128826337,4554164.833409195,1818.5007605244562
6471,120,800896.7378331341,4550825.535821177,3211.693983796704
6472,120,799554.2248012311,4551064.064285348,1916.9748291354679
6473,120,799321.9537773662,4550475.88703443,4290.57913493578
6474,120,799169.9421842104,4549697.219032713,3977.7254044391916
6475,120,824485.4213380764,4505504.735967729,1570.8677367634195
6476,120,824255.8262296775,4505379.370171169,1185.4352752790949
6477,120,793458.8213839119,4560090.769009181,154.12013837864282
6478,120,794325.7715067312,4559531.026049995,270.2856573015378
6479,120,794444.152803463,4559835.96872248,9895.535924339541
6480,120,799359.5596044849,4548432.734016045,2187.233853591206
6481,120,772708.9666235877,4487329.614024359,995.5070527390386
6482,120,795409.2301870177,4538685.166029988,940.1927992580424
6483,120,801851.2217034289,4536414.474820751,860.9758748458281
6484,120,778417.038398573,4509633.546152983,1252.0304067351155
6485,120,789254.7576102682,4514874.145851879,5097.682061951336
6486,120,789601.4240592308,4518732.910505264,2907.0262221045245
6487,120,792556.6194194347,4527107.850647394,3546.0130632534256
6488,120,792740.7892282504,4526037.755648796,2740.189627553728
6489,120,791795.8898108155,4527408.899696944,4454.433540846267
6490,120,800692.8594397221,4551139.762152168,17608.091532985898
6491,120,787096.7169515474,4530453.125890428,15363.465669822806
6492,120,797588.717737958,4545160.28312767,7563.406794798284
6493,120,798145.8306475569,4545292.518487012,10103.284579031799
6494,120,800614.3146791969,4549664.044056641,10766.681701243611
6495,120,799151.0177887242,4548395.651077636,1179.0328539089764
6496,120,800019.6313716674,4550333.187707233,1192.5300681951187
6497,120,798940.3576474504,4548753.550588388,720.8542026067117
6498,120,800368.7707976168,4551479.308439226,3221.1818413059164
6499,120,788435.382689821,4561218.2146528205,1252.962688945432
6500,120,789575.6572073563,4514943.763824253,371.433418286643
6501,120,790200.8606613248,4495574.512496034,436.9764748673056
6502,120,803824.664021751,4547977.401747057,1590.1879867335924
6503,120,770358.2423306508,4485447.745263661,4576.8471820607265
6504,120,798868.8027203488,4550859.689772768,392.88043534676444
6505,120,785185.1030730966,4557917.564508221,850.1903843683558
6506,120,782357.8511767859,4562897.191922869,93.19878463291977
6507,120,791443.9071170001,4560340.913873751,1445.681108629692
6508,120,790333.3211336393,4520316.136662246,354.0531878224493
6509,120,784388.5950121883,4562348.518135463,280.97986256356444
6510,120,792283.8872534926,4527312.057364657,3689.2772012265987
6511,120,785872.9517801593,4558886.669017217,3051.557978987954
6512,120,785606.2246302846,4557780.527928044,1214.1579068671563
6513,120,789661.8261832625,4560739.466456417,4649.983220547605
6514,120,796863.2893442307,4558168.788839571,606.8163807448122
6515,120,791959.8586779142,4526473.644900384,2436.0290854568652
